msisdn
255755755378
255759773075
255744823362
255769428172
255769988808
255744273800
255762150335
255759705174
255753971911
255752995036
255742166941
255766241477
255743342415
255744926449
255743539958
255767753674
255764198518
255745937696
255742324524
255764663935
255747019751
255743806982
255744776275
255769957098
255755159583
255755172286
255744296755
255762222264
255764980618
255768959485
255767152481
255743861410
255758097136
255758662802
255747189215
255747870607
255766539001
255752599464
255768925729
255753380017
255744830807
255765423546
255768403190
255754407109
255763512278
255748250969
255763167085
255748060644
255742452423
255766805550
255745185790
255757259725
255762977533
255763834997
255742236442
255765576668
255747971341
255758259603
255759970049
255767765869
255769471016
255764332967
255745864987
255752289005
255767113233
255755780457
255757384011
255752514397
255743608952
255747819732
255746533060
255765855183
255747190612
255746471030
255743559961
255747081088
255752363154
255745206293
255752251215
255744395267
255766642216
255746307401
255759928522
255745859911
255768522626
255747113964
255767307910
255759030995
255758352450
255745308827
255769946648
255757507914
255762047695
255763867574
255763830867
255744317639
255756166007
255752119162
255762160593
255767923916
255767278905
255754502082
255752432351
255759947296
255768397929
255757804683
255747258483
255754931348
255745298097
255757641107
255746060427
255755331205
255766113642
255759211008
255747314816
255763298710
255752235425
255762678210
255742862473
255768526906
255767420797
255767110818
255744737390
255743327744
255743642603
255763342863
255762922183
255768263465
255766307151
255744251910
255745987400
255745011316
255766785620
255743116718
255752711740
255743565843
255757178953
255746035466
255758285589
255762607920
255769917513
255769504693
255747805654
255765849644
255745437981
255759193265
255762910482
255767138233
255752782146
255757017797
255769351728
255743729652
255755412314
255767779332
255745810900
255745241928
255742210071
255768291705
255765776259
255756658400
255746629814
255746451211
255762014295
255756934527
255762723143
255754384739
255766384906
255753369797
255742624768
255744028501
255766602904
255764282752
255744199844
255747043706
255758961074
255768176789
255746048233
255747018501
255758424037
255765835141
255747164391
255744121046
255766507653
255768694399
255743760844
255767979809
255745750944
255756491756
255767786583
255742832345
255763922623
255743856843
255753203692
255742100750
255769877334
255743797328
255766444224
255762183153
255762117750
255768010564
255748294959
255746965175
255747328224
255756181744
255759784060
255756834276
255746287797
255764397643
255748365467
255745957346
255744636980
255759370482
255768907471
255769364031
255762877517
255742912546
255762757650
255759692033
255754313441
255754363040
255764318177
255768774465
255746124994
255742338718
255743751204
255763932905
255769904725
255748458406
255756926534
255747294298
255759266887
255769787641
255744090591
255746438397
255766464908
255753989480
255747464716
255746742679
255764699706
255766302696
255769533392
255767246314
255754740435
255748011066
255742054524
255768664771
255747764191
255758324657
255752658798
255747337763
255752905948
255766498125
255767632262
255744543032
255764476421
255764886264
255744428570
255745174708
255747076937
255767857303
255765198361
255768197116
255742733685
255756740898
255764226104
255763930433
255764304662
255768915217
255754506597
255744911646
255745770931
255769048320
255756279860
255748265117
255753816537
255743862919
255748388815
255757974842
255745092167
255743585405
255766007251
255746656918
255745066264
255755966025
255765369713
255746686818
255765386242
255759539168
255755440604
255746699973
255768898455
255752291756
255742164617
255755266574
255748387330
255746575673
255755520105
255742684379
255757029734
255742920098
255766119253
255742220642
255744392961
255756962877
255743092509
255752680616
255753356073
255758294600
255753727476
255752844242
255744664702
255768583336
255746591099
255762017315
255762617734
255748365019
255747495123
255766100191
255746290067
255743587473
255747025634
255747774728
255745720872
255754922117
255757549307
255756403926
255745671922
255769741178
255762149696
255742676358
255762435535
255769237149
255759408464
255764866381
255746837274
255743294340
255765774792
255769279897
255747096899
255763359852
255764407630
255746412113
255742059406
255759667146
255759717884
255744852962
255765026361
255759013920
255758163214
255746886584
255759634679
255743949332
255752263868
255755153950
255743979380
255762726918
255767759219
255768912126
255763864524
255754684021
255744057977
255763357022
255744170694
255759752022
255762031698
255759672289
255747677196
255748312170
255759045951
255748767873
255758448949
255767228381
255766266206
255758590955
255746131737
255743164018
255745154614
255768343339
255756439674
255745503933
255762040875
255755345497
255758566118
255762979460
255755425030
255755659889
255746156260
255745191412
255745463488
255766209020
255746293638
255764230770
255752762199
255747661325
255765095829
255744031907
255742886303
255753528803
255766682066
255753461587
255759253456
255747775795
255755236642
255768009205
255763228651
255744931259
255763843971
255766152211
255768483476
255756340352
255756686045
255759973461
255763801202
255768831600
255757525309
255752481645
255762205676
255743958485
255758394567
255756686540
255765566794
255752254577
255766488836
255765353999
255764247327
255763443519
255768973560
255746436109
255766048344
255759222542
255766378263
255747833127
255768813051
255755473619
255744497589
255769614450
255756686156
255762152058
255744194885
255762926810
255754665369
255743639564
255757934938
255768187879
255762242682
255764432676
255758653865
255762648914
255759715888
255768035928
255759035030
255765536768
255759566288
255752269795
255744510675
255764068004
255757619820
255748125385
255746705806
255754473663
255747817717
255747519445
255744672011
255747505996
255753417990
255764867266
255746692965
255768554458
255759975652
255742159627
255765738059
255748747705
255758955872
255757806767
255765738254
255743186893
255745102539
255757417828
255757992027
255742989706
255742485592
255747068559
255758249737
255752690565
255743981807
255757758124
255765481446
255767670809
255744613482
255768266217
255753451376
255759958009
255746253833
255759305626
255746233033
255768381553
255769044218
255755676922
255759157833
255764145092
255758545306
255742169077
255746123588
255767314961
255743222698
255744725539
255753776009
255754595063
255768205735
255747708123
255744394488
255753446427
255766427182
255768323121
255755046562
255742664046
255756953331
255766004041
255748349752
255767182500
255742041411
255742775281
255765298646
255759679253
255768238844
255743788868
255744995118
255747556167
255764184868
255768005502
255768294760
255759236599
255768010568
255742954158
255768012864
255756844849
255746817928
255752598241
255762712993
255746343482
255752349261
255752631147
255757866122
255765940845
255757679203
255769144183
255765131641
255747386163
255769218290
255762031253
255758218542
255746638831
255746192483
255747667589
255746367920
255747471477
255743198267
255748232968
255762437119
255763365957
255752374790
255742814860
255759139580
255767654846
255763326945
255742928039
255762590137
255752831316
255753147594
255753174404
255744428898
255765410224
255756941475
255747090323
255762139106
255764831965
255756926201
255742392003
255748465779
255758678613
255745425679
255767618917
255746501016
255769479332
255766939159
255768138632
255752833393
255763191524
255752938530
255765307008
255753720670
255763121270
255744529679
255762262494
255746755448
255765146300
255766456035
255752151349
255752063726
255744687935
255762084902
255766814138
255768267056
255763285599
255765486698
255758117340
255769974950
255746254544
255747026418
255758093662
255743310140
255746970197
255757370375
255743608139
255746284444
255744065935
255746964824
255745402923
255747826897
255753446014
255759744185
255763714503
255763289759
255758952244
255764237361
255759756957
255753451718
255745311586
255762330939
255748321286
255758569018
255745435654
255766612298
255753456359
255742679982
255764843493
255762648089
255756255276
255744379196
255764691067
255743098307
255743551960
255743581366
255766087573
255757399025
255744128007
255746509147
255759079426
255742755058
255757485341
255762453947
255762037464
255745168221
255742850359
255757224364
255758041643
255744181552
255744795349
255759823941
255745232742
255759976861
255743929845
255754907461
255759698323
255747454978
255763347229
255742117900
255759365493
255769171180
255764029181
255755493927
255756577876
255745937648
255759929709
255764976157
255768666725
255768112901
255754512514
255743959635
255762420023
255742329427
255762947600
255769871235
255748414858
255757607506
255745938964
255742941419
255748368344
255756312414
255745482348
255748611324
255745711455
255757213106
255759868203
255769682643
255756018910
255768994581
255769320735
255746463322
255762787911
255743703334
255759651743
255742256727
255766352530
255765890839
255743756523
255768153803
255764377021
255758066818
255744362146
255745145986
255765047674
255742452626
255765479201
255766047073
255753856559
255757949486
255762056708
255757612659
255769386777
255766683133
255768408560
255748678497
255746097503
255743457763
255758754072
255757325379
255768957165
255767311218
255746594239
255753428551
255743722772
255759408085
255759580292
255766581938
255756592692
255765439279
255742750069
255743878605
255762523794
255758076045
255769554391
255769795758
255752034431
255764861800
255747597329
255755574822
255758093298
255747605913
255763813841
255764430538
255753358786
255744912953
255744279302
255765325612
255763786387
255747858965
255755008229
255763722418
255768921681
255756530239
255756254553
255763473863
255769204852
255769373378
255762959778
255765998133
255745186416
255769668465
255768737791
255742016001
255752761356
255745599300
255753844482
255745747378
255742981254
255744763497
255763987530
255759831136
255767315459
255766487648
255753424408
255756088637
255753027846
255764290253
255765180964
255765063039
255768979192
255763804339
255742044925
255745138471
255744256601
255743742210
255747688074
255759235674
255746741731
255758117760
255757172335
255758728894
255748295339
255753123630
255758600356
255763924286
255769143302
255758525643
255757246622
255758168736
255744876326
255752812682
255755809930
255742949711
255752786683
255747288787
255765304422
255748675884
255765900972
255746521091
255742784972
255767740452
255757349965
255762372486
255758058197
255764146669
255762728062
255758178418
255762704741
255766894391
255752911780
255768979773
255763002195
255763968974
255759497869
255764008368
255764919463
255755709817
255743789047
255767564069
255757481936
255748409344
255746951975
255755342237
255768598510
255765146309
255745871203
255756501589
255747819209
255747300453
255766772135
255762525032
255744788285
255747758046
255765714599
255763867671
255743962853
255753856150
255757040785
255763762703
255769238936
255743721020
255758428896
255763907249
255765947147
255753088919
255742252258
255746435579
255758377178
255747580202
255748307207
255766970570
255753834929
255759965343
255745632145
255764985449
255759005238
255753506254
255742694352
255746098862
255757094250
255759317188
255746500833
255747768175
255752478078
255743848315
255769505573
255743484775
255747608989
255757591454
255764629583
255746831697
255744716380
255767619583
255763567030
255757673274
255752285324
255742268604
255757086877
255743587514
255745367016
255743496925
255767425621
255764222905
255748677761
255755758724
255757932113
255756610497
255768391659
255753676122
255752424922
255762597017
255757854942
255762084276
255759719531
255747635071
255756403666
255765992401
255742871782
255756180072
255742215333
255762690922
255768932101
255756576849
255745179659
255763817789
255757404950
255763901141
255745156827
255748068249
255745039795
255765512927
255768639364
255765679764
255743012452
255744397946
255764742777
255769740785
255758976779
255764745952
255765798318
255753242728
255767897231
255759466560
255769853672
255756453805
255759535261
255755008343
255742938274
255763228685
255752078859
255754042492
255764207155
255757888427
255767434317
255743501961
255767077549
255753658397
255742513684
255768851528
255743564624
255744563365
255752396299
255752216753
255766680170
255746254119
255764989619
255742432215
255742275734
255746963696
255757941953
255767819135
255769581518
255767825983
255767852479
255769227032
255745919307
255769023402
255758216716
255758456124
255768565698
255755226717
255746641434
255766429561
255757489283
255764025109
255753237308
255747620896
255744660993
255742531506
255744950984
255753769658
255742378856
255769265947
255747083136
255754387610
255746298780
255744625083
255769602992
255758468240
255769259969
255752182564
255742439264
255753458642
255766569875
255759670670
255756424550
255745275161
255742601148
255745445706
255767972946
255744686295
255747479377
255742404442
255753578398
255765648206
255759826667
255742636682
255758508792
255767459755
255768137615
255757878761
255744625310
255767078494
255743879045
255744508155
255754953478
255757409721
255756070374
255742502559
255752169984
255767898845
255756541633
255769493351
255748750334
255764694581
255747977127
255765179245
255767163910
255747552352
255743168511
255754382860
255742919581
255769081284
255745525691
255748760072
255746708736
255762177459
255769326667
255745346001
255748632712
255755937473
255753205648
255756299823
255763277357
255755247218
255747809216
255766158178
255743440731
255766737307
255766185187
255744745969
255743084522
255748348351
255747755161
255758416622
255743150144
255743994996
255769890029
255755563617
255744058224
255757603960
255766119840
255758654570
255752460030
255753513464
255762034812
255744919176
255764939506
255756574091
255767925281
255757956471
255748623127
255745170199
255746966913
255748329543
255752128416
255742653225
255769982251
255766563429
255747309980
255746365713
255766616583
255758748696
255744896555
255758583386
255748147841
255763177947
255757285141
255744409883
255747590163
255746135479
255755102403
255742980739
255744348084
255745672773
255768928680
255742372738
255769531413
255759187094
255764555913
255754208149
255753080800
255767761535
255769822903
255745341325
255746737101
255759917491
255768392259
255752229123
255765133694
255763901421
255756826017
255767717881
255758539102
255753222542
255768908024
255757376824
255759869694
255768975028
255746072006
255768337987
255743448152
255764684370
255745283577
255762284869
255769357294
255743267415
255764307493
255767796124
255759502909
255748128050
255765513625
255755188299
255753937729
255748373712
255743279572
255742432656
255745137579
255748235500
255766258075
255742487752
255746970363
255763979464
255766391571
255748104570
255744376233
255763410985
255769042528
255756371691
255767812929
255762450969
255743240437
255748388620
255765747367
255742252046
255767769445
255765513858
255756605095
255743008426
255745951624
255752614801
255764275850
255759952629
255762984513
255753824682
255748741851
255762662342
255764769778
255748308581
255757940724
255769630582
255742247133
255759047453
255747171367
255744116969
255753537808
255742913323
255757209626
255753898853
255763981295
255744392914
255746612492
255769673191
255745438336
255742207157
255763581214
255748476352
255754063554
255754995051
255763427219
255757526471
255769930630
255753430296
255742642006
255742849831
255758613336
255769940544
255763875762
255746696717
255742088304
255744898602
255764931855
255752015030
255766044540
255764040891
255768831413
255763812188
255769911857
255769950998
255754347259
255747142731
255758599025
255765887517
255767450115
255759227478
255768967687
255742022218
255762409589
255758584490
255758439852
255745339946
255746077193
255748094537
255745326391
255759736002
255762962631
255769327697
255752907327
255742015792
255753691840
255745788553
255762426227
255747120640
255762569797
255748155579
255757535094
255768607842
255769878942
255759228349
255743075064
255754010471
255755376494
255742233686
255745000455
255757595808
255755502246
255758791678
255764570059
255752144119
255766436568
255745517869
255767468603
255743802884
255759527816
255748699812
255756859324
255764717332
255769075750
255766480077
255746066201
255768207249
255747739127
255762744525
255767462257
255767735029
255742053605
255762919101
255742060422
255764073077
255754438661
255747111670
255745669936
255768335590
255764490449
255745313337
255744121670
255744777860
255756096625
255745515413
255748194176
255745941138
255758069128
255755840250
255769891496
255768499940
255755695796
255769322964
255768205093
255746133045
255742041954
255746293917
255753203293
255767598460
255742512548
255765133202
255747467321
255759927198
255746704890
255742355462
255746704393
255752413600
255766653864
255746670524
255748351015
255753720630
255764900694
255766067754
255768755945
255758690370
255752614506
255756175913
255743773456
255763027062
255745280516
255767718274
255768232492
255744880350
255754914430
255767096651
255757852438
255744456375
255763126415
255764036897
255748051716
255745073839
255768252069
255745205622
255764712498
255765527404
255746434501
255747228852
255746147253
255767560523
255746290860
255756892680
255742678873
255766371346
255743177837
255767045839
255744466535
255748380864
255747597321
255759873078
255768135894
255745108386
255752908619
255768466682
255767602821
255763326065
255759495543
255747807400
255744431543
255767155250
255742063633
255748259383
255744826180
255754787472
255753762783
255742409625
255746933277
255758267472
255745638724
255758289832
255748658174
255747988027
255752388140
255742812719
255762557900
255744863876
255742496247
255743148892
255742243666
255768751108
255742384648
255758055602
255743866428
255745685405
255759337260
255742532538
255753444966
255747136611
255757012685
255767686380
255742865968
255742427206
255745741471
255745374267
255745953494
255746438885
255753110035
255769617264
255752618398
255742733457
255759358896
255762085178
255755709884
255768822665
255746163177
255766084138
255768363651
255766419744
255748733971
255759717188
255759504977
255769734611
255747063077
255747489841
255768204167
255754315451
255766559576
255764526352
255744724746
255769041426
255765179156
255769269573
255764395982
255745476658
255753570602
255743403844
255743475575
255747731040
255748179069
255756037845
255769220819
255745619623
255745858008
255746738036
255758202985
255763982778
255742690983
255753646681
255769937828
255745636695
255769076458
255744024985
255746460189
255766864658
255763872852
255757373927
255766360163
255747479871
255763887628
255756928881
255758784485
255752371754
255766581214
255759762237
255747319488
255747756341
255767446049
255757844350
255742387067
255745073256
255768699497
255747295481
255762070293
255762026647
255743712396
255754282005
255768146115
255743186140
255747451041
255743700239
255742186272
255742263314
255758307320
255748605476
255757606468
255769503276
255762101960
255769260447
255748104604
255744920254
255764280846
255744187272
255763906541
255746886952
255766370358
255745327799
255747610109
255764146372
255757094703
255747180815
255767513508
255743629581
255744190815
255752846623
255748377955
255745200848
255747377110
255742210691
255757921577
255747542800
255768677116
255764624999
255758333009
255742023902
255763364762
255758717032
255759904733
255748765087
255755151121
255743272049
255746904844
255744379090
255742624951
255757651613
255756373454
255748616448
255767901404
255766167985
255765969877
255746711546
255742556137
255752441162
255765795402
255753693617
255765512031
255769061457
255764927410
255769977653
255745542667
255757573149
255742574476
255754533349
255744619884
255757498769
255759385557
255747233569
255759355757
255766593521
255754315318
255752862747
255769564160
255742608858
255759632105
255768694752
255744153318
255744033588
255766434546
255767184387
255768847703
255762870540
255769683626
255745026366
255768175931
255766220223
255764830651
255768916697
255744306727
255747100587
255765127612
255769426439
255758652269
255764446932
255742152447
255744376838
255767052093
255759313715
255745993916
255746420964
255754383218
255768955557
255768389489
255755240870
255742092211
255745270403
255763884669
255754549638
255763019560
255748471743
255764194407
255756293367
255764846575
255746631680
255763432668
255757802640
255766313396
255752635844
255768513802
255767863362
255745303530
255745210659
255746248749
255752674170
255746280910
255748767948
255748220359
255768093340
255746481858
255756955793
255747045993
255757835413
255762797584
255755173756
255747209722
255746181231
255742297629
255742433571
255747075592
255743894633
255743258415
255747075393
255768470025
255748298527
255767426269
255746832444
255748149232
255764052997
255765314312
255766817711
255747717820
255753484130
255768921251
255758180535
255759064799
255763032305
255763915196
255744840242
255743787458
255745418608
255767475446
255756528318
255746910654
255762824144
255747072537
255758148963
255763272169
255746512464
255752221870
255763829336
255744091348
255759718817
255744594045
255758343343
255753656235
255758693899
255769555928
255753578187
255752065440
255753013771
255767581246
255769885743
255766990051
255745643506
255764745685
255752187272
255767050922
255744659499
255757976194
255746074834
255746436581
255747549896
255743092378
255755660591
255759132503
255769448737
255756087012
255756966627
255769490687
255759826459
255746489890
255767086502
255742251079
255757471116
255747626528
255753134140
255766655437
255745710564
255768737602
255745475064
255759038353
255744706672
255743563518
255767879755
255765931779
255767029205
255753484477
255744163489
255768454001
255745474899
255768815431
255742194964
255767699428
255747184680
255756890659
255752975002
255745524161
255755023128
255757455316
255754433827
255763918485
255767978104
255748438010
255767986700
255742395669
255767262214
255765127861
255745068055
255767237325
255746067386
255743340315
255746183862
255765733673
255763052251
255766293494
255762781804
255769066312
255746267018
255752531497
255746724385
764757792
255752127224
255759318269
255748345459
255763549144
255764942114
255763123138
255743611407
255746776046
255756543535
255743928425
255742790184
255764641824
255748685022
255745949159
255769601822
255768565064
255752992816
255742689809
255769795628
255756870662
255756458127
255762317676
255755286256
255759509461
255753247858
255748092460
255757232605
255748051071
255758793015
255765606835
255755322884
255753979625
255769181347
255766429713
255746088958
255757064825
255744064265
255747882529
255764349014
255742438310
255765144886
255746233753
255766583428
255746268300
255762605345
255769261795
255744458097
255745425681
255764579519
255748225647
255767902485
255767712665
255769650409
255752231310
255769411954
255746231246
255769824889
255747628926
255757033501
255759547419
255757034549
255742869652
255746877125
255759952830
255748443219
255762788155
255746569545
255762785489
255752441769
255755820875
255762988541
255768232950
255755243366
255742548616
255743802548
255744118136
255758993082
255756169904
255759517327
255753204431
255743952162
255742786891
255753233838
255753205246
255745567774
255764866460
255756878847
255769171942
255746330261
255746834482
255757228347
255765580776
255767092031
255746261209
255767196008
255752043574
255769268892
255756645991
255758251423
255745368391
255746602812
255768670253
255758651122
255768119731
255742128774
255744821526
255743933101
255767909159
255769104893
255765709139
255762488176
255765356938
255759053812
255756449051
255743362530
255762215285
255768341376
255747737344
255765098827
255756478650
255742755534
255769623055
255745546425
255753412700
255752986763
255764611315
255746657551
255769120218
255757428496
255742097378
255762782678
255747607593
255764286300
255748456895
255767372730
255755065591
255764697984
255759714078
255762431309
255746363661
255747680515
255748226162
255744128706
255747118706
255743585812
255766585151
255768134663
255743135678
255743107737
255746839518
255763530185
255752823946
255747165022
255753572686
255758991870
255743263964
255747863313
255758457270
255756003904
255753074947
255747817824
255745294652
255765755164
255743260650
255743006730
255743255179
255753735977
255768822388
255743016583
255743424783
255762546233
255745967365
255745900717
255746755068
255768323731
255762806620
255762671309
255756726382
255746507448
255768782241
255769271064
255755830976
255759383307
255752345164
255746978292
255762656436
255755085545
255753951056
255753405358
255743211472
255748623748
255757395728
255768095183
255744569315
255769862929
255754814527
255758688624
255765778453
255766586419
255753844007
255769372886
255748325576
255753844209
255763594574
255744260323
255756451109
255744082430
255762767554
255757498710
255759291049
255765879359
255746383253
255756600366
255747533608
255765923300
255763292874
255746635439
255743142021
255767694860
255764902496
255742308613
255769952092
255743933707
255745769189
255753307954
255746294632
255745601826
255743469529
255764251658
255763131483
255746914233
255743254833
255765544585
255748203347
255765047809
255768496578
255755520559
255759226445
255758682497
255767117682
255769331089
255744046266
255744969690
255745990756
255747787214
255744813984
255755695467
255745125779
255765669602
255763725582
255765977716
255758374804
255743539356
255763303151
255755487410
255746944495
255754453318
255743003430
255764563073
255742351675
255742601033
255768228308
255769137831
255767117331
255748019797
255755652059
255742450835
255746635466
255748332895
255756687542
255748139217
255768885201
255766503201
255747780739
255743561492
255764352509
255767799766
255758433626
255747742287
255755784208
255745624081
255763928952
255763289071
255747497152
255769271146
255755265816
255745153022
255743512900
255747942301
255762303185
255765308450
255767777621
255752967565
255752383810
255768468841
255742616292
255762048888
255744107909
255764967872
255745733722
255759714240
255762389064
255764986299
255746696517
255757525520
255752841809
255762091685
255767642988
255759487348
255746917935
255762274212
255763386383
255752028034
255743236163
255762042798
255769517057
255766475307
255748286051
255758287690
255759491922
255767673357
255768437538
255744040984
255767667013
255759445860
255755259189
255743340779
255757553636
255752081586
255768774709
255742101052
255743630306
255746548756
255769182187
255745616352
255766039655
255746862905
255744722470
255765047836
255745020760
255757205563
255755411566
255758674893
255757024684
255745328941
255743002979
255757606389
255744049229
255745711304
255763769687
255755041927
255767697529
255745896958
255747431323
255744880396
255754672076
255766805280
255763509666
255756670609
255744781596
255754802597
255747387937
255744736953
255747944495
255758214361
255758258437
255759659100
255745826638
255743282342
255766835370
255753662732
255765079256
255756474626
255766162844
255743095502
255743018504
255765150113
255768044396
255743460582
255758521098
255766093182
255742855088
255744932097
255752582468
255757545484
255743612957
255768245539
255769057295
255762893563
255756245988
255756839948
255752626078
255759057272
255756381514
255752900321
255747002499
255762506047
255745605687
255747672303
255743655581
255768219389
255746925934
255769233152
255755228498
255745285263
255767442099
255742575218
255762437826
255742923956
255742403609
255758508387
255758310547
255767385877
255743719720
255753737367
255769325071
255742224993
255743836861
255748201509
255745126904
255744365585
255766941505
255765137277
255745020719
255743908024
255759128326
255769844389
255744374421
255753397739
255768718477
255754948735
255759368920
255768648516
255764751282
255767789717
255763128307
255754917044
255767006109
255762960007
255765475944
255756553744
255764873117
255746549668
255759279865
255753795975
255745988026
255745202028
255746734505
255745823169
255742963129
255744706442
255764773274
255756385130
255743351214
255744381561
255759965384
255756724579
255765174699
255746417604
255755435106
255752248502
255758651621
255747500520
255764679570
255764806476
255765679282
255746317726
255742297136
255767024331
255745440920
255765028055
255753832563
255764865375
255757132033
255759228861
255753329218
255752118901
255769343061
255769283973
255744798538
255758532677
255765325778
255747169236
255743947913
255766942506
255762017453
255764380562
255762005630
255743014079
255746005734
255757297250
255765719053
255748436420
255746019278
255753598351
255769233024
255753508804
255764484477
255746752699
255752503600
255752627706
255747318262
255764506827
255747460680
255759209953
255754849675
255765936430
255757961130
255762095184
255759137150
255752410005
255757743441
255764856439
255745220450
255752177706
255764553943
255742886840
255758032526
255768055112
255753087825
255743981337
255752815590
255757352198
255742034999
255758305018
255768918485
255746392543
255769292401
255769215875
255745716888
255742306747
255769660618
255747341748
255742290844
255753183220
255763482057
255754896227
255752946398
255764180590
255766234886
255767057896
255748105582
255758729441
255743777503
255768663008
255762816459
255742591057
255759773825
255743629785
255759688315
255742600327
255759057252
255765058052
255769656053
255758728590
255744764115
255746641649
255757928209
255756698149
255754581054
255754066435
255767967610
255764428587
255768549437
255748769055
255765613217
255759285200
255756060289
255752363949
255744858849
255753167431
255744282563
255768723711
255764761955
255757795748
255745896431
255743511788
255768690535
255769674061
255763221925
255758083381
255768577833
255754325683
255767494322
255765605159
255762273047
255759072633
255769128480
255757431130
255769217806
255764331123
255763223626
255742581666
255757513310
255753964951
255768309187
255768086065
255746726837
255769955390
255758298108
255747681446
255745489744
255753960788
255742213184
255759178427
255755261798
255745525966
255759543047
255766655385
255764861835
255758763166
255758060454
255743356175
255755506252
255769653748
255754213854
255763958578
255768011438
255757743002
255759894660
255765625301
255745450777
255744011266
255748374224
255748019437
255765859129
255766528019
255756093494
255756081560
255763902607
255769878108
255762398787
255757963530
255768307986
255758306528
255747295048
255755282504
255754623430
255744341872
255767555352
255758428990
255753186391
255763379488
255769562277
255767457449
255746887156
255763798085
255755279632
255755823539
255762093487
255743217060
255768104711
255765419320
255742629781
255746185107
255742407828
255746389067
255742456827
255769272251
255769686993
255764918068
255752896363
255763148770
255769765837
255743553003
255753629751
255758210192
255769492983
255757165529
255767826674
255743429467
255752063229
255748068073
255754826584
255763037914
255767956744
255742618099
255765096156
255744682770
255758893749
255748440419
255765110468
255755564407
255758504807
255747084749
255743846798
255742238837
255762108378
255747548576
255767652414
255762343837
255744102065
255767581208
255744604724
255742162231
255753151121
255763117729
255755156285
255756651518
255742836264
255743162213
255758635361
255767253059
255765080657
255745576467
255766611782
255755698509
255756585270
255757508033
255743294046
255753031867
255746452224
255753378441
255743648752
255765571604
255747785276
255742008183
255743990904
255766155559
255742008680
255765368380
255748698580
255762329452
255768954965
255756893083
255742808219
255742590113
255745941816
255758283474
255767063912
255753429113
255765073567
255746712534
255763911955
255767304413
255755815086
255757340586
255767399312
255744162337
255743764608
255746271202
255746075316
255745540730
255766667426
255764724107
255765161249
255767354545
255769743408
255756235624
255752451583
255747908438
255742329975
255757253114
255742966997
255746857591
255762245788
255762275588
255767685824
255755319344
255753671973
255758194548
255758329046
255762263698
255762683635
255747973396
255745243953
255745775158
255766069633
255765084760
255747718215
255757680829
255745232633
255747740178
255747790478
255757906515
255753137338
255753948352
255753409650
255769869273
255753950225
255762622981
255758274608
255766445150
255754068807
255754054724
255759771409
255768044623
255765927233
255743010635
255753131412
255742189971
255747727394
255746584017
255742004157
255752669344
255765760718
255759386516
255753881364
255754911666
255759767308
255746838359
255768068940
255744350878
255745082905
255768019516
255766499662
255758122271
255769070454
255743916939
255768939086
255767778299
255768472673
255759262281
255753100545
255757255495
255762103676
255759560198
255766194650
255744167148
255758555613
255759811100
255769398216
255768864315
255746050421
255754207335
255769572262
255752389900
255768233301
255752283833
255742813803
255748569553
255764842817
255764848985
255764287647
255762882829
255746823377
255746241381
255764871308
255769819023
255769786432
255759157925
255753433822
255743540485
255766201789
255747381140
255767258658
255769557371
255769784466
255767049323
255765380718
255745849956
255765719148
255764133457
255745760516
255752165530
255765039235
255769508730
255755861186
255759294562
255763407043
255757967886
255747281785
255763083062
255746679520
255748166991
255766483118
255762526630
255746335556
255742363840
255758090214
255745261605
255769604348
255742046653
255742364389
255764694142
255746737766
255766670418
255758041074
255762153542
255753516348
255762103970
255762623804
255768973675
255762769031
255748437759
255755280425
255745053294
255752289897
255759468397
255764333540
255755008626
255752826313
255768425386
255768405886
255758081507
255767550237
255764691510
255768762083
255746762216
255766706055
255755191430
255766710120
255744906329
255767425948
255745633221
255768444343
255764120542
255756300484
255744363618
255747034717
255745850359
255764340576
255768740784
255744831400
255769135295
255767600351
255766581480
255748153568
255745505994
255754282798
255746287062
255746875090
255765060426
255755780585
255745951903
255752638523
255765290722
255765270021
255755541773
255744357344
255763727583
255769370091
255747442611
255745107384
255748734554
255744175785
255763875195
255768612052
255759292474
255762288138
255764797008
255743269164
255769581027
255757403885
255745294970
255769745786
255748065476
255769885396
255769890450
255768029126
255766605989
255745583608
255752754539
255763345557
255766281139
255758049476
255758430571
255759566968
255769815863
255746641111
255768304492
255759854874
255768652478
255747347928
255744775237
255767605536
255759247265
255747785737
255759873135
255753841247
255747743441
255753203113
255768393541
255766435474
255754057567
255768324838
255748695129
255747154354
255764900601
255748399711
255763464056
255745414283
255752810971
255745561232
255748487510
255758584267
255758787955
255748645010
255766278388
255767108714
255752535137
255756826903
255742441824
255759369205
255764670305
255759890884
255763547515
255765300697
255765734171
255765989114
255745707639
255766572219
255744339599
255759504754
255754991138
255745680740
255745317385
255742811968
255753140706
255756332608
255742383513
255768906631
255743807776
255755548055
255745236441
255742073943
255769898213
255759519419
255762655542
255766650948
255744175680
255763849526
255755908381
255744120857
255746390095
255768336820
255769967318
255767986548
255746075308
255764996548
255756494768
255769433820
255742371230
255744807728
255743094904
255745254147
255748052492
255758345400
255745218893
255747006490
255744264363
255762887810
255765965203
255756001524
255767230248
255765868048
255764019273
255769134095
255764056429
255764387916
255767942855
255753781669
255765694808
255758789696
255742079264
255746735033
255764658900
255759684601
255753181866
255748028373
255745018673
255763550628
255743218157
255744978616
255762357006
255742002261
255768362465
255744439875
255742203747
255742808158
255745098347
255759734335
255748465991
255769247158
255758480976
255763919922
255748020497
255764695011
255768258792
255743999247
255745444316
255748126841
255755472635
255744849496
255764556652
255767596454
255743995871
255762229680
255744145699
255745554262
255752857134
255743843981
255763139849
255766614717
255745256941
255765471113
255765909139
255764597087
255758649455
255748246749
255757718284
255758233084
255744080426
255747630856
255768031353
255744113320
255754953340
255747750695
255757623722
255755806244
255755824003
255743852983
255766765778
255759840436
255752527742
255766567924
255769401326
255759704756
255758608546
255745782996
255767101817
255754451698
255765419756
255763468200
255748145206
255746142444
255759264914
255758790694
255759541033
255765020867
255768824206
255743957626
255743232146
255747466670
255753353659
255766820214
255767081663
255756463907
255757663170
255745901104
255747608581
255769059677
255747750479
255745471061
255765254280
255762993950
255758694064
255752107420
255752607573
255752857536
255753906425
255752233428
255743095533
255758509435
255745645931
255767463186
255768977649
255748635934
255752741587
255743837670
255765634235
255747472961
255744338525
255769517520
255766122206
255745872505
255762923112
255757696630
255757809392
255762355351
255753666541
255752720081
255765529210
255753541929
255769867848
255742820213
255747498400
255766459652
255743364342
255762464286
255748301246
255758382444
255758046731
255769506537
255746599689
255755466520
255745315966
255769497612
255743220851
255765016773
255762497475
255764840463
255758187768
255769564252
255743815921
255743443765
255744505252
255769548065
255743294716
255744093768
255743347441
255755864789
255757200248
255746358207
255758526519
255743823495
255768025393
255752698813
255764200726
255758223048
255743698725
255765317129
255764836616
255762147752
255744449937
255747459132
255764765067
255762177552
255746821753
255759166945
255748448196
255763359608
255758054596
255762150968
255765797439
255764227493
255747657209
255756388076
255746715547
255763727234
255742172167
255765179427
255746344479
255756601390
255768059796
255744732243
255758501491
255762620589
255767962142
255746220203
255759462670
255769493528
255748403274
255746121218
255754783394
255748112982
255747236821
255766184074
255763102169
255756884867
255769285523
255767156189
255747171326
255746419247
255768438984
255768888184
255767469609
255764893802
255769356580
255745682761
255746007056
255764996506
255747421524
255752569466
255745148237
255742550528
255758024116
255758260326
255744996620
255764892211
255766578762
255765991677
255768752353
255765647420
255768577128
255744357724
255753159956
255756524237
255758309598
255748026765
255762856348
255747421363
255742933926
255748290082
255753438581
255755907878
255762209573
255759371785
255769492790
255765090454
255745808421
255743062942
255769827874
255746710488
255765262243
255744252438
255744447585
255747487685
255763859829
255759392956
255744282334
255757164688
255768286258
255767405107
255762456588
255743111028
255747848032
255757163069
255748447260
255747230087
255765568471
255764644638
255747600912
255748739400
255759154888
255747055408
255757891709
255767763042
255743656685
255759123401
255745736814
255756850225
255744847626
255747154047
255747134841
255762883387
255757558395
255769947515
255748111439
255752748669
255752594917
255759335394
255758404799
255757049520
255746908438
255745647711
255742991122
255753194410
255758151295
255763168949
255763532190
255753385195
255744654443
255768884464
255744448460
255747013264
255744544692
255765924221
255756611839
255744295768
255754759239
255755117289
255755090595
255764397344
255748747514
255756848351
255745870116
255764115469
255763527969
255764031770
255747453704
255747123689
255746592715
255767906884
255765973035
255752175454
255753495204
255744314513
255743162491
255745152591
255762092434
255767621090
255742477128
255759804223
255759441684
255743970152
255743954730
255752685449
255757598276
255743405282
255754928800
255768402906
255765337123
255764514164
255765768806
255743648605
255767524367
255765337620
255765533011
255768340596
255765548285
255762517516
255758075993
255742028660
255748271299
255758450216
255766849675
255746859867
255743045450
255747727234
255765418341
255762525247
255746308720
255742165101
255742386801
255742356401
255767885155
255742234596
255765537402
255755752599
255769648837
255753157379
255747086063
255756409145
255758965899
255748312210
255758462707
255745191057
255766604740
255745520327
255764054360
255745856689
255767256048
255743659100
255765774925
255769876730
255754097748
255758345675
255748102283
255747812939
255769501714
255742994546
255748431629
255769645277
255758166230
255743535120
255752387291
255743015282
255765454366
255763766868
255747265581
255765771485
255746954760
255767409017
255746824798
255747981832
255743670502
255753712306
255744991832
255747050168
255755491396
255746675136
255758653256
255744917829
255758451994
255759866020
255742371029
255767774385
255742384836
255759298013
255758395647
255756915549
255745157427
255752681340
255765177583
255752734133
255769919278
255747522560
255758665302
255757139656
255743710265
255746079902
255747506002
255763522303
255765481965
255753541545
255767255959
255756807518
255746286211
255756904405
255765285647
255744413248
255768607868
255764260132
255744517428
255746420193
255765667764
255769507754
255759439091
255757094814
255747841912
255767866671
255748065239
255766401521
255745423510
255747781358
255745747397
255755731544
255745417669
255766449597
255768407842
255747422396
255744248927
255758208720
255746381060
255755268320
255753196798
255752437766
255754545282
255746796171
255747506614
255752261632
255759334689
255753879579
255742908537
255764304762
255756785087
255746466634
255762990189
255762670804
255747939257
255764901296
255744349724
255744326445
255745954830
255763948435
255753657343
255759706156
255768177304
255767250424
255757786451
255743859279
255747798830
255754032925
255747691552
255744505770
255743349785
255764806250
255769836250
255747641052
255747523873
255768357919
255768296821
255748124393
255754562272
255747366131
255754351165
255752975034
255759038530
255753426611
255763081026
255759406409
255764042419
255759404666
255757217446
255758984051
255746002872
255745957898
255744132551
255742386794
255759324292
255765950939
255744996428
255757931741
255767343929
255745024585
255755576699
255766448393
255744259150
255742389496
255762553201
255748391076
255767250505
255767506007
255752763033
255769612908
255759628130
255743973699
255744643570
255753706471
255747990363
255747853777
255748183231
255747752344
255759305003
255765640511
255748273032
255764914385
255746440262
255757834429
255766863416
255744453224
255759047365
255742366911
255757726149
255742526844
255765877455
255768482200
255753948813
255767346635
255764425908
255764276750
255757253042
255747286517
255746934774
255763462687
255742816621
255769438012
255766437724
255752743218
255748676784
255769489958
255768265834
255742022926
255759930973
255766871770
255768914092
255757352642
255769751834
255767362736
255765850081
255748082452
255756798212
255769264008
255758955707
255745693322
255762567463
255752654684
255764254995
255757518372
255744164781
255769795590
255745028601
255748757393
255744680413
255763019072
255766471526
255762300994
255754528372
255765140994
255758625532
255759563321
255768450319
255747113679
255745856972
255744962402
255747333386
255742517243
255759181202
255752968765
255758972797
255752810313
255767761638
255765906800
255767870396
255746479601
255766416832
255754283501
255765636833
255768341981
255762243519
255769767487
255766946538
255762879824
255757482640
255747330247
255759445624
255758678840
255747346083
255758698247
255754828328
255759867782
255757335223
255762954224
255747157224
255752772207
255743927040
255748316143
255748187052
255752987692
255754273688
255762096318
255765986615
255765635133
255766066400
255758021905
255752466758
255762029387
255765139362
255748251532
255742104593
255753410019
255743290132
255758507841
255756030950
255756839715
255756615276
255757082395
255742095470
255765912036
255766138177
255755051969
255757250545
255756547223
255768490423
255743614633
255759197854
255756844112
255746880975
255767670458
255746633520
255743590276
255767495180
255755101357
255767579410
255742289941
255758958070
255744175689
255769629880
255752294049
255769262753
255753519114
255758106055
255747721749
255755539017
255769641092
255745505588
255746476581
255745212265
255758988321
255764180130
255746616422
255758742278
255766431465
255765087948
255757273239
255758759195
255769967718
255748058999
255765739152
255766331934
255765684840
255744015336
255755432939
255769955186
255747735229
255758075283
255764368493
255744139385
255742071818
255746434902
255755251077
255757768416
255752017533
255764821327
255762519450
255767972504
255746897360
255767675201
255767272891
255768660889
255744737446
255764942936
255768449314
255766492408
255769809326
255746428762
255766080115
255764370035
255746468445
255755889586
255743840563
255742045451
255767574425
255753913623
255762753709
255743461349
255742558971
255743739941
255759957699
255765348356
255748208386
255754320921
255769634054
255747603550
255762834306
255762497530
255764503089
255759719044
255747936877
255746840802
255752315926
255743400158
255758738672
255745739230
255769802996
255763081334
255753413351
255769141078
255753939856
255742032659
255766286807
255752527789
255766035569
255744762134
255753219882
255767926230
255758122022
255762785787
255746644250
255748332667
255768935756
255757343486
255769654653
255763034835
255756741528
255746709708
255753635802
255764343822
255743773422
255747851415
255743484103
255768804629
255764787762
255755745487
255752349214
255748056818
255752112068
255765769987
255768612572
255753750067
255759720519
255763483069
255768163843
255764010584
255755652523
255758740333
255753541752
255763286883
255764984071
255747039539
255747985203
255764181610
255745192278
255753241122
255753388217
255758529988
255742974671
255757450410
255758295457
255764717504
255753569861
255767956013
255755063900
255765098506
255746291141
255762454046
255763221727
255742227269
255768559487
255747522022
255757128516
255759375546
255766407714
255757746210
255748752769
255745301067
255756299722
255768767451
255767157777
255766319353
255743787157
255745419350
255757943789
255748467343
255767916143
255747521917
255746743835
255744948923
255745337674
255744681037
255745078928
255757879126
255764631268
255746799233
255755869248
255766151796
255742175998
255766034748
255764657149
255744989059
255759919993
255756188068
255757753204
255755275122
255766148469
255753172162
255756916405
255762055144
255753679131
255769165501
255748234323
255755656932
255763474829
255769412143
255748351396
255752597412
255767894901
255744406279
255758660026
255752124169
255745020729
255742935764
255752641588
255753214042
255752086603
255752507353
255762601863
255747390973
255769596215
255767955915
255746296447
255766591597
255764516116
255746331902
255759501333
255764100487
255763914161
255765509948
255769737588
255759861571
255746919988
255766091213
255763050799
255748394731
255744016259
255748187473
255744521320
255762566521
255744578546
255759232770
255763012205
255748335360
255765280183
255758794360
255744754652
255746202276
255744875694
255754519628
255743472378
255764716556
255768365165
255769928611
255743421068
255753022741
255742357352
255764121082
255742387752
255763541779
255767111082
255758034746
255743120914
255746055285
255767838622
255769386672
255747210815
255769763811
255754755872
255765144884
255744972363
255757259824
255757137436
255764633704
255764314900
255754224902
255742026008
255754386450
255759234702
255762234182
255759763659
255768687310
255758131298
255768411806
255742430103
255745137317
255766579680
255744729573
255753364879
255748231618
255766575325
255748695609
255764692176
255744696454
255746075749
255754784833
255766938568
255753718164
255759808931
255759345007
255744263552
255748291779
255745304570
255765443209
255765287541
255763880468
255754042045
255757909993
255747454002
255759059239
255759726415
255748224708
255743600239
255768808715
255755558348
255753511310
255743282918
255743181081
255754986940
255757121306
255767423794
255753009697
255744227095
255769974347
255762224917
255757048575
255759637309
255764257057
255747614556
255754437551
255745747699
255743475134
255767499785
255747113768
753587143
255762037143
255758112896
255763269124
255767589055
255743807382
255766307491
255745586711
255769654635
255756890531
255745659324
255747970544
255757723828
255746589797
255756039325
255764364492
255747827266
255766367707
255744195714
255756929820
255757825417
255768484132
255757046391
255748079014
255758325854
255759431184
255752400094
255762235650
255742957133
255767901309
255762255355
255745292447
255742323201
255769324431
255762897423
255762220950
255759311929
255767098068
255747003034
255764836319
255766561657
255767876119
255758510354
255745905001
255747433189
255763518232
255763264502
255748100908
255766171704
255746872631
255745681036
255747777420
255758693215
255765947856
255766137954
255769360977
255743164866
255769836886
255745254955
255744433697
255768557642
255743957539
255748617717
255769372086
255746724299
255748729764
255748274232
255748130973
255742121693
255767618233
255752392667
255767149717
255748429979
255767212729
255758336180
255762049308
255768697996
255747876472
255759181244
255746536370
255743590236
255768544175
255745074709
255747272971
255753018717
255758750765
255756549487
255763346188
255742409492
255756559178
255762306912
255767873999
255767900395
255757357165
255747838364
255744286027
255748080080
255744724684
255752618687
255755639134
255743280487
255767851760
255756405599
255748481144
255755493035
255748132871
255743102973
255763873732
255742621564
255766188377
255768782691
255762544671
255765194735
255766758433
255766648313
255764010221
255759367603
255759303294
255743803921
255745873421
255768710453
255748057441
255745576254
255765973980
255763461516
255743222352
255743814441
255769072492
255747677063
255758542894
255759197623
255768582435
255764152407
255757949940
255745472513
255742337124
255747762862
255753198591
255768896820
255759534470
255762969140
255746901917
255759788783
255765107850
255758473461
255753506959
255748457073
255744062983
255759269179
255748256164
255762885952
255762574348
255754935142
255748112091
255753454850
255768883408
255765006236
255765960917
255753786619
255743046899
255753328611
255762006283
255746592119
255748200268
255766346192
255763220305
255765261212
255766638978
255762638285
255742344862
255765519930
255746199609
255768853193
255768951837
255762912268
255762799987
255765780984
255754553031
255752598538
255743936413
255746421483
255759887862
255759209598
255747705654
255754299194
255742428824
255747588884
255755695579
255744598884
255768364766
255752116663
255747972665
255765027639
255752432383
255767358102
255752285221
255757037144
255763435892
255747073497
255746534143
255746534641
255767865745
255763807247
255753952871
255743081509
255743820345
255744161401
255746104364
255752268027
255757624690
255747514512
255744968131
255753950864
255752122775
255747180098
255755516388
255758484312
255764230422
255745964076
255742668600
255767668623
255752025409
255742329962
255759128528
255747850047
255759961115
255752869719
255748304167
255742100316
255763084474
255756407323
255768014171
255762216436
255766423652
255747853584
255743636722
255745439578
255764068920
255757039766
255752804069
255768717583
255754049960
255756479664
255763258886
255766522633
255747867192
255769444032
255753869387
255755114074
255769384002
255757846369
255768568847
255766152933
255752164537
255743846388
255759267453
255747714179
255744849260
255743226307
255756380655
255746794316
255765838758
255745729771
255752925553
255742611427
255769361538
255767604382
255759485509
255746397661
255769710828
255752094164
255742108398
255764193493
255742314245
255755048262
255758729269
255766877061
255762981773
255763327558
255745370572
255753053712
255743186791
255769944035
255743454830
255747859151
255744164007
255746311779
255763152033
255766983686
255747706661
255753273744
255767569419
255753823874
255742750938
255744902046
255768313643
255745485234
255759968658
255747333501
255764958537
255757171868
255768686396
255747215332
255747335780
255745740497
255745358131
255767852993
255759102475
255769949309
255763471504
255765494097
255752374542
255762230596
255743596751
255757327115
255765985728
255769961807
255765063218
255759799266
255762517557
255744802142
255762365509
255757588449
255752973215
255745717369
255752335134
255753587534
255753980921
255743747665
255753589488
255758300952
255758732654
255746292735
255762259465
255765590600
255743254739
255764208657
255754050003
255768093187
255743089740
255763123896
255755821832
255744083583
255742943487
255758431247
255769647395
255764617560
255746483678
255762397218
255746171876
255764085051
255768897618
255766305057
255756440198
255767425999
255769569539
255745072241
255742626820
255769579907
255742737850
255748215955
255742113912
255746317992
255756085350
255757501161
255746594483
255762477085
255759003631
255747975032
255746650503
255754372303
255747162752
255752200364
255753836879
255768901631
255748064529
255745362627
255743600985
255758574198
255748298369
255747362718
255748460738
255757987570
255744958611
255754280497
255742988445
255754083691
255742301575
255762031896
255743600645
255766109347
255769471399
255744678599
255755048332
255769569764
255745128918
255762744180
255765726409
255743581471
255743293825
255762298274
255762838715
255755100449
255767575572
255746227740
255766458117
255744206441
255766385810
255747118792
255757646590
255759652237
255742555501
255766943923
255742327245
255755310842
255743167534
255768230775
255767959975
255742630334
255748177334
255753797350
255744412454
255768192205
255765250262
255763149247
255752984171
255744026248
255747016248
255743072548
255753549646
255768032345
255762285295
255766831954
255745063698
255763966852
255743561454
255745981938
255762613358
255766419122
255745673727
255752149023
255759636286
255757153539
255753180883
255758322376
255766869980
255754015037
255765750751
255753923287
255759495746
255743909969
255752611149
255757315951
255743422876
255745657139
255768350339
255743163895
255757838892
255763876479
255767096572
255758731627
255747654948
255747587395
255764615718
255765275094
255744783379
255769454227
255768564085
255744856458
255746775691
255759635155
255767439696
255763022914
255769642272
255769489947
255747840408
255762126114
255742276086
255748372298
255769922014
255742477553
255753414764
255764942017
255766302137
255756419828
255768476782
255743870722
255742206839
255747659935
255768496184
255759691433
255753454438
255766774196
255759383095
255752557980
255753991161
255744922507
255745219035
255753379646
255746057371
255742771845
255766089744
255762835882
255742902032
255755444052
255742030373
255745990962
255763396783
255753062626
255758989914
255742216512
255742703147
255765991934
255742334735
255752457842
255742395081
255754056915
255747355997
255745871466
255759563447
255762671768
255743289177
255744446435
255764142797
255767336656
255743779695
255753383864
255766724179
255757338721
255747630347
255746038478
255754348424
255747557945
255742980377
255744483257
255752841575
255769590266
255755252631
255762610369
255766579188
255769118205
255769632046
255756865836
255753568672
255765325567
255759864258
255765343245
255763269211
255769753145
255746561418
255764296332
255753822931
255762876455
255742688783
255742658383
255759041128
255759748661
255768137467
255745268402
255765425678
255764332217
255744696545
255745898457
255763910585
255765687778
255755348845
255744150245
255763800406
255764785252
255742995664
255762389590
255762256883
255744096319
255756980043
255759906081
255764996396
255767409316
255744685954
255765034186
255755893681
255766738942
255747820662
255763485980
255746384487
255746528791
255762719215
255766447091
255768054253
255748035049
255754453620
255768250547
255758979520
255744034267
255743457899
255742754621
255762094001
255756828478
255766482379
255743077678
255746730602
255754022135
255764007281
255742390624
255745075845
255763540859
255764939571
255755117140
255762287760
255759047526
255767932771
255747040676
255752077565
255759474463
255756726298
255767916521
255743076658
255769428650
255769907485
255766882611
255748700178
255753205066
255753891868
255742194307
255763322765
255769803015
255748371872
255763378317
255764575222
255767351472
255752883918
255744211790
255753631893
255767994089
255745796551
255766350293
255754417340
255743004742
255768543347
255767946369
255743441820
255765436716
255744554175
255765533646
255748065282
255762887490
255763227941
255743501302
255746073684
255754597974
255742295942
255745282204
255742242305
255757942524
255769353404
255767823708
255752033158
255756641348
255754478666
255744852750
255759536010
255768189255
255756309581
255759350179
255745366137
255758622167
255745121723
255743609541
255746552539
255765788841
255768819948
255742357375
255743875718
255744523688
255752728302
255742721450
255762408926
255746681781
255756807513
255754663800
255764573794
255769805180
255747709615
255755890682
255747935905
255743088103
255767588771
255768529558
255765031495
255756708975
255744836649
255743569544
255757417175
255755148158
255748145517
255769629051
255753990316
255754785196
255758071667
255769091898
255762133298
255757208468
255757687201
255756717198
255759513044
255763480062
255746542986
255758736627
255767170800
255768216104
255757413660
255742065855
255754423660
255757124612
255766572022
255762361154
255746818769
255748652466
255753923062
255745151336
255748141538
255752112826
255746128586
255747627741
255753884956
255753854551
255747610262
255768105974
255755358408
255756557214
255743592599
255769964975
255743208488
255742915579
255762597732
255765682010
255764306091
255745458814
255747047107
255756040521
255768565590
255744057102
255754287899
255765317627
255759396843
255756515698
255769362978
255746956383
255762782429
255746298809
255746590503
255747351429
255742527787
255742527483
255765911288
255746802870
255753204157
255763941488
255753604336
255745201302
255742513294
255766941810
255762264896
255765671898
255766121943
255759935978
255742271208
255745265582
255752529196
255758252627
255744722382
255752766035
255744258432
255767805979
255753076993
255768411601
255764079727
255748177685
255747010587
255744020587
255752626321
255763178450
255745873765
255763862641
255747462829
255752589209
255746486603
255746209031
255765846520
255755146587
255765764982
255756349994
255755496092
255757099387
255759873607
255747761683
255744315882
255769177811
255759266147
255745339995
255753753362
255766163289
255747256550
255768427578
255747148251
255759206232
255743251178
255745629006
255768322083
255768026637
255742702054
255745047052
255745178785
255745441474
255769685360
255748600966
255763851402
255769158722
255767978620
255747915465
255753583266
255767676377
255748334412
255769144707
255762860855
255747134158
255766356231
255744765393
255746063542
255767673656
255747498638
255763066223
255763189766
255744435166
255768100617
255757894976
255767725075
255758149756
255769190312
255769687015
255753694096
255742511170
255762712719
255766178028
255757077645
255767306437
255752927056
255748455393
255768228567
255753421377
255756676832
255762158728
255765342029
255744075237
255744006360
255765135473
255754049073
255759081996
255758580161
255742238453
255763436140
255758590285
255765910998
255744444284
255762655244
255747440080
255746013440
255769215511
255743477558
255762394550
255766042437
255764739391
255764068634
255758082426
255753750332
255747477698
255759492020
255767574092
255764837304
255764328435
255766944557
255763595410
255755841782
255766879969
255747073021
255747521025
255765495780
255746380949
255756778146
255746968227
255752642345
255745587439
255756446983
255769814199
255767170561
255744766788
255762334789
255768162804
255747115932
255764947414
255747479522
255746752394
255769470402
255755738447
255767190142
255746736774
255766283436
255764552412
255763938331
255758721446
255766391962
255742173709
255766133901
255745949396
255746502938
255752918525
255766631560
255742086748
255756422854
255759486386
255762591324
255765197803
255745566541
255748698577
255758426739
255754761570
255757721974
255745254533
255756410558
255746729093
255757939025
255769205641
255767532373
255746845829
255763938192
255748278262
255759614992
255752148278
255747224838
255768668808
255747967186
255754388139
255745644013
255759778430
255742185632
255759368239
255746447768
255746497661
255759600477
255765497967
255759215398
255748701380
255742864247
255764253832
255765257354
255762303504
255758399111
255755987830
255767193373
255759961967
255765502561
255744784248
255748089212
255742052975
255764949323
255758182897
255745287577
255764894458
255743797642
255767896698
255764598561
255759057761
255754888648
255746200746
255764341628
255759084015
255752234011
255764039973
255767157269
255744353421
255764796761
255747207421
255746829327
255756329830
255743941571
255754954042
255766706512
255745803032
255759357461
255769763045
255766592370
255744182280
255748275851
255758674978
255762749162
255757838431
255744897108
255742901781
255756487702
255747518108
255766510249
255744727212
255747888395
255742032737
255746968158
255748500269
255768830086
255742666261
255768295427
255758659186
255763372670
255745847214
255747958777
255746667474
255767198581
255746871269
255757843410
255752508820
255743866856
255744750476
255763454256
255759739194
255764697437
255758658558
255766389377
255747660900
255768360132
255745623798
255764647639
255769532070
255752950936
255759612142
255747729153
255748370499
255742991050
255748143357
255759892769
255746274046
255743564419
255753990421
255743082821
255745584418
255746063169
255767011015
255754089085
255754304822
255769719333
255743346875
255742370390
255759042493
255744898598
255769156688
255758170343
255753564429
255747240626
255742236751
255769846333
255762062598
255756825289
255754553083
255756625204
255766228924
255747893400
255767785226
255744049588
255756628546
255766490593
255752580791
255769553743
255756490523
255763519751
255742606604
255762764528
255765786410
255752605679
255766847272
255756290254
255746731077
255756245299
255744915892
255763355351
255768366654
255766807547
255764062075
255768401871
255746187439
255765306354
255758357702
255754097642
255757411787
255754495669
255766855351
255753403741
255759800674
255748718791
255759163271
255763518776
255763145545
255758088870
255768105547
255768190996
255764160803
255745869885
255768483324
255769589537
255746980799
255766041762
255742695317
255769769038
255742974257
255744415353
255762575424
255759893129
255768083858
255762530904
255759804347
255746971280
255755693356
255742585501
255752311089
255745454195
255747492831
255759669753
255765593758
255743147538
255746133613
255765106170
255753939634
255769113463
255747366589
255756649606
255757305878
255747237728
255743226398
255743358072
255763283908
255763424103
255759492422
255748182727
255765696296
255745674649
255746114091
255752698523
255769438736
255765326854
255756720170
255764257548
255745179135
255743029992
255765780609
255744659566
255746560606
255764735213
255766927659
255754545815
255758244997
255755816757
255763262409
255762937404
255766135987
255747024057
255747842304
255744096661
255746806017
255756328079
255743626118
255757858155
255764205671
255766101131
255746621300
255744968226
255753285898
255768466552
255743625917
255762559431
255742620255
255759532574
255754502574
255752066880
255744646830
255762013353
255758740774
255765566232
255743180181
255764893570
255769315002
255745650895
255757867289
255768498166
255764614427
255769241946
255743958770
255759466100
255766073161
255768546086
255748176262
255767657438
255746977092
255753325109
255766362023
255758462802
255743316420
255753454402
255753150810
255752924835
255767697494
255767086720
255747066592
255764647850
255768431066
255757437050
255747076876
255752573005
255744820498
255755508309
255754347132
255753850769
255765109067
255767553635
255744990686
255769972490
255764075391
255742001422
255753044930
255755017897
255743805598
255744487061
255742493654
255752800377
255757523463
255763011444
255742329938
255757795567
255759661420
255746247476
255759505869
255752764900
255747125837
255762665203
255757758770
255755208111
255769435822
255757362695
255758069666
255745300303
255769419087
255759768004
255756880366
255758775770
255745271619
255768129651
255763354368
255758514658
255753326447
255743650550
255754910051
255745555429
255759474095
255767255356
255766442648
255748273274
255758305691
255743039367
255745233772
255753525705
255764161102
255768927119
255742983665
255758271942
255759181211
255759536346
255742106884
255745923912
255745995390
255747315224
255745394154
255746271542
255745949026
255756626030
255759955606
255768105780
255763211694
255743184090
255747447356
255743020465
255769467100
255757676681
255763186424
255763251374
255746112397
255764569914
255747173744
255762149734
255762179534
255742983863
255756538231
255743452607
255765354980
255747553595
255767379031
255743663397
255747583999
255767770479
255743785961
255764780478
255762932328
255756808834
255743714155
255745155897
255759158990
255748157333
255759187811
255769409351
255756850113
255746612052
255743594151
255747785411
255758336595
255746691765
255757993541
255754275443
255747842065
255743562680
255743739991
255764901312
255768441913
255756993612
255744831757
255755029345
765551114
255759763290
255752174783
255745787011
255769157194
255766256895
255757593437
255744868943
255745361753
255759053140
255748751729
255744751392
255758338147
255759102778
255753407557
255757955681
255753538921
255765545835
255758960656
255752956776
255769499820
255752097828
255743470747
255757149797
255762571970
255745668049
255745618745
255742398339
255767713625
255764120686
255765609893
255756184896
255763287764
255766387894
255755965033
255769418283
255759101838
255743513593
255754257067
255743523325
255763024816
255746297937
255747122503
255756553584
255759688894
255763087119
255764594234
255768241846
255759548457
255744584135
255743497986
255753107264
255747845010
255745417780
255769081949
255763941853
255767365157
255768839055
255746086706
255766746871
255748768183
255769776525
255755837737
255759344085
255745452794
255746413718
255767501578
255744783469
255766949360
255747775647
255743893314
255747781173
255768839504
255753487415
255758467712
255758891062
255744422763
255769752993
255745766857
255759074339
255769957118
255746471701
255743324574
255757926971
255742858719
255746262811
255759629383
255746450512
255746738145
255766098492
255768954666
255755995758
255768866083
255767570594
255744149010
255764275552
255747094217
255748743544
255767821577
255763824695
255746706805
255752286298
255748678789
255744056189
255744514918
255758035173
255743640394
255746675879
255757010480
255756605778
255746886974
255754020480
255744625710
255758683057
255762377765
255767262553
255758993699
255752921127
255762888190
255745073663
255743432528
255759004415
255764651791
255758573524
255763315162
255745539829
255748064171
255746923311
255746913680
255743263799
255748566422
255758318367
255743214243
255767340043
255742122470
255743280006
255747722723
255757184151
255764059577
255748166156
255742442546
255765694547
255747050124
255762400598
255769585713
255742799933
255742363732
255743623594
255756620160
255757838425
255763435096
255748252390
255745751790
255746385584
255744080581
255746411796
255742350193
255762973390
255746980160
255745730616
255756525926
255768525740
255763716890
255766450193
255767521845
255752632173
255753709020
255766467315
255767671575
255767967008
255759826606
255757130883
255759161897
255754861668
255759306178
255768130259
255756232251
255742333839
255758179200
255746683691
255763941095
255742266997
255763059941
255742048685
255742042225
255742827708
255754947700
255765844512
255754875119
255763046682
255753136947
255754379886
255757922612
255743456278
255766060660
255762636747
255758546690
255767475358
255748727511
255755560706
255756544053
255757165938
255767683267
255748731434
255763286400
255768216108
255742797433
255743671785
255752511224
255766607105
255746955940
255743363059
255757831033
255759614392
255758724571
255757802063
255759847015
255745433268
255745450633
255752660761
255765571989
255744758941
255758966184
255757010394
255754257485
255755336073
255767917351
255768784768
255743581201
255745288339
255753000657
255755662989
255748318605
255753764403
255767327086
255763826819
255756479782
255745643488
255763149069
255768766706
255744541164
255752142581
255742081946
255759138216
255757166767
255742804569
255758231788
255746453210
255746483110
255769598100
255742595588
255755352638
255755081472
255746848904
255743589475
255758137856
255755893177
255742503713
255765417462
255763239444
255755544673
255743725500
255762842548
255758516048
255744428064
255765353202
255746761024
255744556987
255759933138
255748374888
255767195475
255758688286
255769165178
255764936972
255742884910
255758544110
255758067075
255765693674
255755489199
255753425045
255748704548
255742351127
255755043113
255743416068
255768890363
255746557645
255752907095
255753456576
255746440977
255757985418
255767543773
255742666080
255744678807
255759385419
255752599121
255746727874
255748281609
255768107242
255759288217
255757828600
255745271706
255767426912
755726300
255765061385
255754960448
255765568755
255769757724
255762273246
255746954721
255745542705
255756918474
255768021404
255742898559
255767697228
255754069897
255745075459
255744125351
255746028943
255748289239
255742469934
255748233779
255766422201
255765344716
255746042125
255742577609
255769240698
255746560535
255765805470
255769274169
255759290610
255759713605
255762282060
255757308170
255754255488
255752475701
255768048004
255746890753
255766024504
255755878688
255759260990
255746840250
255768042207
255757869551
255747264460
255746395091
255758014917
255748442146
255743600712
255758339489
255763719373
255759489340
255764886051
255769403229
255747104736
255768817494
255766925038
255764986398
255769598173
255769293052
255765735483
255765942903
255745927575
255764488665
255765178359
255746405813
255762703172
255766889835
255747117475
255745144011
255747572323
255746416919
255757055610
255742295459
255753089009
255765574246
255763850724
255764657356
255763850423
255752020145
255746002301
255747892279
255744278365
255746094305
255746353667
255747699452
255764577037
255758296876
255753203278
255756511271
255758530487
255757997557
255757830633
255765479976
255752143460
255767485408
255742271895
255765038268
255746122136
255754754474
255746370392
255745604639
255767194706
255742192099
255742057846
255742161125
255744731155
255759042454
255768110733
255753250428
255762918295
255746398303
255742503066
255767674812
255766333522
255743352346
255764664978
255767501518
255748447001
255758383453
255768467285
255769920556
255766191682
255755898277
255763155916
255758621109
255765436341
255742096231
255745441134
255742363314
255744395999
255764371099
255767381798
255747997442
255755917236
255767639766
255767497862
255756823724
255755562275
255753446067
255759862222
255746915005
255759199555
255767660292
255752268401
255747547904
255769231641
255765712992
255746672523
255757629701
255746808199
255759052529
255768251932
255757752130
255754294494
255769676886
255769893283
255757284494
255758033070
255765464314
255756626603
255767442372
255753003171
255757245369
255769822636
255769594502
255745105385
255748165182
255758652001
255747078985
255746352916
255744472535
255763239596
255742098063
255757055250
255752712733
255744290224
255767127646
255743077807
255744318608
255745296820
255747751851
255768554278
255769353780
255769333187
255768039436
255744608708
255755539288
255765894900
255769274722
255757178022
255768057479
255768590742
255767835297
255763105745
255762786815
255765175465
255743074818
255764869362
255759624442
255758575682
255766362386
255759732271
255753785163
255764329923
255747445196
255766353002
255759434598
255762598211
255748697964
255754365019
255758107279
255768932814
255766533673
255758359967
255745403185
255757159615
255746378565
255768180479
255747154343
255767892009
255746015052
255756786031
255753819313
255764276295
255768620076
255754345997
255742685579
255756914708
255769206193
255764867371
255754342228
255756804695
255747903014
255758196686
255763809401
255743350289
255753499584
255752509505
255742385695
255763059148
255766261056
255762443946
255769368837
255768429236
255762097938
255767921013
255767758168
255769027988
255747249187
255759003878
255748418799
255743625283
255746866765
255764579062
255767780975
255765096749
255769096133
255757010988
255765435262
255752176665
255759030788
255753822714
255742050021
255754811502
255758990847
255753606942
255757673070
255759174108
255756967522
255769686393
255764874990
255762624160
255767963981
255754889254
255756690439
255745411568
255747237077
255748421268
255769788182
255769545471
255744865397
255743181672
255745147840
255754440872
255753037281
255765655126
255767346482
255764959715
255759671651
255753909671
255765639945
255759266975
255748636843
255746605721
255743689423
255768882090
255743885799
255769692658
255746807435
255769798367
255769084542
255766717279
255768859892
255743305660
255762020858
255753976926
255765440182
255742002116
255758673269
255765115564
255742120320
255758434766
255746768947
255742355203
255755975424
255758702990
255742100485
255752223321
255747099078
255769232965
255762257424
255765951007
255766132520
255745635280
255769509318
255762287528
255764977968
255757485344
255759027289
255746586439
255766286729
255753621103
255758719693
255743891504
255768555017
255746840945
255744653251
255769139672
255752237132
255753015519
255745686084
255743329523
255756902754
255769863146
255769235461
255747802723
255743952875
255756582839
255766281308
255745328158
255765300240
255757646232
255759616532
255753739007
255768728492
255754948406
255766721207
255753134281
255753012839
255756588166
255745078830
255767397410
255759658891
255764124773
255743022329
255759982809
255753110921
255757351206
255759857127
255768473478
255764894901
255768075977
255767783941
255754894200
255748032278
255744966335
255743320512
255764493243
255764706916
255769235785
255744867725
255757284710
255742275355
255766965043
255764379257
255755325911
255747710171
255756855657
255753287501
255747936016
255756279049
255764292892
255756610852
255758957057
255742584746
255758183261
255765998115
255763012396
255743745808
255758202946
255765603687
255766375344
255754245207
255742770052
255742155923
255757816232
255754849904
255742280791
255766837625
255746266981
255757409980
255742548861
255766785092
255748244615
255742874528
255767753037
255767858275
255744859082
255759721159
255769911036
255766304154
255757867887
255757528213
255766967182
255742234931
255756120082
255763190222
255769965676
255747504538
255764639160
255765517644
255759173179
255762304844
255767314699
255767077812
255742417471
255742357639
255763487965
255756890797
255768978379
255745784615
255746894240
255766748077
255744550001
255746943304
255769721454
255762480994
255747572502
255742951034
255768659681
255755661523
255747646487
255747851952
255764761200
255755700942
255755720441
255766933073
255758892632
255745239787
255762023346
255753814583
255763266788
255745986487
255757045677
255742425420
255746857774
255762207378
255769512835
255767067792
255742579203
255752728540
255743441125
255752375409
255747552183
255759565726
255757822585
255745633716
255762929915
255746136833
255767345521
255747225734
255754871884
255742691968
255744765841
255744973515
255764980688
255747448373
255767209965
255753766319
255755223878
255744921604
255756613842
255754939448
255742884554
255742034569
255745822890
255744998102
255766670692
255744635938
255764401613
255759142275
255769341765
255766976312
255748676128
255767347653
255765566391
255758116486
255744199667
255757639490
255748696822
255747535316
255767156451
255742649469
255747575275
255744198066
255748129051
255752861107
255743683803
255756166050
255742956972
255755544551
255745876130
255746789235
255745805269
255766415787
255753252731
255766428517
255765832510
255759885673
255764610878
255759047253
255755305002
255748610555
255746756710
255743407445
255756526043
255758649640
255745933469
255745608313
255746750850
255757978482
255762028977
255753386705
255758337613
255766629873
255745268004
255745996801
255743758759
255747444800
255745180430
255756392174
255756484531
255762665752
255746087813
255766950422
255767974601
255769452078
255759068412
255752300538
255765509320
255757233837
255752569552
255742886058
255753136164
255742571673
255747042081
255747848449
255766152041
255754053340
255742687698
255767061318
255745166413
255747324567
255756544046
255762528684
255762408744
255746676795
255753513469
255745892302
255755387018
255744046021
255748058861
255746507789
255758593862
255763391761
255757239249
255759610439
255758143618
255745210582
255766072814
255743290380
255747948865
255743752050
255768369831
255757592072
255746287233
255745821152
255758633419
255752281596
255748055319
255745141051
255755683301
255762240604
255759426768
255762037193
255758773432
255758462864
255757037857
255752993161
255767251806
255755682867
255747645061
255764727249
255763375345
255747958080
255762372442
255768906484
255748413279
255744491477
255747449305
255744284567
255768715644
255763406719
255758284603
255744785083
255755454390
255759020213
255762872726
255759376305
255744533807
255753966510
255752171840
255743583092
255742027794
255768103492
255753095547
255766017160
255768282393
255756088960
255744509709
255757830235
255765694723
255758702405
255742518583
255765369877
255763054347
255743379194
255758576104
255744371241
255745435765
255758245210
255766197546
255769337933
255764416657
255769278879
255767824723
255745033976
255756592070
255748627691
255762798037
255743794568
255758137638
255766569859
255745148187
255769122971
255756740970
255765606505
255767451406
255769610398
255748442737
255763135347
255743959561
255744822703
255745592205
255768582218
255757074726
255765995915
255746204512
255748412450
255764670133
255757710441
255767743237
255768833516
255745170164
255755170067
255758130168
255743217540
255753251875
255763780409
255755969560
255759502340
255762289243
255768213898
255747075742
255765102145
255758344982
255755701200
255767182550
255757684598
255767066081
255742961416
255744283129
255748318061
255765815039
255752153279
255769392708
255753805192
255746093064
255766575231
255768837252
255746413341
255754876436
255767279554
255758058506
255762443721
255747214601
255769182444
255755505537
255766494348
255756630735
255766260450
255757522787
255758530437
255752982460
255766985447
255766897970
255752626288
255763076035
255755639836
255753164139
255745643144
255746604888
255757932694
255763776316
255758040148
255758664972
255757857763
255745153543
255744134107
255745335406
255758242245
255747398615
255767458276
255762495791
255747586553
255752405898
255769878370
255745520200
255757404398
255764736508
255768672966
255758285816
255743865710
255748194265
255753127628
255769498768
255765454574
255764786100
255769766200
255767090136
255748174364
255767514465
255742606054
255743332824
255743318135
255769302591
255765886690
255755183472
255754618957
255767072467
255768668374
255756071464
255769544849
255755209858
255746054587
255765789610
255765754035
255742819643
255744499643
255748357508
255745043502
255745235508
255744677833
255762267487
255767737567
255747968229
255747268202
255758689832
255759624424
255762056992
255768256060
255742771424
255752536744
255764461604
255744202858
255756048588
255753351876
255765333846
255742831770
255747422600
255744166450
255763299758
255748640652
255769821757
255753547925
255743680570
255753660359
255769497075
255746233601
255746541716
255748688018
255762930446
255748605319
255756303075
255765078155
255769295137
255757047443
255765559589
255766930592
255747198039
255767288102
255755941787
255763308871
255743259004
255746561842
255759621034
255752032031
255746225623
255742300812
255752104300
255744159669
255768491026
255746740340
255746173989
255765807800
255753803606
255742415296
255747210106
255743969684
255767868232
255769557736
255769423077
255742340154
255743911481
255764644500
255755431286
255743393824
255758096520
255762157171
255766571733
255758076125
255758441786
255759841119
255752820387
255745149977
255752839263
255746562871
255758023739
255758604318
255744821983
255747876932
255769726260
255765132169
255758412548
255743231412
255745561790
255756161898
255764808362
255766571961
255746857662
255746503168
255748626143
255744079175
255757992009
255754573219
255765319879
255767656890
255752252779
255763270318
255762085384
255769207650
255763038069
255743756667
255764394265
255767642919
255758517899
255768276026
255742174693
255746293744
255744975557
255767530016
255765073122
255769375786
255745547389
255752642912
255755334140
255742342364
255762462983
255757610455
255743147840
255744628983
255757371778
255765331272
255767548381
255748447456
255765610493
255747377456
255763518184
255759712408
255746565089
255742957222
255755499231
255743683560
255763874134
255766252773
255766560314
255744328580
255758951308
255757502273
255746378576
255755814886
255765465367
255743580094
255759637977
255755572494
255763495166
255743008716
255769228046
255748467798
255764321178
255742329384
255747428996
255744131197
255744088352
255747048757
255763211705
255742426930
255763545407
255743742051
255748315650
255768374470
255763064655
255768534972
255759748031
255742215845
255766401936
255747436601
255759734128
255766097044
255762157033
255745039302
255755058335
255758326822
255768690601
255746561363
255767347652
255762073234
255742501098
255767690519
255767194051
255744087027
255752417043
255764245592
255759163235
255759863527
255743076895
255754214133
255748408435
255746216114
255758733265
255748319472
255754514578
255765981112
255759085045
255766981293
255747012232
255746770766
255748063289
255747306541
255769475406
255745186375
255744947080
255747077920
255746309112
255747242596
255747479919
255766290844
255745533921
255758642205
255745675944
255767741713
255759762214
255765965644
255742500556
255744534919
255743574537
255764699752
255766578154
255758098449
255766165219
255768179767
255758265690
255748374770
255745629627
255769410602
255742897046
255747508859
255759896331
255757645948
255759460999
255768747857
255745719868
255757948521
255759565947
255767929339
255765344150
255744188456
255768131704
255763446841
255747819511
255765334227
255764287424
255769515202
255757632984
255748249720
255754548519
255759306865
255752918066
255769653471
255769768456
255747884372
255746591134
255768643267
255764843274
255743480631
255768805565
255757908302
255752090215
255745863491
255758728694
255753203193
255763850319
255763880418
255754883616
255744538345
255752956764
255768210688
255767721158
255757176324
255757112232
255756607314
255768754391
255752232619
255757285122
255757198254
255763143104
255742387016
255746172608
255769623716
255744325966
255752203982
255745233427
255768850562
255745776783
255744723594
255768948048
255765500575
255743726115
255745749573
255744953403
255768273519
255745779712
255744392118
255764803537
255756039481
255742266559
255762873089
255747213478
255758573360
255752289164
255745719995
255748122826
255769814740
255757712011
255742910689
255755844393
255768644673
255746845616
255747591788
255766491998
255767881851
255757370794
255768027683
255768595863
255753480256
255763266865
255763736250
255763786957
255759391348
255746210558
255762333481
255748727095
255769489367
255766167644
255767472167
255746393593
255753951306
255759947911
255745082584
255757562768
255768144775
255769311975
255748349051
255756378137
255762511976
255746449330
255752921140
255745257275
255742145520
255745859492
255756437538
255755161338
255744675155
255754546430
255745066722
255743441906
255768184042
255767232424
255764019049
255768474847
255754483445
255757850400
255746916316
255753073860
255747257567
255742935004
255766003166
255754019961
255757977387
255766209089
255767717444
255759209102
255747566678
255767086345
255769087391
255753738799
255746874489
255769936872
255748312097
255747356077
255747740041
255759258980
255742925055
255766184577
255769024050
255753178772
255753386557
255755172024
255758791955
255753467671
255753920566
255755777855
255766137026
255746198882
255768870840
255745261299
255748628880
255743261219
255765347546
255747628957
255755183409
255757342448
255765184095
255758515298
255744896098
255759254401
255759563388
255743617090
255767538036
255744009446
255752073118
255756087860
255752636498
255753640156
255752926213
255747830723
255748621771
255747586304
255745659533
255742948840
255742143095
255763592122
255742373535
255763174333
255766289334
255755509305
255768486022
255767149384
255759920573
255746201812
255747789912
255759862872
255742212880
255764582767
255766936444
255743496008
255765905112
255763985058
255756833649
255745722375
255759296761
255767498094
255744132758
255756511542
255759216225
255744152151
255764234735
255764810915
255742154406
255764050809
255742855073
255764151889
255757801720
255746706074
255764972392
255762468707
255766095574
255764360644
255766465458
255748202296
255758651167
255742231413
255742555214
255756272343
255769410626
255765921004
255766979485
255762401725
255762682052
255762392693
255765765060
255768126285
255748301089
255742041806
255744694969
255756835449
255757638256
255746181227
255763877318
255763797862
255759440477
255767946603
255755644641
255753517126
255747476956
255769034696
255759036186
255768308833
255768903345
255756739063
255763713327
255766291191
255752806251
255769957436
255752465141
255769276288
255768191126
255763506533
255752828099
255769339961
255765725569
255747082890
255756897386
255743466421
255758717636
255746706858
255763366028
255762430989
255747717814
255748274424
255742890612
255748237756
255767772678
255745340418
255766756186
255769744235
255752022403
255766500932
255753039633
255764015323
255766231956
255766675408
255763040531
255756908902
255759317394
255762337359
255766489869
255764393658
255758530766
255742567597
255744212468
255758085070
255744894489
255758091759
255747169983
255769939152
255763458691
255763135077
255752154021
255767116563
255745010684
255748020384
255768802178
255769568875
255768957582
255759374470
255769459245
255768464021
255745180829
255745202703
255757972580
255759214022
255746483613
255759180094
255769617563
255746332070
255742442872
255745962877
255742871011
255744386232
255747203696
255764000397
255763305284
255757155776
255764088380
255768124977
255756231573
255762492261
255765831803
255747141890
255757243590
255756524186
255747195061
255758786650
255742136052
255767639342
255759128459
255767441237
255742884035
255743921619
255769223684
255756931623
255748234322
255747373391
255757719593
255745146565
255746660063
255765019462
255747159886
255747479110
255747949606
255744367425
255769226899
255748492401
255758252131
255746446408
255743629819
255764157706
255742761181
255747559470
255755083602
255748767784
255748604075
255758700863
255759443083
255758336796
255745350955
255766812355
255747422280
255745109733
255746473163
255763520322
255743903662
255746728962
255768203504
255746182289
255744407619
255744236723
255747737325
255757631471
255768811067
255746006708
255756651077
255754805727
255743415583
255758384587
255744857568
255769162603
255756490853
255768583618
255743754076
255764326692
255753670033
255764552746
255769383262
255744511485
255759706099
255762732442
255759002926
255744491415
255746580594
255765970443
255744167123
255764452432
255748654164
255755936498
255753822175
255759923822
255763585083
255745375970
255747352515
255758143785
255753857681
255745256849
255762448990
255757571878
255752890381
255755717210
255752757473
255746297351
255747968120
255743927970
255763985238
255754673196
255746186947
255754386925
255759491889
255744338441
255744375958
255748459517
255762817540
255769959167
255767923504
255768077664
255767345478
255762074692
255752046751
255766463707
255768209755
255762979127
255745353223
255742568637
255746992935
255743801064
255768292673
255747182847
255744690628
255758084345
255747687096
255747619699
255746043903
255748104944
255742945222
255768190415
255758690793
255744027737
255752488714
255768974382
255746451963
255767121340
255747017438
255763016870
255764142869
255752516402
255744235880
255752549119
255769854998
255745658127
255747954313
255743304122
255754435490
255768346247
255758262284
255743023657
255746718151
255744561160
255769086735
255754958816
255747501065
255752656076
255765979226
255752796474
255744437688
255768651193
255759276536
255744362790
255746381347
255744234120
255756532186
255763294543
255742021691
255762643789
255756029012
255756940764
255748170790
255748085896
255764513230
255747764973
255743142522
255759558963
255769908111
255752828477
255754520983
255745401197
255747078643
255767803716
255768313868
255742353920
255758958150
255754908733
255768317248
255744753375
255758187521
255766185799
255742985893
255764326272
255742483332
255759179250
255744204900
255758202106
255748268540
255743408312
255755719384
255766098240
255766760436
255756387112
255748458652
255766787760
255764162183
255768860791
255744824222
255746973950
255769754732
255756231952
255746631200
255759455354
255757103710
255747264789
255743767941
255742640926
255763401181
255755280845
255755476271
255752019530
255748148480
255763799506
255746019584
255768865476
255758272089
255754451590
255745374337
255768117126
255767925091
255744368563
255759990173
255747052172
255755056584
255747032778
255743354225
255759074995
255766271082
255762892035
255755260929
255744562881
255762961767
255759337393
255757529710
255755206509
255759703389
255764575553
255763919882
255759489287
255742208823
255769536186
255743907804
255744440635
255759524932
255767579245
255764686445
255768899657
255758188453
255768490651
255756885935
255758768498
255746527035
255756540808
255742556180
255767651791
255768109496
255742106156
255743741926
255757004247
255758017309
255745782224
255744809854
255745761426
255743390221
255758656271
255758974062
255762439853
255767534843
255762968847
255764449878
255756771796
255767616231
255767321984
255754879481
255766290058
255766986158
255759209508
255748314742
255752886710
255745826510
255742530353
255742711936
255757004022
255757549299
255765852781
255765741065
255743269293
255764008979
255759173568
255743885656
255755040025
255755668431
255765797268
255746241763
255747796033
255759710833
255753856506
255758230454
255768843001
255744745030
255767461485
255753698160
255755100476
255757233824
255769185743
255765394137
255763389235
255742735183
255764740622
255763941550
255758445264
255743753630
255768655149
255763723957
255764274514
255765950340
255754720467
255766827713
255767408697
255753967303
255747557255
255754211841
255757046384
255742074305
255763762006
255754817843
255763905106
255752347712
255768530495
255742191981
255748060017
255767218147
255747159348
255752825933
255765258793
255756928569
255744984916
255765577252
255758672785
255747776475
255745419883
255744170182
255763211376
255759306297
255755099331
255745322324
255758437899
255763478873
255753100846
255746631462
255766269310
255742550204
255753851733
255752587506
255744041007
255769649139
255752424236
255746605257
255745926331
255747529621
255747161807
255753886454
255743323321
255743002216
255744137017
255759716118
255747016653
255744513217
255753153591
255766588837
255757109503
255759715214
255765036707
255758460023
255744453285
255759382755
255745160512
255747386967
255746846525
255762720166
255747067237
255746622105
255742402607
255755713195
255756294767
255759036287
255768048694
255768615017
255753118917
255759133071
255768102809
255768761812
255762326464
255764573023
255763760131
255759434970
255745634082
255742313128
255764820529
255764746621
255762448581
255764897733
255745406806
255763506950
255762995899
255768548315
255758222759
255757048690
255759872019
255768200617
255747637012
255748399619
255746692502
255758716157
255762188017
255759652696
255743063380
255756533877
255764866630
255754633309
255747086509
255742703419
255745213885
255767684154
255745359278
255753772689
255765665418
255746464557
255757586909
255746143219
255768617762
255763711949
255754775176
255747858848
255747490505
255758061204
255766143587
255755213500
255745202396
255754013232
255743922485
255763028628
255755827857
255747287340
255747842943
255763898593
255763974564
255769041602
255768199121
255755523178
255762683466
255743381285
255759066051
255746720406
255752628741
255757010337
255759450246
255764243443
255764170986
255763154593
255768059821
255754854313
255752475649
255767620504
255747978917
255763180132
255742452036
255745927436
255755627871
255743046441
255746945771
255769624166
255756916630
255747602652
255765916342
255755978266
255763340593
255768551662
255766309158
255752151378
255768293597
255742086283
255767606431
255765743253
255763268749
255756536308
255763887631
255742382450
255768812366
255763370934
255742501675
255755489039
255745723371
255756337526
255755362890
255766145506
255769969249
255759368625
255757482333
255743592746
255759121517
255762646988
255747374366
255742363260
255746933329
255753958432
255752672343
255763581000
255767560592
255742927406
255742821674
255746624934
255765448643
255763531302
255744387681
255744505412
255758309955
255753244992
255764921756
255746831379
255766135542
255747001645
255767923522
255759627769
255744584932
255753939332
255762648193
255757640553
255767771341
255757496881
255754741790
255742967569
255767815178
255763415509
255748290348
255766583833
255766101452
255765014710
255757583397
255769504773
255753910779
255759282295
255746088170
255746095445
255763072483
255763385702
255744794251
255754037941
255769195731
255743521169
255742747301
255742756055
255743305565
255768448110
255752742780
255756369836
255745155045
255744379976
255763027946
255766100771
255766096658
255769518395
255757119935
255757807175
255763458032
255746101851
255755831557
255769014284
255756652105
255746361945
255745408497
255759609774
255765067738
255756938294
255742000670
255763817281
255765641396
255765944698
255752896534
255767636029
255742260049
255745161985
255746500720
255757215522
255765505238
255758605640
255746195257
255756548387
255745342748
255765581506
255757615442
255755283615
255769916031
255747020617
255767656989
255768609996
255755845611
255746559577
255745479288
255759116709
255748446510
255764168229
255742148713
255759143168
255747651250
255766894515
255754092733
255755478426
255756457202
255744215375
255758246390
255748265761
255757026234
255756307860
255746279524
255754858430
255764371153
255753697262
255753950525
255746097815
255746531976
255765062505
255747736566
255742868588
255742252102
255759136145
255752978153
255743190080
255742602717
255759858098
255762164304
255768570235
255748276485
255769285719
255769697131
255743920777
255743502720
255754571645
255762810700
255764017405
255759847691
255743991122
255748016986
255766221806
255743941728
255764998701
255745830463
255747326759
255744721653
255747761453
255755072936
255745699045
255759318895
255742053656
255758769903
255762598769
255743628674
255763567081
255746851556
255769310430
255767505716
255767510060
255762413322
255758069112
255744541605
255745216545
255768239830
255762680534
255765270164
255756005987
255743448214
255743403436
255768395381
255755502931
255758161748
255762517514
255753592951
255747077934
255762814633
255762273419
255766487064
255746135873
255758528213
255742917536
255763783333
255743681103
255743790680
255744006674
255763885646
255769690961
255753591024
255748296837
255753485470
255758505152
255748684872
255759335609
255746627063
255766206653
255747524878
255759921615
255769471919
255747583489
255768698815
255747162741
255759294159
255747273116
255762138896
255747051396
255745049930
255759301578
255757855561
255754895463
255757964174
255745296576
255743950437
255758309662
255745438988
255763411757
255753240410
255745228981
255755562223
255757053211
255762465801
255745771295
255746385613
255746616244
255766639630
255764942684
255764962700
255759037554
255764972089
255746645158
255758677766
255752834498
255748704795
255768827186
255752983384
255759087953
255743571322
255743065377
255758984122
255766766101
255752077113
255766732593
255747784835
255745658354
255746862210
255764525021
255757191077
255748028089
255742216757
255757353682
255759052728
255753892978
255759029396
255758514405
255753413655
255742357576
255759485376
255766383195
255745209857
255758977091
255752031646
255763952455
255744998800
255762192743
255767280412
255764114322
255748014120
255753712932
255742204244
255743984445
255743854753
255767413511
255758989117
255743388955
255766715889
255768778971
255747435959
255757125184
255757292924
255756826205
255765804831
255759978730
255742456960
255742436067
255767712968
255766423240
255744170150
255743976739
255752967977
255768074906
255753536338
255759137848
255746583418
255746942659
255748293152
255743600503
255757617082
255768194142
255743467186
255763059987
255742011057
255744180121
255746734521
255763223921
255743223434
255744173635
255753052663
255759988262
255769667393
255769443044
255753989071
255765674881
255752181808
255762786872
255745400267
255746852080
255767768728
255742116505
255757066552
255742142212
255752089187
255744399825
255758383390
255744221754
255744452183
255743125076
255755869318
255754882115
255742276248
255757640450
255754685488
255746291962
255764771637
255763317210
255744951313
255745092349
255748003010
255769680631
255766549774
255767768550
255747422960
255758198835
255759885214
255762365367
255747104695
255746136275
255752481167
255756644350
255755756297
255742034602
255766073095
255744461804
255744666441
255755837485
255755483937
255743285806
255758215347
255742305839
255742224281
255756767331
255757603765
255757623964
255752665016
255742244169
255745747585
255753481353
255744648151
255742465350
255756747298
255746411054
255746626073
255747027001
255746335117
255748183343
255769820187
255759319088
255769570602
255748270293
255763811258
255766431247
255762324720
255764689743
255753840759
255747091202
255743255674
255764944906
255752483587
255742481322
255745214953
255747055324
255759286591
255766593233
255757391059
255744924415
255757366425
255759898515
255743229966
255759848614
255768874445
255744326033
255747316033
255764090379
255745832827
255746572250
255756788492
255769218584
255764035447
255765348151
255747141118
255758327928
255742588644
255767057056
255763462263
255758010466
255744666396
255766685500
255769616821
255762735478
255762477034
255762653842
255768265622
255758730670
255767313062
255754972040
255766556964
255765129430
255755320636
255764480311
255758983871
255742829690
255753812718
255755831333
255743306934
255756652168
255769847672
255745537423
255744184842
255766093378
255764329839
255764688163
255752134471
255763870627
255765008261
255759635748
255745982410
255753060374
255746403451
255762861125
255743701551
255753616681
255746252418
255755290220
255744959100
255764301356
255767174259
255765259128
255757676830
255756831423
255764637925
255743638976
255764498764
255742925129
255758117245
255759159940
255742137523
255745717152
255745632985
255763305595
255744782999
255743021088
255759493165
255759051643
255744103978
255756499261
255766456915
255744329883
255766456716
255769931263
255752644626
255769048770
255768815667
255752885245
255745074619
255746863196
255762019712
255758097303
255768403403
255762160888
255766027731
255746121596
255765645022
255742483896
255747826978
255763323476
255743590314
255744155017
255747145011
255748225358
255742332266
255743366004
255769156951
255746966624
255752859790
255743766722
255754364084
255765726100
255758243865
255744626481
255745447258
255757267159
255748701548
255746382756
255766207656
255746853825
255757737912
255765921160
255752997439
255746818582
255767666868
255744334910
255767962917
255765642310
255746446668
255769195742
255745273735
255767957248
255769390407
255743933025
255744559192
255746606009
255768861905
255764490588
255748369096
255748251155
255768778496
255744647723
255767903018
255755095926
255765295110
255756961816
255746310433
255744515562
255745191991
255756620399
255769080231
255748180095
255745486545
255753921952
255756026174
255762943274
255768916408
255764322930
255757315017
255759796644
255747837441
255767885060
255756564370
255769523502
255766284578
255764573401
255766564301
255747593330
255743670356
255755515751
255769171953
255764092131
255742200370
255754200445
255753316414
255748622716
255769128120
255744869062
255765463279
255746096266
255742517932
255766815375
255767602351
255765554274
255747346028
255755458033
255743653216
255744147776
255758314367
255769305950
255747850599
255754494748
255758513361
255743189325
255764733487
255764733785
255759192855
255747257953
255747124971
255764691722
255766389763
255768183965
255763779019
255758605392
255742644608
255767986215
255743732328
255743831444
255758768903
255755964711
255769561379
255769140264
255743483462
255752927825
255744504492
255764318741
255752444474
255762357713
255766246267
255762387515
255746373358
255756579696
255744483191
255743260773
255747050130
255743556817
255754469745
255757797253
255746163921
255748416792
255747334601
255767464791
255746049247
255766881636
255769868083
255752313767
255756222699
255764519965
255764982660
255763137299
255767584439
255745960676
255765009908
255764574234
255746798503
255755813608
255759036372
255765484072
255764053217
255747539558
255765352050
255746758743
255767101361
255759029071
255768942325
255742163207
255753486481
255764144140
255769603017
255766736735
255769378913
255745924788
255748029266
255766680671
255742786495
255744029478
255752713449
255742932223
255767772238
255753095217
255756601864
255766352665
255743949444
255746090823
255742940965
255769999662
255748715010
255746684383
255756086118
255769192024
255764065685
255769119721
255765611906
255767176883
255748629834
255769022858
255754655223
255766363701
255762429458
255745326086
255753031071
255753759071
255766272587
255744418241
255747249114
255742550617
255747516901
255744945743
255766958515
255748462552
255756241539
255766268870
255747409969
255767688013
255744686863
255768912203
255764848742
255769881435
255763849796
255743856826
255763562580
255763860999
255762953531
255758335195
255766376140
255743689616
255768094905
255753881056
255748407143
255768223742
255752616349
255745755528
255759018731
255755220574
255759734788
255762627182
255758616676
255754931098
255743446040
255742912609
255768114578
255757592490
255768786027
255747420027
255745970914
255769601302
255747837936
255766411150
255768816832
255767615484
255762667040
255742010290
255769685183
255764975379
255762177614
255757047077
255756881733
255759331407
255743771074
255746758216
255742661318
255743832688
255754657602
255744476165
255766184404
255747826009
255747274859
255744284818
255745852725
255743092657
255747274311
255745766908
255765177240
255743191287
255762358228
255759964984
255747338654
255752271857
255745797910
255765502810
255752837038
255746184318
255753041113
255743881018
255755226091
255756584169
255745216993
255762398089
255769250922
255768583290
255759190329
255759209460
255768015843
255765598446
255742003839
255766153987
255763288582
255758975339
255744252957
255766086962
255765080673
255752094107
255744208163
255744472353
255744061052
255754288170
255767774863
255754021584
255764540894
255764687168
255769520391
255743036958
255756522347
255755423604
255757516635
255752535359
255747693249
255759260084
255745352445
255769193373
255748372544
255767499306
255765427059
255754764951
255768789797
255769243196
255759865258
255752591053
255744663606
255765356272
255754497734
255765340619
255763825300
255743144142
255758380162
255759731665
255747109319
255756252019
255763485448
255766744147
255756532216
255743332234
255747526109
255742488243
255769368352
255748202894
255755879967
255763707910
255769436836
255754394235
255765461828
255756523171
255744395768
255764985181
255742585281
255748281174
255754958328
255766762722
255766782969
255753003883
255752289742
255745728370
255748102373
255756336851
255769883088
255745792552
255759513742
255753264760
255767051729
255746362898
255768096177
255744972249
255755727124
255764543809
255768506409
255756623352
255758953719
255744814536
255767392721
255764383483
255755348595
255767480794
255745630626
255752948483
255768462823
255742015080
255768199717
255767568115
255768190980
255742300088
255746010504
255762837564
255747510556
255758191295
255766887960
255754645289
255745204861
255769597972
255748378389
255743585419
255758313914
255767514333
255759962069
255762471157
255747766066
255745502528
255763228731
255763082671
255759310962
255764529805
255763218458
255768897852
255762704942
255759096445
255765431303
255764310319
255758105668
255742005464
255752182352
255765159036
255748687602
255762716287
255755907437
255765516366
255755199592
255742427327
255763901399
255759512131
255753479750
255756090492
255757345547
255743470633
255765056729
255765086329
255747976554
255757207105
255748286281
255769862702
255746027239
255768595382
255747695029
255744155436
255757781883
255759541333
255759149604
255766160315
255764304880
255747816169
255768516315
255768362201
255763398843
255769113324
255745816912
255747539158
255764133826
255763588777
255743552264
255742071442
255767934388
255748370448
255752716653
255765300469
255757487504
255763406017
255753707951
255763459622
255766371160
255745036913
255762779147
255759524347
255745836503
255753064170
255753254213
255745159731
255769690497
255744564620
255748668159
255747403170
255755159847
255763006803
255769338064
255759823282
255767591978
255743620441
255743248865
255743316077
255766956415
255748151658
255756342304
255768458994
255765416267
255769370140
255763287529
255747582825
255758298764
255767698713
255752935426
255753750915
255756010335
255769525867
255763468229
255752962453
255758702483
255743074827
255742943986
255744177025
255769847189
255746146966
255765967009
255747631028
255763156415
255742149169
255742803891
255762335699
255747882029
255742792437
255766716258
255746904338
255767019279
255746126225
255747394532
255747344231
255766573468
255742865859
255752725767
255742974498
255768030187
255752148058
255742075199
255742658508
255767777828
255766474492
255747848167
255767747725
255748237949
255766850663
255764680260
255762538784
255757590482
255763816802
255756762106
255742761783
255758564925
255745398423
255769283774
255753848868
255758156754
255746543421
255756748095
255759243588
255766725084
255742271350
255759289482
255752393598
255742984284
255746821610
255746056597
255747294223
255765484960
255742074659
255766296276
255756688177
255755174259
255746706247
255743661198
255754677208
255747625196
255743814594
255758061235
255746252099
255753032374
255744680756
255758028718
255769093649
255759144619
255755258633
255757176881
255753544398
255758688627
255744662195
255765938826
255743473630
255763001673
255764514014
255767281479
255742991653
255744938537
255748484076
255752365243
255756395012
255765385490
255753435625
255768330711
255755721346
255759097944
255744556224
255755057028
255762235213
255763132667
255758097828
255762538261
255769675070
255762519440
255755463622
255769645846
255755181774
255747868020
255745532650
255757479545
255742463110
255753681139
255766340647
255746582705
255756289856
255758265910
255767167437
255742156776
255764080003
255765403632
255746559158
255742269327
255746032996
255754771096
255744983515
255745151804
255768753453
255743837725
255768890770
255763100659
255755919033
255748081140
255752347168
255767354087
255744072543
255762893319
255754846720
255747547317
255767095098
255743351675
255769876728
255766443559
255762416248
255742696044
255746490582
255752852099
255767339955
255762093011
255748361927
255752176332
255745927857
255742514886
255744791755
255755928236
255758984278
255765486028
255755931320
255757287361
255756245425
255764984625
255742110325
255768716019
255759540507
255745116174
255758284596
255744765420
255746674269
255765968863
255757711693
255748636763
255746794515
255746220691
255762833346
255753129455
255768757884
255768870294
255767298094
255767653391
255745109722
255742017597
255743326561
255756884292
255759405589
255756564704
255767264861
255758169996
255752027341
255757696808
255746166609
255744103511
255758951955
255742100422
255769723609
255765764453
255743042776
255745570062
255743641298
255747431530
255768380712
255748453807
255762307627
255768626646
255756795682
255767480012
255753260361
255769141451
255743560496
255757497304
255742501888
255766909046
255765315515
255769667765
255755841887
255769355417
255742283063
255766021980
255757506779
255764305614
255764765156
255744072803
255755854881
255762432428
255764715554
255746213610
255746585219
255765319200
255747514325
255742444127
255769999528
255743867172
255743578784
255743061883
255744289890
255765134361
255743804584
255763126196
255757354138
255755738770
255742990927
255763126942
255748066501
255744244806
255746624678
255758378158
255743378568
255747696079
255762375207
255767649898
255746978993
255763272153
255766483360
255765005052
255753838309
255769614847
255769861462
255745846719
255748012903
255745397840
255754771240
255766588495
255756057123
255746573427
255762946763
255759859267
255767769702
255765820010
255754255506
255765866794
255767094872
255763058136
255758748880
255767173817
255747442499
255742566420
255742339216
255744564631
255755917153
255768545965
255744028047
255746446825
255762978030
255768046585
255768445501
255759756239
255747935012
255764036333
255762360694
255748140174
255759544756
255752657839
255748635645
255767613570
255764623570
255757214239
255763023137
255765093337
255762299458
255767816369
255752535888
255744732030
255758148740
255742588856
255742665814
255767560508
255769730929
255762434857
255762555107
255747763923
255742372476
255762365415
255759405708
255765380153
255742619776
255747116399
255768469463
255756286330
255762384683
255743722064
255766976790
255742883830
255743146115
255757521165
255768043708
255757634768
255752363376
255766406985
255758172197
255754993911
255752516891
255764372425
255742412381
255759027815
255743866863
255762126362
255762126567
255763177818
255745945669
255743334658
255744902471
255745395232
255747549633
255767072244
255762072512
255768224906
255752732058
255767932862
255756280576
255768349063
255765023192
255747585799
255748149214
255759647946
255766890500
255769277847
255767960270
255765880044
255758247509
255768351346
255744208940
255754398475
255756853541
255742239136
255752320790
255768329057
255769144894
255744016392
255758714348
255745200233
255766830374
255767596448
255754264573
255747625612
255746347746
255742096588
255745112908
255748717227
255759986559
255762641579
255769040888
255753631120
255745712171
255758733766
255765024871
255745752694
255766490721
255764876754
255745364812
255754660277
255755022458
255763132700
255743600508
255769276005
255747611572
255765627253
255764508701
255746294414
255747300497
255746462997
255743444840
255744051821
255769324437
255746928051
255755371419
255764476519
255744164559
255752434306
255757431197
255766520403
255758239702
255754609671
255759426825
255764589560
255746212756
255765188607
255753795969
255767530291
255745340169
255752698338
255755979222
255766968220
255766130676
255747253014
255766786049
255769921543
255747693340
255762787852
255743552491
255766580189
255767014203
255752279313
255767875879
255748052395
255747708170
255756069602
255769583905
255747281263
255769583701
255769033946
255748210559
255742457848
255759711987
255743523043
255756935894
255745596316
255748325577
255756675379
255752521777
255768720474
255758117705
255764420037
255768476226
255752449526
255754057362
255768859069
255765426950
255759034676
255756250826
255748042522
255762204202
255743518681
255764351548
255763848342
255764526027
255762716850
255758425556
255763489016
255752381341
255745654584
255763409286
255745703306
255768149076
255748198757
255745125102
255748336108
255765049972
255745521968
255742064910
255746521853
255768218091
255759830315
255743086798
255762363502
255762457042
255768059675
255769143586
255759161072
255762268283
255744593289
255759917999
255748690796
255757189597
255754418338
255757991973
255748679038
255744129730
255762780024
255767747361
255745354294
255768815499
255746149699
255763127262
255766893916
255742104546
255756512044
255758333792
255747167548
255764788414
255766555221
255758972423
255755677188
255759696026
255763347590
255744073014
255766123242
255747746096
255746463733
255768624430
255742898696
255768604737
255757266412
255745347512
255754468364
255744179020
255744702098
255752331677
255743847549
255758128611
255757831863
255757315786
255745673153
255768961233
255769079304
255759747085
255758954990
255753357725
255769762389
255742339820
255744920762
255759528693
255752127089
255759447319
255745081301
255747984185
255762634956
255768480429
255759037505
255767556223
255768649922
255753253657
255762054212
255764377462
255763178872
255743132398
255748248581
255747150630
255746310480
255757886712
255765384594
255747692148
255744047582
255744024435
255763523818
255765164924
255744365369
255764455247
255743301723
255762475726
255747325769
255745766444
255752605905
255742518444
255758405997
255763216717
255747738810
255755489208
255764908219
255762759884
255762733169
255766463070
255763840941
255742698056
255757053620
255769291763
255758293128
255753889220
255757694781
255757231668
255753294437
255752369834
255754496212
255752319032
255752695233
255744750137
255757820578
255743205394
255767335706
255755803744
255755845259
255747624962
255755345668
255763150615
255757867518
255758732659
255759178824
255768201236
255743341052
255756512547
255758080186
255756040415
255742695543
764265842
255747888282
255755451129
255758591781
255753455637
255769689031
255765887190
255743357552
255759276409
255748271294
255748201183
255756630373
255742581895
255755558582
255745022786
255746698628
255769897152
255742090849
255759478945
255753293812
255766121670
255744001449
255768011838
255747349523
255752464556
255763180627
255753267784
255766727771
255753635247
255742864371
255747676753
255762970018
255754080871
255769459069
255765820050
255757061725
255742392731
255759653527
255746050321
255743444139
255764594976
255747150437
255767584976
255766373547
255762757886
255759268631
255744721829
255745184021
255769798142
255755150901
255768786057
255758604296
255762289475
255747515907
255766557058
255763336070
255743677429
255766719426
255762305676
255745228713
255756771689
255757429555
255745021416
255759492470
255752968211
255748335211
255767934169
255747580215
255767021364
255758577519
255764222023
255768394159
255759941042
255762637356
255755624685
255763415690
255746852295
255758387056
255747855380
255762057254
255764347538
255762555199
255764689519
255756055334
255744594302
255747545814
255748740177
255743429374
255752304921
255752213680
255752531538
255768042302
255748164645
255769062571
255752796318
255769992451
255743848575
255756926854
255768435604
255768960867
255743552611
255766961159
255767782821
255763080201
255742398031
255748434857
255753304678
255745261117
255764184933
255759077447
255755858677
255745463100
255746312257
255769976246
255752433130
255752675216
255756396431
255758061068
255742919654
255754989914
255766238140
255763358566
255747099530
255753013612
255763265551
255769772504
255746586249
255764743367
255747558255
255762819357
255746939881
255748726099
255748638181
255742092297
255753147851
255744974780
255757806495
255768041280
255769524963
255743165002
255742436931
255757781633
255767492441
255759287012
255748304772
255742125514
255744826557
255762165379
255769031088
255745084643
255756909795
255748601304
255758125090
255768318982
255747587929
255757256352
255745330183
255763758802
255766404888
255759237485
255743209991
255752571987
255748354265
255755800425
255747044816
255763989339
255759401056
255747738528
255746752666
255742023365
255748418629
255767585251
255759266829
255758510254
255742498166
255747261828
255744964627
255744979595
255762538525
255759934912
255762534012
255752795537
255748650643
255763556228
255765366762
255743036580
255762254406
255744336495
255755482223
255743715561
255759135831
255748468833
255743573723
255765270995
255743061520
255744339606
255743042547
255765717275
255753641928
255769759287
255752146581
255758359041
255742347130
255763951477
255745844081
255758006414
255767878846
255755553564
255742135468
255763872968
255746432567
255743068236
255743396667
255753115601
255743176420
255765573560
255767907994
255748161143
255765833104
255743678099
255747523213
255748119842
255755860167
255764590711
255757868736
255743406653
255759839873
255765839822
255767995514
255753489579
255747607242
255744922068
255756387257
255748739143
255744162957
255758201244
255763155340
255753367273
255767720105
255766619425
255744275350
255748381825
255763577235
255748300662
255746594117
255769538536
255748110649
255766210160
255768417786
255758957061
255759902218
255744693300
255745519731
255769272835
255759427219
255765994802
255757841524
255767612619
255767902807
255743739730
255768251963
255767530973
255743659577
255757880254
255768767531
255742368050
255767991115
255757443647
255755999144
255757654014
255756389809
255755939922
255755943400
255759940268
255764890897
255755716747
255763425408
255759839326
255765035775
255767965134
255765948625
255745488873
255752320476
255757690491
255743868069
255767823821
255763358579
255769637850
255758302998
255763358371
255753836953
255767284343
255763471122
255748364495
255768014879
255743373161
255769204240
255768411206
255762189777
255758658993
255748035842
255767028566
255746698872
255767737116
255758196493
255752390322
255745854767
255752340022
255768103405
255743444345
255764843230
255759937916
255747484266
255769370129
255759695165
255757223243
255753112554
255745661614
255746578803
255758142153
255762714011
255762886422
255744217279
255745769019
255748284700
255756514715
255742382947
255769696724
255747920181
255752487584
255745505435
255766211498
255766759208
255763578302
255762596069
255747821968
255746050699
255765048919
255743214586
255758979734
255746155641
255758740053
255762359241
255748679155
255752990442
255743026687
255748637518
255766931705
255747163123
255754679786
255766243236
255746629647
255746909563
255753830610
255742309858
255768567201
255769149423
255753972703
255752473668
255744280646
255762500745
255769666487
255757226192
255767400281
255743134107
255769470044
255768255136
255754969562
255759197317
255747895256
255764552705
255758026324
255748388895
255762173897
255768045268
255753279425
255765674993
255752683098
255759191027
255766504191
255769001587
255759079966
255745427957
255745729961
255758021082
255744126618
255765608581
255745618882
255742248868
255747646838
255743859678
255742544893
255744178623
255753073767
255748489229
255745509482
255744730989
255757566066
255753412089
255746527553
255752595662
255763553508
255742361331
255743975064
255765108934
255759138741
255743312311
255757118941
255763524006
255745873292
255756310710
255754891790
255759390124
255765471875
255757996005
255768084413
255765023597
255756400354
255743303720
255768190095
255755442019
255756659986
255752084430
255747919930
255754304557
255753071045
255752954100
255747574809
255768125905
255769079798
255768755706
255743926260
255756060509
255744465865
255769639072
255748143422
255743236641
255766696374
255756166351
255757409881
255769774944
255743641075
255745513608
255743755949
255743597547
255756673437
255746491042
255757894885
255747948236
255764547901
255769265029
255764087192
255754889063
255745819947
255753435798
255754367362
255756614377
255757978453
255769777624
255768974591
255757896672
255759375625
255766298836
255766533241
255744016174
255743684828
255746791751
255763562683
255747461012
255765421241
255753721840
255746312798
255762821804
255755723694
255746258722
255746751666
255756938718
255766222656
255769356840
255752718058
255757539786
255755265549
255768849322
255754029034
255746603204
255768602787
255742100053
255742568120
255767321186
255769367272
255762834310
255758283515
255754629800
255756772421
255745993729
255742809237
255759115579
255763260924
255766374582
255743045517
255764068483
255748255519
255742269701
255769776606
255762395924
255763570796
255769369330
255744449389
255759130276
255742881684
255766890429
255743888468
255768949204
255766879000
255755528958
255752526878
255763447886
255748396174
255747763991
255744387215
255768751771
255766033109
255767474692
255742038793
255742361359
255746261299
255763226386
255756058076
255757677359
255763127839
255756443898
255758498636
255769321942
255764837922
255743733282
255758716990
255742371946
255765290947
255744504552
255744453667
255747107350
255767343730
255744001540
255756671980
255759465066
255758551830
255743951848
255752307094
255743097337
255758485805
255765540642
255747759452
255752846661
255753176378
255744065566
255747556959
255763206823
255757427040
255759280364
255759147813
255743387982
255744941863
255748016607
255755660686
255742019266
255746072405
255742823464
255757420777
255747663595
255755862015
255743306273
255745736793
255769314527
255756773535
255766849647
255743954754
255757241820
255746929837
255762352524
255758545631
255743331361
255764295307
255762877171
255743927361
255747655734
255757028679
255742808869
255744762299
255747197889
255744853661
255747171512
255752135973
255746424306
255767738898
255769034970
255769285540
255769031684
255756662448
255746647257
255758553924
255765313870
255762880180
255752007155
255762053506
255742839198
255758548012
255768124460
255757653959
255745739566
255766117189
255766040629
255767589375
255765262085
255767364909
255769808334
255759333298
255752074428
255767126592
255759341730
255762084370
255765911691
255742345326
255758277588
255748335155
255762834349
255742602447
255747149018
255747313022
255765560231
255767426477
255752352761
255742321235
255743581488
255745728826
255769994713
255756501360
255768682267
255743721419
255762445230
255759440207
255759901453
255753170654
255747868162
255766608055
255747934941
255752679458
255744035725
255768768569
255764482779
255758721758
255769952214
255746714275
255748611632
255746395990
255766481721
255746560171
255765904041
255754281541
255744950960
255758300176
255758725375
255765672975
255767072028
255753063924
255746131599
255758088274
255742685677
255746599856
255742382474
255744453184
255769397645
255754745440
255769432020
255759781668
255765765477
255769291444
255743191844
255748423999
255746081272
255758544525
255758726315
255759507609
255762886477
255745939397
255742276116
255753960801
255769732073
255745989691
255765717603
255765307685
255748053353
255743848756
255745489623
255759004464
255745868956
255768437251
255744368001
255742382996
255758469819
255762280920
255756847785
255742576741
255762104155
255745178774
255744749885
255762593580
255769574171
255745859175
255758961543
255759609028
255769183584
255746035945
255764861551
255768466598
255757427836
255758353189
255747936089
255752684955
255766640435
255762929002
255743991126
255759896068
255766039592
255755294074
255759642530
255766456770
255768771022
255764429854
255768300214
255743045751
255752877443
255765331825
255764895203
255769224981
255762956751
255767645747
255758155285
255769138641
255758654427
255748026512
255742859123
255759093578
255742479977
255758446800
255754671867
255747709638
255758343641
255744153054
255746909398
255757959589
255755240848
255743584927
255754581581
255747794479
255742645982
255762222350
255755623870
255752930137
255744022976
255744410913
255747879517
255748372051
255765750549
255745161026
255746232960
255753571431
255748402918
255753728694
255753507032
255766149717
255768170412
255769061400
255757398967
255747459831
255763174179
255759229899
255762646201
255762668767
255768076076
255753085123
255742870000
255769592516
255752378712
255769940961
255755880966
255745494995
255766331047
757716448
255756962196
255766021157
255747424926
255752639972
255746264902
255757988146
255747706556
255754899141
255763409162
255746804124
255743348099
255757457804
255752456077
255747448762
255756525246
255757146321
255753896136
255748071743
255754224435
255764192692
255756424364
255767892183
255746092805
255752002234
255742311118
255747869588
255759591736
255743546931
255752386914
255757421534
255748253299
255744615867
255744652810
255747615706
255758442423
255748031226
255756911454
255747842348
255745186342
255755159545
255757861191
255744928032
255758247493
255746001796
255759668418
255764633752
255745171683
255747862816
255744908170
255768020162
255755675158
255745061402
255763552712
255745196551
255747561751
255746650953
255754582401
255759876409
255759967052
255762535492
255742553518
255763115543
255746845051
255767529200
255767475477
255752127252
255769463173
255746065917
255768199866
255757490557
255758299942
255769423885
255769132305
255744393348
255744174160
255763870360
255755906760
255754570397
255766769963
255748433763
255762051793
255743166809
255746752913
255758973322
255756902068
255743664538
255767177069
255744537745
255764187068
255767106185
255765892508
255766597644
255747693828
255759727393
255753573055
255754299906
255746186209
255752067843
255746977996
255756854434
255748247210
255756174880
255769157878
255768062622
255765647533
255768897279
255765421821
255765781831
255764776397
255769213167
255767913871
255769646836
255763152978
255747060026
255762795072
255747450835
255755103921
255759526011
255746061231
255756976147
255745617475
255762371382
255753070042
255746685241
255769691815
255746900630
255742296870
255752961976
255742538472
255743785490
255769940819
255767221369
255743981724
255764428296
255765685404
255746540040
255762762587
255752373509
255758768699
255742477917
255763544875
255747919899
255763810527
255746626508
255742258262
255747969191
255744133371
255758618969
255759004389
255767007783
255752005344
255747735129
255758408231
255746156265
255767507869
255748726579
255757155678
255742673221
255747343025
255758143766
255764805092
255763077343
255767897719
255769811896
255768752148
255757158855
255766585123
255764450050
255753998966
255743005440
255759024206
255742310956
255745629178
255762873945
255755273781
255743362941
255748763855
255767848306
255768364587
255748569729
255766256889
255768828270
255748425267
255769769242
255748705945
255752127572
255769687801
255752107575
255747735638
255763764459
255747562376
255765051448
255759236117
255747835684
255752265402
255752699298
255748710719
255766901812
255745160392
255743140892
255755048816
255754206117
255766038822
255747441489
255756907412
255756609070
255755284721
255753934592
255753408797
255767922983
255748721545
255757634831
255759110221
255767441683
255745313744
255747452962
255747296558
255766084031
255747472049
255743896735
255748570340
255762913502
255744028570
255757495295
255743902759
255748258192
255756359492
255757000686
255744784163
255746904188
255768784155
255766733662
255767035815
255763452112
255759330989
255747250278
255756948801
255745276422
255753214604
255763380834
255747091432
255753414211
255763586737
255752415795
255745987394
255764181645
255745154929
255745961484
255767691927
255757422165
255742438792
255768064238
255742888003
255766098379
255744970400
255752335920
255769101573
255764341603
255747150765
255747492076
255758272866
255767735723
255758484881
255756425058
255753664921
255752323642
255765019254
255759679258
255742735337
255756496789
255766465431
255766332365
255763424119
255757234926
255747733291
255745408682
255767099466
255765803540
255768879669
255744784243
255768108449
255765118049
255757329094
255766208925
255764072741
255742624823
255754767983
255757678787
255765854277
255762909882
255745860866
255763525699
255753482430
255744691770
255746522482
255756522316
255743408966
255745478466
255755350010
255762224030
255756946470
255759819934
255743400398
255748682013
255757670923
255764324069
255756583669
255762953203
255745928189
255746500638
255744757035
255745898746
255763902128
255747215324
255742820031
255769420885
255755287295
255742340818
255759543986
255757566503
255756430535
255768516875
255769024949
255746904095
255767054649
255758314104
255743157614
255745708204
255743102760
255765171593
255756967977
255748049245
255754527637
255753977437
255758179675
255759604151
255753514088
255758607102
255768048699
255745194253
255746947275
255755097630
255745792243
255768130982
255759658444
255742520845
255745415103
255744268408
255763110268
255759674137
255767359075
255766762404
255759608520
255765312102
255768559627
255765024364
255753732219
255747364335
255762789210
255744240435
255754310262
255766755804
255759553858
255767546290
255758498526
255742655956
255752399398
255758478621
255757302730
255763073256
255742060942
255746189041
255753975773
255748684305
255744437448
255752010880
255764681179
255743611262
255759710988
255762529233
255742524858
255746889077
255748366151
255768105220
255758584938
255769861917
255744716822
255757598283
255744503910
255747301225
255747321221
255769001218
255769444566
255745781485
255765269711
255769387717
255743717950
255742591108
255746713328
255745751885
255742153748
255765754863
255763996924
255746976061
255757036529
255746367642
255744161797
255747588099
255764624542
255746942246
255762124123
255745074823
255762100269
255769289556
255762247290
255768544181
255744014048
255752765329
255745879395
255765782730
255766127056
255769238610
255747172301
255766484227
255763940692
255747652117
255753558778
255759582108
255753954792
255754836103
255752516384
255753020317
255742968198
255743886303
255759596393
255763915502
255744988927
255766578662
255742722706
255752994412
255743369932
255765267416
255746994053
255759656685
255766389424
255769887292
255769870313
255753665680
255743062956
255758587665
255759076150
255768664562
255768126868
255768267241
255755276843
255769517728
255764488441
255755362748
255747787038
255765067680
255764853486
255767020118
255765067183
255759820548
255759605636
255752048186
255745044483
255743263988
255748722276
255746902371
255757787837
255762206804
255768775301
255744324175
255768795001
255762623110
255747956320
255768290471
255746914705
255742898956
255745066648
255742046373
255744073671
255745632231
255756419955
255765373016
255743394665
255746708518
255743653288
255766848140
255765723117
255745354005
255756203271
255752844307
255763446595
255742694255
255768566493
255753412646
255762258361
255746222703
255752853133
255762642754
255762803676
255762819303
255747560494
255753770053
255762722198
255755779748
255753968577
255743862279
255748447247
255766405178
255767546571
255768970545
255765330407
255744121223
255765956878
255762449834
255753897726
255744623151
255755903328
255762231442
255762423524
255742025001
255763447292
255758711511
255762789252
255767651492
255763207138
255748638708
255763814764
255748409766
255768023081
255747306379
255764671997
255757218685
255765163778
255759222736
255746017122
255743253410
255745366203
255759470018
255743388023
255757033626
255768533609
255768460029
255768346668
255742819292
255764128159
255756345605
255762807753
255742068504
255754985100
255742999680
255743252191
255756062182
255766953525
255757755551
255767740629
255758181273
255756038710
255743560960
255762204848
255758262752
255753280526
255752363292
255744897781
255763967558
255766162764
255748028390
255745116888
255766419550
255747142085
255758463386
255748687803
255762998423
255745901867
255764886567
255746599431
255758714600
255753569123
255743195146
255744957217
255764502937
255759735290
255762451701
255753043358
255744880085
255758329628
255758552308
255756650472
255758309127
255746584741
255768195512
255769547506
255748207020
255768976831
255742779489
255765799043
255748348083
255752615230
255747906730
255743107189
255766971322
255763497099
255769125996
255763050579
255742456253
255756807136
255763092518
255768522370
255765988122
255743473421
255742374346
255746823286
255766575373
255752141553
255767360170
255744839893
255762523109
255769034271
255743103850
255758296066
255767763051
255755236064
255742459724
255748286832
255753279334
255768634622
255755372260
255766060327
255763312723
255763489692
255756291512
255768099725
255758126755
255742158289
255744138687
255745086760
255763955199
255766029982
255748408390
255747090058
255752150120
255745162303
255744497156
255755217859
255752545511
255762163696
255758207251
255768371791
255768757806
255755027162
255756360737
255748747274
255766267804
255768344813
255768374416
255769136570
255765881983
255764449842
255765334193
255744014511
255767966458
255769468304
255748410713
255766959198
255769418600
255765622720
255758260770
255744922478
255768072841
255758050430
255759867598
255759310916
255743248782
255758612422
255767195752
255745982458
255745589605
255765955959
255763278651
255747018374
255759465995
255746556651
255753557384
255767018422
255746386055
255746019983
255752283273
255748762203
255765995745
255769156105
255757669411
255744441876
255756945650
255767110735
255744222475
255758421385
255767900389
255769180219
255759545068
255742953712
255766121411
255763945261
255763271246
255752535570
255768201146
255765866400
255742118046
255765521532
255744645594
255743632830
255744015010
255753317698
255742810317
255767459261
255748184951
255758036909
255768222647
255745444897
255757087990
255748058491
255753638954
255742004263
255765512309
255754640528
255767490464
255767764491
255746926718
255758225631
255757318157
255747352693
255747214086
255768101958
255752348990
255764148419
255766032639
255757920904
255744685147
255743222906
255762270157
255746323249
255744541868
255748282612
255747978251
255743157234
255746381021
255757943863
255758214812
255765621573
255765996191
255758221679
255757463710
255764273131
255745182330
255764481445
255742678526
255744354823
255765947451
255768932180
255764672634
255757137161
255758289855
255759478260
255745455587
255764329901
255743713208
255742831783
255756629242
255768073934
255748052711
255745988518
255765021790
255747964106
255769750989
255742695193
255768258744
255766222992
255753902390
255759935679
255764114812
255765158895
255768541826
255747030877
255743436637
255742820782
255745183076
255759420643
255765334219
255763366168
255762628305
255757143509
255758740865
255755713373
255759785916
255769263684
255752365802
255752721022
255769634460
255766457567
255745686220
255753841476
255767912613
255742883060
255748030304
255743115388
255764354224
255745412174
255764958269
255744085994
255764076683
255742497886
255758287463
255758545345
255745138323
255762796733
255753268667
255764777487
255746444241
255758703689
255757031971
255743737129
255753729606
255769221235
255768732098
255764030258
255762955784
255745067701
255742573337
255743363057
255763401671
255745734791
255769557816
255753644540
255769923367
255759504620
255768977932
255757830679
255746974936
255743754965
255744777148
255765567299
255752712612
255753385974
255747531493
255766963399
255766952558
255747298595
255748739074
255767805905
255744208077
255742103294
255765827173
255748359449
255742883300
255759115592
255742607059
255764094254
255752865954
255765149752
255753957630
255748486460
255766538767
255742210973
255747845840
255745616311
255762814587
255744012563
255762882268
255747251275
255742689309
255758372853
255747281172
255758527896
255745332087
255743588494
255746224521
255754016033
255743101492
255759076933
255764623364
255748404587
255764408984
255767826452
255764369983
255742395169
255745347662
255748352763
255742313579
255752143507
255755943612
255768212818
255743207729
255768965582
255757979877
255752262996
255765711839
255762555428
255745481058
255764050104
255758772313
255748002823
255742873247
255766085839
255743917746
255764372886
255746988737
255758481397
255758982825
255747045071
255762701467
255768621875
255763411443
255769319409
255753400013
255755555648
255742971690
255743891424
255758958474
255744943822
255755318584
255758390721
255743334648
255743642848
255759206662
255747694589
255747436100
255754032112
255763141102
255756674930
255748693284
255753158958
255747133912
255756523918
255746553336
255765936616
255768256927
255753627290
255768634400
255758477547
255755174244
255767272381
255757466160
255759456662
255762378639
255745918192
255754467842
255755472634
255744754311
255764676234
255747736648
255745863868
255746473380
255764960811
255766407199
255767023944
255767112673
255752777445
255742308109
255762760429
255764569647
255767697059
255748768955
255743861416
255747092705
255756585532
255753926070
255752755476
255747998333
255755941289
255746585006
255743331337
255743537072
255763354433
255748273687
255762779581
255765810216
255763141680
255742013465
255754979753
255762353944
255766664572
255748657782
255757788830
255765111082
255753429442
255767273187
255765606704
255758075504
255747243098
255762487426
255759876900
255744549894
255752106338
255752329498
255759054123
255769198980
255756473817
255752346951
255743160310
255767128282
255748170810
255745876350
255743068962
255753097321
255765895637
255748379163
255768588808
255765845535
255747741214
255747168959
255746241428
255768637553
255755440853
255743239714
255758783037
255759435638
255766819630
255745426349
255744706024
255759845904
255745279633
255765360213
255767528908
255766547115
255768637309
255758428503
255759987884
255768716483
255742029364
255744151775
255759697432
255766456218
255744582185
255758112589
255757223989
255742065448
255756834203
255769718459
255763527381
255748614656
255754668402
255758112302
255748061784
255762442408
255763083544
255742129163
255752588352
255747382390
255766694063
255757468566
255748391278
255743732481
255746266282
255747504389
255762093000
255745233512
255756589335
255765621334
255762928222
255764650411
255753108395
255759168446
255764760775
255766278489
255757216148
255764465273
255753604244
255742993637
255767771552
255752627294
255759772880
255752816772
255765132882
255753846908
255757710705
255759309598
255758458151
255765152701
255765475823
255767961923
255764745213
255742275587
255748293670
255745697320
255757853964
255765492311
255744269458
255743938346
255753674665
255755279414
255744401039
255764753851
255757756700
255744807103
255763011646
255744431049
255746087723
255753277106
255753240853
255765394165
255768025625
255745514846
255744961453
255746123416
255752300641
255756855164
255757388824
255742955269
255742142150
255747560929
255759206349
255758076163
255756676032
255764165273
255767978117
255747480359
255757175965
255752939565
255742922865
255746152003
255765752217
255754234426
255743150161
255765874922
255747218878
255756313238
255746440054
255756721105
255763903374
255759523764
255769768824
255742443370
255744847157
255765749936
255763094680
255744311384
255766725306
255743605094
255764167252
255769194805
255764974918
255763203797
255769857236
255744364978
255747429510
255747572807
255753365105
255766814357
255746370903
255747908935
255747181788
255762713846
255742028316
255764096380
255765755860
255767330360
255742524566
255748222128
255767838977
255746538738
255743061296
255752658667
255756947014
255744284080
255762086518
255763165920
255746756703
255746926417
255744845403
255757307921
255767383876
255759397022
255752150582
255758175049
255742975676
255753825536
255767995021
255742945276
255756725486
255745091752
255768373846
255747385545
255742354472
255759098188
255763535769
255759178140
255743901069
255752320864
255769619742
255746490362
255769257763
255769328403
255763509052
255747913827
255758712588
255757262335
255762686659
255755846560
255753713126
255766378095
255763950207
255767947602
255745679878
255762011052
255742378223
255767669789
255762428056
255753299193
255758653580
255759945109
255748308849
255752438768
255747374813
255752759637
255757026506
255748664315
255759316698
255742161243
255745034141
255755916671
255763114887
255756814211
255743885233
255769210238
255746848361
255766524165
255747528363
255763317640
255742096690
255754403343
255756484408
255756223263
255743653052
255758214026
255752179147
255745339513
255753069262
255762579133
255764391098
255764732567
255769822127
255743499606
255767907143
255752441554
255766032883
255759750652
255767935798
255743698952
255746283882
255746032473
255745502295
255755489127
255758158965
255765950434
255763405596
255755928977
255745238059
255759750414
255769547249
255762501450
255748088655
255747256147
255748185848
255764428553
255769885504
255758422124
255764512331
255747764805
255763529459
255763311670
255766731250
255744090869
255752947319
255753900963
255766089549
255765043125
255744072966
255745433743
255748064169
255758101895
255768175577
255766866994
255754548293
255748605262
255752732667
255767234007
255744753926
255762926572
255745332086
255744244947
255762920163
255766600162
255758898167
255746484007
255757675011
255764349644
255755409288
255743719355
255742172721
255765514736
255769756239
255743368233
255768941400
255745516490
255764914266
255744948440
255745424101
255745280906
255742509214
255753574384
255755440868
255747683810
255758358517
255763582087
255747683516
255748654820
255748255728
255747828472
255745880829
255747796471
255766115282
255757306106
255744930165
255762340669
255762645641
255754564495
255743612690
255743453823
255745413851
255763483682
255742983354
255752648974
255767225485
255755247976
255748110174
255757040632
255752002734
255759212818
255747952558
255757766230
255755388766
255768179357
255745855493
255756268863
255763118940
255757837054
255766377932
255744278158
255758016554
255764278522
255757645037
255753727178
255752957632
255759107715
255745332806
255764185286
255768915016
255753639288
255762716628
255746158524
255759236828
255742842350
255753669020
255768058481
255758307217
255758055351
255764655577
255745016675
255766195116
255757646557
255759192696
255753650716
255759616652
255746847066
255742155675
255764035948
255762709762
255745428328
255768242191
255742076836
255752429316
255753069364
255756222260
255758301204
255745727913
255758452920
255764022475
255763724446
255743878327
255746425303
255758116285
255747921063
255765735510
255759367484
255753403283
255758217183
255765506383
255742621757
255752173860
255748106968
255753379951
255756029276
255746497560
255753646504
255742110714
255767819973
255753913651
255744021001
255747011001
255757951781
255769551495
255757049087
255745585570
255748044781
255753979464
255765135669
255746381826
255744912908
255765561155
255765923524
255745466734
255746069309
255754927283
255754772029
255758741408
255745976628
255745940688
255745757579
255764464057
255762573885
255752941553
255768214496
255763109165
255762053596
255759675117
255756675342
255762694419
255758013458
255747488020
255758218778
255758405448
255745236139
255753274917
255765019157
255744404683
255743136614
255766213995
255743864097
255765656262
255743969876
255748254786
255766913425
255765959455
255767814820
255756782073
255766662124
255753542205
255766324520
255745736865
255744530405
255756475224
255742098035
255743583774
255745438648
255746998477
255742602882
255746648292
255743386499
255764456144
255762294779
255767065235
255745848030
255743052179
255748062276
255743938451
255745561756
255746372219
255747406696
255742033403
255742830877
255748617713
255756319015
255767538935
255759694791
255754614799
255767859158
255764371811
255745068149
255745392153
255747294800
255754232721
255747854342
255758049643
255746436127
255743312233
255748272701
255747432091
255747846979
255746511205
255762741555
255759418376
255766436486
255755070207
255766436782
255745284133
255757965792
255768406396
255755231257
255765020210
255759875680
255758966444
255764038603
255767747415
255747125099
255769448796
255759286524
255745828982
255769498197
255764437631
255765897860
255743815873
255745274793
255748234890
255764330954
255763346874
255757917141
255763253947
255745412590
255763925027
255766814955
255753642572
255745335035
255756569220
255753847721
255762600772
255759667276
255767587247
255768539814
255754263823
255764577349
255758422478
255752603697
255748470121
255762595347
255769426658
255746081465
255769357739
255753725549
255752229078
255765714471
255758993097
255747154467
255768714853
255757822950
255753804643
255762784241
255745560528
255757126715
255745552297
255763075164
255756768757
255764677105
255768287792
255769194083
255744202681
255754857391
255742784057
255758552277
255755198367
255765103579
255759130893
255748197814
255743470295
255769330940
255758619307
255742186800
255758047712
255742961281
255769350247
255753855872
255769648041
255762837952
255762042105
255756613889
255758336909
255754242925
255748007614
255742792912
255748411063
255747357983
255754386502
255755959693
255764622751
255758184453
255753866608
255756564320
255768506135
255754048935
255765293723
255744499748
255768001842
255755851630
255759205219
255747688279
255755173418
255743855806
255756479746
255757592265
255746394579
255768288352
255744177906
255759978930
255755084244
255752404748
255766282792
255757823167
255745047844
255758023977
255746950911
255746975372
255769807070
255744601049
255768956613
255762523457
255767985232
255769064874
255766022012
255767501227
255769264305
255744491294
255743794186
255747420471
255743864899
255768253683
255754450575
255758410998
255764997793
255743015758
255762906779
255756395130
255755083726
255768206854
255745252284
255766786550
255763405855
255769571975
255764251127
255748344881
255758210487
255763905621
255763905124
255743403343
255764558549
255755797897
255764067190
255764709064
255747930934
255747580974
255763549193
255743445981
255769546308
255759209583
255743990197
255746170188
255767433183
255744453605
255769872087
255759428911
255759448956
255742713574
255748060749
255768609345
255742121340
255745072910
255762673583
255748614421
255744701552
255755472133
255747417439
255746612393
255759773232
255768381674
255752030095
255746726798
255757825450
255742022899
255756453265
255768575285
255756235611
255764287332
255747004202
255768497292
255757478363
255742322749
255754571530
255744366928
255768304343
255757065911
255748629027
255746658380
255762815967
255769067981
255768083394
255755769417
255766022906
255759464021
255757965222
255746360758
255764333134
255766920853
255767466999
255744697588
255769664704
255759153602
255753520094
255757320672
255742169437
255759340071
255746554379
255745277040
255764410450
255757055951
255765632252
255755468724
255746662269
255747669234
255769073084
255746914678
255742654317
255759798328
255767229102
255752583506
255759270378
255767925412
255752847578
255762764055
255767720174
255758436291
255759606418
255753959167
255747312498
255769367808
255744322498
255757844506
255765044497
255744059417
255758580776
255744526429
255747516429
255765255799
255765469434
255745328116
255768071397
255768424226
255757867271
255747707832
255744624263
255746541307
255762560324
255742511652
255759500103
255766233096
255743135088
255769847644
255742742607
255752258218
255766268613
255764437527
255744845872
255743968432
255752943479
255755754389
255745962408
255769332696
255753531805
255742326907
255754387701
255769103805
255762803665
255745995579
255754829395
255744237066
255748290470
255747309687
255769664605
255743719057
255767754298
255763232342
255768763305
255764201890
255744148186
255752649062
255752456705
255742460887
255757989738
255743549117
255743826308
255769879171
255759306600
255756517777
255757863202
255769825858
255752627615
255742005069
255752538233
255766389838
255753924707
255746242312
255748109736
255744712667
255746630557
255765920844
255768512565
255744209091
255764807344
255758568756
255763124060
255764049743
255746212936
255768939173
255763722865
255768732764
255744620699
255744090635
255755273800
255752468802
255763764497
255766962245
255744108830
255753814047
255745620051
255746288752
255745096762
255764048904
255743986203
255743468617
255744333219
255756760236
255743157452
255762493860
255743683270
255744105971
255764969987
255745945721
255745052436
255754609645
255748106299
255744861111
255759955379
255755411848
255759859114
255742503885
255767530763
255767526668
255756752169
255748124259
255758243054
255765742902
255759217068
255754831194
255745108329
255755705785
255757573767
255744254079
255746474268
255762097765
255757883741
255743316383
255754098785
255762730007
255752650415
255745681423
255766056100
255767838266
255767765558
255769187585
255742127765
255758571978
255742216378
255766010445
255767853797
255742172106
255747177812
255767883897
255759866881
255753285895
255768652999
255762573433
255765692593
255748203958
255769745598
255746193951
255747674926
255746748736
255753633867
255766956097
255747210370
255764424910
255757599969
255764427083
255754987253
255766832526
255759924783
255766032739
255746353509
255745367130
255769318067
255758028518
255765629745
255746970493
255744469002
255764724824
255745469918
255742760277
255747937654
255745682436
255766635136
255752786326
255744401606
255742056327
255744514071
255758751036
255768263874
255756571001
255743236752
255748216852
255764342130
255747452655
255769621295
255767105919
255767656665
255757388466
255758982804
255756494589
255744479129
255743548940
255747053227
255768305621
255769978129
255759557569
255758684890
255745913157
255742005767
255755644290
255764208561
255746594041
255756020589
255764878114
255743081463
255764110724
255746358274
255755231024
255756657112
255744156845
255768269136
255743809051
255763707161
255748649795
255744648444
255746831679
255745200421
255766860677
255767853948
255769118346
255765419054
255766623911
255747992328
255746129694
255759881282
255757205713
255758235979
255765644102
255743351903
255766010593
255743058884
255753548749
255748061556
255752716765
255768058519
255746886981
255769894389
255768778268
255755714359
255745627647
255764654922
255763153923
255746653123
255742324367
255764458507
255768494583
255745146417
255745662279
255765615894
255742825712
255746808785
255762341617
255765312603
255765935301
255755373113
255745852891
255746291824
255755523261
255766573926
255742293583
255753583369
255768747646
255743998940
255753618653
255748132390
255766600055
255744628725
255755421052
255767003425
255748067145
255747099059
255742953124
255752419129
255746821396
255763166665
255767023705
255753689814
255755495892
255747930753
255742047914
255767932469
255768255316
255745464896
255756324291
255746439340
255769579650
255759453388
255745224048
255762571194
255742131093
255763993747
255764577797
255748339460
255769514414
255746713861
255744040665
255746504848
255752633510
255769516064
255769630697
255746188424
255758267993
255763951044
255746066865
255748705860
255767020340
255747185533
255747646261
255766207805
255769011378
255747458932
255744387834
255743126906
255754302317
255742223036
255757347466
255757331231
255765561525
255753286527
255767850427
255756901750
255745517562
255768215486
255764387925
255745394373
255769908012
255743700628
255765149093
255762957709
255759516689
255753358872
255746941718
255764386349
255762121143
255742009802
255743733961
255768919261
255763182208
255747786687
255743487409
255744181273
255765650141
255743189635
255744151673
255742486918
255766903362
255767238265
255746189163
255746701900
255764555328
255766423267
255766152480
255747575605
255744091651
255743589299
255758320518
255747322040
255768121530
255762895528
255745198510
255748138210
255765873358
255746111499
255766880659
255769284757
255756047176
255747842795
255767546653
255756047673
255768468018
255765658615
255759593947
255746419761
255745142802
255754513747
255763894943
255766895307
255745574941
255748455169
255759253363
255758950054
255764616237
255752020630
255757372255
255742059553
255744155407
255767728173
255744135009
255753972772
255768833139
255756239326
255765893439
255743116740
255746434436
255759504640
255744663520
255744897622
255744477931
255765163774
255768913160
255763987875
255768963460
255764756022
255746987902
255748384932
255765442022
255744387276
255759050814
255755918185
255765372252
255754885808
255755028426
255759815006
255757768195
255754646690
255766352805
255753957815
255764778046
255745918577
255759850435
255742230709
255754038898
255742883981
255752934590
255764661987
255754407427
255762706251
255747266215
255745677610
255745222604
255764624057
255764112685
255759058339
255763123225
255769552686
255748202932
255756473047
255765567269
255763377652
255744600122
255769317196
255753727355
255756046567
255755797059
255752726554
255744524468
255764778476
255765907584
255756570253
255759568246
255763385161
255762954687
255746801570
255769591796
255755508074
255767937857
255769455103
255769485207
255757468162
255745806202
255769985221
255753237683
255755227088
255768172079
255753457854
255762465750
255748453646
255767511957
255742485332
255746177840
255762388426
255758984210
255768574427
255742327436
255746889264
255769278835
255742496372
255742785639
255745960794
255747524851
255768667997
255742446070
255763254354
255763996500
255753443720
255764076236
255753992982
255768743458
255747872346
255747508110
255763757202
255742900073
255744380789
255764913316
255766751409
255743525744
255748769623
255766262661
255768434157
255766543871
255764232490
255752828615
255753117132
255744808527
255743926876
255768504453
255766327012
255748158653
255767448396
255757822890
255756597552
255769919093
255743338907
255745606444
255769362928
764848666
255743686045
255758389170
255764251772
255763826324
255762536753
255743371921
255769317320
255748601663
255767223203
255763272925
255745277280
255747219095
255759271743
255769739420
255768672204
255745723789
255753437339
255765446168
255767458546
255756539859
255752561726
255752735669
255747252389
255764672912
255746856944
255768531857
255754689548
255755363363
255769032708
255744009792
255757698604
255744765947
255752020888
255752475680
255769456993
255758979909
255755718900
255752188733
255758679380
255762025471
255763874058
255768536948
255766457207
255764827241
255747405668
255765841224
255753898714
255759757490
255757734416
255742075226
255765175032
255746302978
255766597470
255755424361
255744375648
255752302082
255756676160
255747851445
255747279695
255762024596
255768169194
255743085932
255765187598
255763789950
255763583603
255769481918
255747972482
255743738144
255755200471
255757487947
255758112624
255767461812
255762716063
255748407445
255768468850
255743029374
255757893293
255746283393
255743145420
255748699503
255748139276
255767715871
255747084075
255745017208
255764837972
255762779186
255754594796
255758687313
255746998428
255746930256
255743047302
255762318876
255743860442
255748685297
255757626321
255762809216
255757691813
255764923845
255762270510
255753118372
255755866227
255767529585
255742455272
255743235974
255767910223
255768515707
255767926589
255747518142
255758669726
255743489561
255752483839
255764567476
255763426086
255747520548
255763466316
255748403052
255765368949
255743406197
255742098042
255757673044
255759291125
255759139040
255758010661
255767432496
255763757327
255764327452
255742648774
255759537306
255762445768
255746788092
255742895414
255748380196
255762849079
255768795345
255745880699
255769778772
255758395753
255747673081
255745014971
255742603088
255753325073
255762007160
255764381605
255753189709
255758196344
255759266712
255743548414
255764662880
255742596866
255762334351
255758482824
255756952732
255768467344
255747845576
255746219668
255756027251
255746116392
255745070535
255759649649
255769269761
255759775473
255769799172
255743446238
255742957526
255747386979
255762408095
255762408293
255742285472
255759343783
255768218285
255764821613
255763878032
255742094647
255762351209
255744615695
255767479380
255758998099
255765397091
255767548729
255745345946
255742695931
255763950495
255744184216
255744706642
255745536632
255753626835
255767958926
255752997380
255744193631
255752076809
255744476705
255763881253
255764074349
255748249727
255757605111
255746473386
255753885037
255756022231
255763876309
255768245898
255753725064
255763215098
255746890601
255758956056
255759715441
255755547439
255742218198
255745832796
255746776489
255764828700
255757467857
255745814185
255752272476
255745126200
255744764388
255762180639
255745595878
255769225387
255754367052
255765184523
255768144721
255742447128
255747076662
255763349416
255764182281
255753010849
255753753226
255758142356
255754234215
255758722745
255745985291
255766931264
255744458879
255744544294
255766851541
255744646470
255768669120
255747348571
255746527374
255763972674
255744649951
255746530667
255742485721
255768023424
255755862776
255768078808
255756932835
255764495060
255768369413
255763171777
255746240438
255755493507
255768329262
255759152552
255764452450
255762169671
255759580495
255748698623
255756964763
255768368629
255745008157
255752867653
255766115404
255753137844
255768967718
255742643356
255756958078
255752763593
255742356549
255747862030
255745833256
255762118585
255753715960
255757214170
255765570898
255759293739
255746149691
255747071555
255744975591
255757646486
255754035411
255764214660
255744230360
255765693263
255759410628
255743213831
255764121016
255769864465
255742193792
255747157679
255766688360
255755356202
255746494191
255742803832
255755375125
255758287537
255743281226
255762325889
255748303335
255746763547
255763082946
255765062809
255753485852
255758554494
255758717417
255742025383
255742664161
255753994984
255754468079
255743762453
255757491333
255742931191
255769326102
255762230117
255766718537
255758549230
255745033143
255753334766
255742629324
255762381189
255768343665
255743430066
255743199809
255756493057
255756550997
255765819215
255753485139
255748253658
255758423460
255759960206
255742205535
255759960001
255746354866
255757689402
255767134273
255769048032
255758436221
255753437749
255754815734
255766819179
255745579713
255754907951
255742504865
255765825480
255743984290
255746964990
255768485393
255752884118
255756697915
255743377135
255757490498
255763334566
255745945450
255759407340
255759942748
255763001370
255747518423
255746735980
255758117790
255746508659
255759810674
255763749160
255765358546
255753632133
255759127592
255753641854
255748607049
255758158122
255747075181
255756931821
255758758396
255755113444
255769831081
255768750988
255766253917
255742557969
255746598546
255764344262
255745472730
255757274519
255745035880
255742860683
255759186337
255766434605
255758152076
255757686737
255757687355
255759893072
255754479351
255742242209
255756835362
255769285063
255742509489
255762274867
255768131022
255748485599
255752136606
255752982556
255763366529
255748726004
255742520928
255744522509
255746523207
255769829179
255742109422
255758403846
255742693612
255747250466
255762266188
255757420760
255762914136
255754686567
255762217759
255742708312
255746528999
255747229366
255757590281
255766218436
255767203665
255755173331
255744291812
255758348182
255752385205
255759802796
255766435596
255753155286
255764896956
255746750538
255743088830
255764846657
255746063803
255767093666
255754088753
255757162952
255759469074
255759431826
255768848239
255746341155
255764977806
255752927718
255754081277
255747500544
255769356986
255764340666
255747520347
255747059146
255748059533
255756319747
255752293923
255766096154
255742897621
255758962469
255752917851
255756874454
255762006544
255748360966
255765167637
255768915096
255759779789
255765119647
255767841558
255746559867
255765572150
255747635615
255748107607
255768410864
255757195128
255752668226
255747025136
255753514263
255742811717
255757820907
255747796522
255769559341
255759498941
255752409756
255759626273
255762463841
255764539433
255743723880
255752958023
255748482815
255758515238
255758659319
255758181761
255746100447
255764146003
255743865137
255756756949
255766125902
255744165225
255747082324
255762884283
255766616281
255762050249
255744129066
255763188465
255768893608
255748569956
255752527300
255747895154
255748077321
255748409486
255764289422
255768208017
255742204322
255765112790
255755250887
255768723493
255743663007
255769271440
255763842097
255756282919
255759753243
255769242371
255744769088
255745011536
255768098683
255758524855
255743981472
255765130111
255742776587
255743311515
255747934828
255762172832
255742722183
255758666718
255742402329
255744830599
255752428525
255742557873
255745948193
255762815839
255757744432
255752441600
255743916562
255748147728
255742222066
255755367914
255746913921
255765720427
255744674420
255746218901
255759906744
255744989051
255768551354
255748437780
255766035421
255763097401
255759911938
255743438334
255746694619
255742669273
255752578605
255745236211
255747087523
255754849268
255763006553
255769076145
255755934451
255758727001
255759010797
255742001359
255769748622
255754841339
255766508012
255769599661
255755197221
255758218467
255754999564
255759595794
255757839722
255748450187
255747063258
255766801408
255747013757
255753184809
255743817366
255742016835
255769142716
255759751340
255757995950
255768450608
255753674571
255763913128
255762537125
255743009896
255762182972
255764261128
255758575261
255756044063
255764432530
255758721334
255765148133
255753682495
255757841409
255745849069
255765862362
255747686027
255767542733
255752881092
255756506495
255769354538
255766979882
255763370763
255767028367
255758704315
255748606282
255763507264
255765504315
255766947584
255768487958
255769427403
255754635885
255759354894
255752717888
255766625141
255744122501
255748052954
255762530578
255754913433
255755664228
255754476327
255754472163
255758428065
255748677939
255768064740
255759892693
255748621162
255759623896
255759468994
255766533376
255762237425
255743415500
255747248784
255764760329
255769228004
255764278105
255759827592
255743245521
255744125766
255747776881
255755023802
255757533172
255756097937
255765835119
255757696120
255758063104
255766521864
255748227327
255745042568
255768122114
255768654657
255757240214
255764923275
255748216747
255766053284
255744439437
255758356620
255742237776
255757528026
255753676404
255742879392
255753334076
255763941876
255765759650
255746226468
255743276507
255764762944
255759931499
255755726425
255746804690
255743835821
255758523804
255743493360
255755891024
255748423262
255758106494
255764670211
255759657160
255744666848
255744386928
255746673114
255746575459
255764834870
255768541920
255742955713
255765016647
255768561252
255743557802
255759177983
255746637693
255747187878
255765416139
255744668306
255756864915
255757316627
255759652333
255763133142
255753086826
255744232834
255758581909
255756688292
255768383462
255764813221
255755240528
255762120106
255747312082
255748193503
255767284449
255752849465
255767583984
255743296771
255744117639
255763397036
255753815841
255762653960
255742722957
255766412509
255748437351
255742088281
255752649855
255748292621
255752679959
255763870856
255764060156
255743083150
255745884411
255747855862
255762152251
255742822761
255758492991
255766543937
255766543430
255765711828
255766253286
255764924947
255752832934
255755247332
255742650479
255763930807
255746245480
255755035729
255744621554
255758031315
255752317668
255742661701
255764466615
255763851818
255766196778
255744573098
255756459913
255744081076
255767458659
255743190492
255764795259
255767495043
255767735752
255742299144
255758454385
255769463484
255759304257
255744691494
255745541935
255767236537
255764563572
255753697677
255758533575
255746855994
255767462588
255747681494
255763759971
255758149775
255769448165
255742034500
255766024730
255756909424
255767395807
255752051685
255747600613
255744008680
255766784583
255768518323
255767579181
255769569082
255747242198
255763725768
255756083085
255746852669
255745596869
255766634219
255742255013
255758017022
255763315624
255765796841
255766296116
255763938072
255753279308
255766078431
255742745390
255748476745
255766684856
255765458363
255767936454
255745088228
255755555836
255766893741
255746902192
255766882961
255747845808
255744318532
255764359773
255766235828
255769369473
255764771901
255744377710
255762942754
255746372563
255742100247
255758352496
255767221408
255753598117
255756737784
255744809020
255753804718
255755874918
255748628246
255764349936
255745697685
255763890414
255748185413
255757927583
255762388530
255746709685
255748053162
255764874921
255765264496
255752450661
255765617143
255765185770
255766186202
255767996011
255758406445
255769174928
255742539006
255752001147
255742466610
255743264919
255767182241
255752689662
255743543346
255758691934
255756631800
255765692234
255752585858
255743003606
255752327390
255758573113
255752620508
255766819992
255759943686
255755514421
255756568711
255762722782
255757748512
255748094883
255762073843
255768059200
255746612443
255756413363
255747933047
255754898924
255756640065
255747422505
255744876627
255753449027
255753173141
255758647120
255769451252
255748715594
255759810184
255765170603
255764926585
255757331537
255765877928
255765677054
255756325821
255759797101
255757720169
255752845688
255757886134
255764125428
255744155197
255759295407
255764336315
255742308609
255766423771
255742677860
255743060430
255767436606
255746211283
255752044373
255756425874
255768718113
255746731993
255767870247
255756642707
255758443932
255742422235
255766905793
255743649922
255766987528
255755824478
255742734459
255757076335
255755695985
255762856945
255747810833
255757291144
255746136552
255769557723
255746235699
255768750636
255765492765
255767286371
255748142201
255748494443
255765547892
255743683664
255754308040
255763979076
255767316522
255763772246
255742792626
255763572123
255748422037
255753809317
255746292050
255743066550
255767801793
255752120754
255747265945
255746574128
255747910749
255762881422
255743385151
255759985923
255753925034
255762001239
255768060203
255748099500
255764631189
255757574902
255743255729
255758016066
255762747527
255765811543
255752430430
255763584970
255745181042
255768801042
255757868525
255769062497
255742930012
255746128745
255753442731
255742281398
255753574897
255744347775
255748051909
255756324979
255765402224
255743621561
255742276686
255759038165
255764182974
255766513083
255742246286
255753365665
255759103845
255767891353
255743961160
255744030165
255759158765
255743855400
255742488691
255756263013
255758997561
255763209105
255758461999
255742854335
255742553138
255743010148
255743295990
255752068381
255743499618
255757850903
255743945242
255756943305
255753689004
255752471849
255762522528
255757596661
255748259171
255766091455
255759699144
255746002017
255765605435
255759430161
255748663936
255759334137
255766141100
255747997826
255755979258
255767798599
255769288947
255756035360
255764232745
255752121145
255744567769
255759940350
255769867585
255758096823
255765512837
255769396462
255745875840
255765453903
255756850804
255766212542
255755092713
255768414872
255762891647
255753861893
255746305217
255767798210
255769540789
255742002347
255742022849
255743560084
255742576330
255747346895
255769943042
255766870346
255747544198
255766942714
255758649947
255748179147
255769149025
255757056491
255755071493
255762341842
255754492021
255758461965
255758604253
255743191984
255743040727
255767379367
255747914113
255758776617
255756023749
255757481684
255748018700
255758098631
255768397206
255746187116
255756493344
255746257184
255758228515
255759274418
255747071980
255756225752
255744178758
255757667115
255748710248
255747272124
255748760847
255745700247
255766886168
255769684466
255747911350
255758200877
255744674466
255742173046
255763489650
255747511174
255766848146
255744521174
255745622995
255747149458
255759875484
255746963517
255756721903
255742672353
255768948004
255743547208
255762056575
255763950699
255744718830
255767958366
255747604013
255753647733
255762668527
255747631023
255754410546
255759298771
255752750483
255757464495
255743841023
255762230422
255758041086
255742005905
255745942330
255753061181
255765823796
255745674219
255756570372
255758305415
255758521036
255743656665
255763482045
255762437442
255759047574
255758651728
255759348926
255757503295
255763122935
255766299500
255758697656
255744619122
255742249209
255742546797
255746055990
255767844887
255769095631
255746092497
255748445230
255748244736
255764065335
255747757944
255746632094
255742658870
255742637794
255752528800
255758951646
255766647304
255765277963
255767002941
255759607389
255767265203
255746735613
255758179901
255764764037
255745825273
255768338539
255742084555
255767001483
255767864090
255769789289
255764092211
255768122516
255757820142
255768923017
255758340036
255759876312
255759900912
255743989323
255767855999
255743112120
255765602682
255754070546
255767364615
255762646147
255746821518
255759478366
255763858555
255748614772
255742249676
255747612333
255765941961
255766313325
255759986311
255757522976
255744613933
255743795016
255742050168
255763876188
255762351119
255745780010
255745202058
255753659260
255753881544
255763089710
255763892979
255768292922
255764423670
255747964127
255744468048
255743383400
255766366581
255769432391
255766209838
255744693262
255764768654
255757100107
255758327485
255756272027
255756017127
255745589259
255758082441
255745357096
255767435178
255742672460
255745461645
255752305331
255756064439
255756947836
255742323120
255767006118
255742356208
255744452927
255747492017
255756225080
255744793324
255764842977
255744322596
255762533135
255758456016
255754300351
255768465922
255754305681
255744360032
255745974342
255758007026
255769837827
255747864585
255744157753
255756078995
255766425219
255759239823
255745294030
255759754056
255755413828
255744016390
255767884401
255745253714
255765277505
255762643067
255763512419
255746580536
255764778794
255764092803
255745924409
255747708253
255766925317
255748469009
255742533255
255747124066
255759450474
255746912184
255746835667
255743658985
255752419923
255742038411
255758585431
255757788117
255744132950
255762172081
255753596503
255747029208
255759264472
255744002845
255745538335
255744022345
255757411191
255765874032
255744526598
255754283305
255759671387
255754457780
255766798235
255743576643
255742632298
255742005603
255754003685
255766915667
255763201410
255756312015
255769329330
255764379931
255745379057
255759702086
255769109439
255744701541
255763469561
255758065012
255757406146
255764249162
255762615361
255747462954
255743467412
255756322324
255766329543
255762770054
255766555780
255769064601
255759215130
255768905755
255768905528
255764682271
255764517514
255743580820
255747211101
255747764428
255758640316
255746237420
255767552434
255756221049
255743907992
255762382181
255753893527
255769912679
255753949122
255747365077
255767832346
255758485927
255766012026
255765174320
255745770652
255768012898
255748570193
255743879900
255748105700
255745659226
255745514247
255742395596
255756004496
255742774668
255767029033
255756847496
255758067520
255765114003
255748322376
255748016353
255745082926
255747567459
255744527658
255763824992
255767392074
255757011622
255742366297
255754836576
255756459741
255764039811
255742113610
255764057581
255759816373
255745224163
255763772049
255753527756
255765928294
255753201975
255754201124
255769377693
255747962944
255747353330
255747383736
255768025151
255759891988
255767890055
255754067256
255743568130
255756939907
255742403198
255759682758
255764017817
255745387650
255763285629
255752001521
255744407976
255765196035
255742536826
255745218932
255743156599
255756333600
255766423239
255752916530
255763234421
255765675010
255745143679
255745400197
255766241356
255767814961
255759425203
255754050055
255742287794
255759673559
255767461833
255756005081
255752569856
255755230154
255744457659
255767830820
255767030107
255765144009
255745034703
255743425710
255752961304
255748094903
255758708910
255766503157
255748645390
255769406492
255766960117
255747888524
255756858651
255764659671
255765921566
255748031185
255753847388
255743007223
255767332469
255753823323
255769556184
255745878465
255767245194
255768233650
255769132427
255748654452
255743258297
255752900346
255767060666
255756636778
255746266638
255764983933
255745798730
255745691572
255763577867
255747844524
255742138500
255759756140
255753519737
255756395606
255742306080
255744788169
255742103722
255762218824
255743582481
255764017391
255743488357
255766348638
255764172692
255767392383
255752773810
255759899963
255743199804
255742568111
255747292630
255748602907
255759819304
255764978373
255764870609
255765372100
255742534701
255743692008
255758691035
255767588714
255746978331
255763921204
255745754232
255763909799
255769531965
255742534165
255758691695
255762902011
255743412721
255753412157
255744774863
255745432520
255743543261
255743148083
255746024052
255753204196
255763133736
255753818775
255745522438
255765837217
255768731777
255769937126
255748137612
255747736854
255742024396
255753684340
255756857751
255745197414
255767134510
255754916908
255753884292
255766471681
255746220285
255743960446
255743879288
255764578401
255762058418
255768381378
255769611772
255747908623
255757146338
255767641677
255745686863
255747658174
255767268703
255747638974
255763333708
255744107742
255742885939
255743616665
255745497052
255757934533
255767345340
255762809349
255753509176
255752564933
255769633299
255758434072
255758495226
255762526185
255744671060
255758412042
255765896117
255746287246
255752772293
255745067612
255762543292
255743230494
255753213959
255767114777
255759779522
255754453887
255747488973
255759158403
255753614281
255767496639
255746585160
255746004542
255746004846
255753064930
255763919178
255768561682
255759904441
255767312975
255743014568
255762722423
255756604310
255747532482
255765413820
255758375591
255759788209
255746435319
255743184447
255765584450
255747758317
255744783601
255746958028
255743134045
255746207987
255756850741
255755709102
255756428284
255769330622
255762139318
255747251168
255748492964
255752928807
255753063895
255746619107
255745241699
255753200363
255765695753
255758006490
255765758116
255757752046
255747635683
255759942021
255743712101
255764681416
255765463681
255766457242
255748655743
255757929859
255759830128
255747785824
255757307733
255744397448
255747917798
255764549931
255747359995
255767304010
255743064026
255752449205
255753906482
255769596603
255765159414
255754310641
255755803914
255745126598
255763254711
255763101056
255744421745
255763972828
255743667107
255769785147
255767825024
255747111564
255768973439
255757091499
255748690005
255745035508
255744101364
255745821330
255747923051
255745476512
255743499090
255745322536
255759990836
255765444899
255752467698
255747244402
255769727214
255763060888
255745210626
255742159449
255747356254
255748464596
255746679418
255767755080
255762255235
255757172402
255746597618
255742082196
255758786255
255769691205
255762847517
255767311148
255758786053
255754081154
255768069580
255756739251
255743136430
255747927376
255743241437
255752757042
255745916703
255767613707
255764854971
255752777613
255764506177
255742578870
255745860783
255764286016
255756954672
255763208155
255764122060
255748404243
255742782629
255765938667
255745292063
255742746271
255756722204
255747752535
255745744207
255752177364
255742025532
255758138772
255757152093
255744096249
255766003485
255762374945
255744009255
255747487230
255753607924
255752163996
255753796423
255743114546
255743674879
255744066226
255767412194
255752500369
255748372206
255759554755
255747874819
255767222905
255747813770
255744823770
255745341068
255742242725
255744667775
255768486843
255745300974
255752124658
255762501081
255745639396
255769094459
255752034337
255759644610
255754324703
255742445259
255753009326
255746733054
255743314715
255755402485
255768229519
255763746351
255748158681
255762699382
255742256331
255767440969
255743456199
255743590077
255747184360
255762859868
255745313367
255755052513
255758587132
255765344582
255747052676
255767418837
255769170495
255755434606
255753798925
255758230590
255745750554
255767102808
255766544476
255762609905
255748123282
255743430240
255745555350
255764260835
255757478801
255767837734
255757858723
255746336131
255747085976
255768640634
255744822098
255746356107
255744618608
255746071503
255752905806
255746105028
255765663544
255744761643
255759537375
255762944826
255767462368
255742098818
255742311517
255745846912
255765497948
255753748595
255769180835
255759207429
255759141240
255762042201
255767558976
255765490840
255748448632
255748355634
255755351364
255752843818
255765573493
255743630397
255744204201
255743865114
255759747999
255762716745
255745767366
255744053678
255764565562
255746565938
255766583129
255756188912
255746785478
255768605767
255762823921
255764789274
255768230030
255765968478
255768685941
255769052431
255756777273
255766885455
255767197395
255768764658
255752437713
255744625134
255768576824
255757277833
255743994111
255746726597
255765773533
255746844391
255753408893
255769596403
255752786828
255747804823
255758276679
255768918543
255764593428
255767638294
255742091261
255745640810
255768957972
255765514153
255745719786
255767579735
255754347093
255757960029
255764327682
255768199756
255759660723
255747515159
255769720442
255748099116
255766307073
255747220087
255745018577
255763716309
255747018617
255766786347
255767939505
255745779686
255748659757
255753747159
255744946797
255744996095
255755350486
255756475748
255744184437
255752500594
255762619599
255752749483
255769527107
255766188578
255747149187
255742468495
255765468186
255768400519
255746632552
255753588660
255769622996
255758429519
255748172636
255743887838
255745031916
255762601497
255757722260
255768104894
255759021811
255744613638
255765022956
255742548832
255763322396
255743809905
255745254953
255745879405
255746910935
255762821087
255758128137
255769514017
255765068452
255765362244
255744688020
255752852820
255748088873
255762528688
255747961867
255755084420
255748071530
255746189654
255766295799
255768652000
255755180503
255765438338
255763824183
255745125245
255758332783
255744683526
255748245632
255763539088
255764750437
255757930650
255758987765
255767510378
255769530579
255766802710
255756214541
255742546901
255742078278
255769442858
255743593521
255762588102
255746104262
255766627825
255768330236
255766255201
255759905216
255765340035
255769918754
255769288272
255769899564
255746889177
255746889676
255742097846
255756668386
255742998350
255764194840
255754031412
255752838136
255755106156
255759299974
255746720474
255746902550
255758128270
255746942435
255768971280
255748311556
255743457386
255742171840
255748003195
255768414046
255765886750
255759080468
255755642797
255757216440
255754876099
255757875667
255763821944
255759654754
255765882100
255757495145
255747073434
255758652697
255755143545
255765177141
255754630724
255759376009
255762091209
255765397515
255753618121
255764855833
255757838374
255744315065
255765883210
255746324221
255747557641
255763934085
255758473310
255766516628
255763185348
255748630417
255752473934
255745822322
255758131773
255767470710
255765105264
255765874528
255748180072
255747736360
255767132801
255744323314
255752977315
255752001952
255769477845
255745908652
255763828223
255766424440
255767015041
255759739403
255745135756
255748195956
255755689640
255746430633
255764025041
255768889656
255769035044
255743198088
255744760681
255756685525
255762830507
255769252093
255748722320
255756508722
255746757798
255744191950
255747952243
255752413273
255746592049
255745250595
255743447764
255762320716
255758739672
255759757472
255742796953
255758190538
255759398728
255769375053
255754419542
255747477489
255745732847
255768293963
255754011266
255765857135
255755516230
255758028643
255746453434
255752272355
255748703335
255755280344
255767678598
255766797179
255742260892
255742015018
255742979346
255742722400
255752871432
255758730842
255752891638
255768351262
255756285978
255757325565
255758320403
255769041365
255756462342
255757434668
255765027593
255758620152
255742893845
255766013626
255762783952
255745294507
255756026954
255754084957
255748717825
255753679356
255754580286
255748147996
255742483317
255768958212
255752300029
255752726691
255768360086
255744981790
255764347966
255769467064
255742976114
255743302307
255752167808
255769573965
255745342059
255745342257
255748738959
255768285270
255768313602
255758695100
255765987581
255765067078
255759607109
255757508403
255752441656
255753682880
255744626227
255768710481
255764088244
255765801637
255766581025
255745004079
255753257676
255766710071
255768553550
255765331951
255752902534
255747529279
255748661307
255765595261
255758245181
255762687867
255766880558
255758450205
255762156388
255758973378
255743802497
255758450003
255755508629
255743146056
255767089783
255762568342
255768854814
255768148076
255753260491
255743318380
255755569763
255746640930
255752597833
255744358826
255744016729
255747149261
255745867907
255743756860
255746547379
255743471099
255747007789
255764571882
255767665944
255758790560
255754397374
255762047390
255762586518
255766261458
255759481866
255768795862
255743372899
255756446495
255753086898
255744761508
255752202064
255753689028
255753600925
255747641451
255766128028
255742920982
255748697942
255755319235
255742748478
255768179018
255762176619
255743640524
255743146997
255767255918
255763125045
255768762729
255748092591
255746338818
255766335351
255753438306
255742264220
255745518858
255766418267
255752466375
255748270558
255768506819
255748445442
255748361720
255763550323
255766802576
255745748025
255745989819
255765520621
255765765046
255756365445
255767191134
255758578942
255758766761
255763509131
255756596125
255762165705
255747351620
255769814188
255744936362
255754981826
255759911024
255756228219
255766412569
255743572506
255764335793
255762092701
255743265930
255768862431
255768108199
255763897799
255769200816
255758467345
255746197327
255747982076
255762486567
255769941976
255743958844
255746229189
255754278258
255747544468
255768724383
255758293247
255746555172
255757844462
255747814260
255745727192
255748290472
255743352480
255766095844
255764713607
255753350498
255755428329
255766528114
255765287067
255757811654
255757861754
255745955363
255769345973
255754821654
255759310733
255755633812
255744496369
255747175770
255767100852
255753307264
255766331886
255759233132
255762047295
255742622808
255743828328
255759928422
255764379009
255758975913
255759478869
255767313111
255768356062
255767982591
255745066344
255757798872
255765066136
255759689924
255765473793
255745288742
255766559170
255744449064
255762548692
255747377094
255768640431
255769847401
255745174753
255744425326
255746777461
255746062525
255762328848
255748699963
255753735135
255769765704
255753324579
255742365151
255764273730
255765532768
255755207164
255768957639
255769554676
255765292827
255767852247
255759225047
255766083852
255745762950
255764872748
255763166392
255757369980
255753036759
255747192988
255753626705
255762080207
255764853218
255755796021
255768050655
255768529248
255757580276
255758198024
255753519329
255753561692
255765040952
255743297010
255769681158
255763119227
255764212075
255742178816
255742966239
255757073469
255759694451
255754053564
255765559171
255744743289
255762344832
255755342942
255757521956
255745356484
255752590187
255744267554
255744451876
255759275636
255758398242
255768954887
255743742142
255758268721
255747094589
255762021777
255769850818
255747224576
255756935238
255756585577
255758508422
255757325122
255753335752
255755701805
255757653882
255748395392
255753927519
255752197429
255747238124
255763990025
255758128152
255742121204
255747682107
255753781671
255748438275
255753731776
255757489098
255744666631
255752783979
255746231063
255763120031
255747656527
255756786359
255755651389
255752385295
255769872804
255745536993
255756473240
255742880489
255765500342
255768195642
255764959783
255752666460
255757215836
255759945316
255752637523
255755803604
255745546967
255752128044
255752517252
255748019519
255769212514
255748741719
255745310153
255747811452
255762849190
255766851992
255752035084
255763947291
255757609160
255742008796
255757841537
255742538874
255768144274
255745141685
255762958952
255764011959
255753732798
255759306747
255753044657
255766631370
255744440978
255747304861
255765170345
255753783149
255764884413
255748698811
255748724218
255743372889
255757231184
255762242862
255742999307
255768787689
255752901890
255744400929
255767899052
255748497089
255757629293
255757905030
255762052930
255767357267
255754233755
255766594024
255769307561
255754830318
255759521031
255764691611
255743156884
255762496021
255768154018
255744467103
255754358399
255764375330
255769915820
255744785229
255748296312
255759720092
255765469294
255769154822
255759986550
255742122346
255742303303
255763148612
255745197312
255742797261
255763398519
255756689850
255744501049
255764339180
255743731579
255769716215
255754485652
255765762843
255767354398
255762615940
255758052023
255746622676
255766185402
255744918310
255746087627
255766635015
255765473103
255747055690
255765488434
255763468739
255753046023
255768560163
255763550069
255752870630
255754453656
255748152309
255746591852
255762333020
255763530764
255766930913
255747072828
255763250671
255746006559
255752402001
255757598274
255768949906
255745052573
255755964398
255768778401
255748687429
255763029852
255765589976
255759496670
255767676453
255746703516
255769875499
255758788219
255757985635
255768887937
255744226701
255762947933
255757058164
255746923687
255754040690
255744108688
255769086699
255759078919
255746555765
255754352514
255759717740
255767811817
255768103381
255759744386
255757167221
255768277246
255762845912
255744752980
255748310824
255744541721
255748131013
255748400417
255758580696
255757108828
255756502203
255763535392
255742523375
255746617898
255766435637
255762378128
255752426182
255763585090
255753056031
255748231835
255742651567
255762325020
255762815021
255767128268
255742178948
255743381274
255744811999
255756656217
255762131970
255742843170
255756496049
255746946724
255746518313
255753121324
255766589920
255766202130
255763836364
255748094069
255757313260
255752631455
255743060586
255767759177
255754010420
255744637357
255752867602
255766538227
255757477715
255766460968
255746731913
255743544090
255743268768
255753926513
255767584033
255753943416
255762159010
255744739624
255754270524
255756336830
255752953542
255744285783
255769727944
255742444782
255743220897
255746152835
255747827043
255764580451
255764115424
255757631120
255744890589
255768129633
255762059755
255759778142
255757089785
255768305927
255754213670
255743090268
255758579356
255746216279
255756456661
255768128017
255742687541
255756058805
255757105352
255762626450
255756636903
255767296516
255757755870
255745984544
255756901600
255764086955
255769621439
255765094947
255769043461
255743654548
255754530499
255759115389
255769287057
255748350954
255745635780
255763185487
255743238552
255765873536
255746255412
255759412456
255745090079
255755376560
255765866052
255768531804
255756988364
255766318205
255743381633
255742528819
255752257507
255752426525
255745248690
255766871058
255746572950
255764633486
255743891296
255763204348
255767673081
255767724093
255757753766
255745619805
255745310747
255768118277
255742863953
255743537736
255756524342
255759881375
255743599598
255747900280
255759952988
255767538833
255757131308
255763822420
255768344930
255768298563
255764007798
255753388233
255769885319
255769781728
255748666823
255753623513
255754559454
255769910379
255762764575
255766647761
255762568740
255743641023
255767107238
255747536489
255746449017
255767849990
255757845843
255752531452
255764915097
255747125808
255745843008
255746485081
255766395744
255746271439
255769565672
255766893653
255766907079
255769988265
255745652003
255768224973
255763093321
255748178201
255763926674
255769346780
255742083242
255769359163
255764143767
255768672706
255745812198
255742890056
255755566437
255767889845
255759795664
255762897586
255744283915
255744153011
255765250651
255745072718
255747667903
255764429061
255755633998
255769375634
255769770321
255747255622
255757579757
255754207564
255743896161
255753445400
255743730895
255768463416
255769047695
255766481884
255763758924
255762820170
255766859326
255747570677
255745388168
255758562530
255763901371
255743703004
255744395803
255763560832
255748406461
255747660576
255768248242
255748650231
255747266043
255754521153
255768927029
255762177397
255762735380
255765504643
255757724225
255745056089
255764688715
255746245747
255743680166
255758436290
255768406950
255769502580
255746695567
255744101931
255764725113
255747086171
255768114930
255759980495
255747056274
255763204645
255745509292
255742239752
255759489138
255753305442
255769782616
255762315066
255765535473
255748449703
255757257417
255766313219
255752826505
255762529376
255767653436
255769603036
255757692472
255743503900
255754531464
255769458867
255769381504
255765381017
255742063885
255746132208
255746256195
255767363084
255755234786
255763481338
255758274288
255745930528
255755195912
255742707113
255752535892
255756317806
255758273599
255742636569
255758293091
255745965943
255756422384
255745144895
255757946367
255754606570
255748469232
255763478694
255766184116
255748409799
255753505902
255755371196
255752426608
255746532803
255748498972
255769769224
255747580459
255752183514
255763308168
255744253045
255766022168
255764789626
255753745790
255758035703
255752715907
255762683826
255748360489
255767658819
255762216532
255765150441
255769741834
255767843253
255769660646
255769383223
255759821432
255759801739
255766853713
255745416080
255762600744
255769084194
255764894894
255768524537
255765661388
255763078127
255767385626
255764204868
255758193885
255767214368
255746799470
255744013814
255746353473
255766328772
255747583666
255767384401
255747537593
255769372364
255765843413
255756025721
255743391012
255763023962
255746883967
255752801834
255753423873
255756031872
255757535510
255755438833
255748074473
255764918062
255762679475
255764379700
255745248544
255752975445
255766306698
255745556186
255767531845
255755559112
255745708570
255767543380
255767762453
255742830302
255759233179
255766933474
255752258017
255753205854
255743275391
255769197849
255757210285
255746887793
255764699346
255769985772
255763892876
255756466998
255747294230
255769060797
255762063252
255758164268
255756428423
255746979056
255752921440
255768349215
255742528521
255752555982
255748481752
255745859912
255744935521
255757444092
255765415220
255765906995
255746932807
255767917309
255744530314
255748430770
255765465027
255758591303
255743365598
255744561632
255756747677
255764951995
255746740767
255758223050
255769538033
255759030252
255745425747
255763736730
255745414418
255755641078
255743717591
255768754776
255763262785
255753239664
255765170098
255755308264
255752850915
255742001398
255766719475
255762476496
255753628306
255756932096
255754349855
255744395362
255767887039
255752585625
255762521780
255752954794
255765996672
255765626497
255762502312
255745440891
255766817466
255742090706
255752938818
255742056925
255755080447
255755255898
255765377836
255769377651
255755085351
255748148154
255769549563
255748148652
255757499830
255766998726
255753192938
255746906171
255742345301
255755326159
255754830993
255743531719
255752506086
255745008183
255767667102
255748667490
255743372933
255748049621
255754622640
255753451344
255763051037
255742102412
255764771474
255756019250
255759529527
255745492344
255756925074
255759223188
255742701490
255748307409
255742396950
255754313289
255755498386
255762732818
255767604254
255758384563
255742309021
255767239677
255744996239
255768002548
255769588031
255768873012
255756576213
255763089447
255743738755
255758426379
255754748128
255765325666
255765528538
255746403635
255747270580
255766945514
255767610165
255757049465
255747814239
255764197923
255748100201
255768107476
255746362304
255744006568
255767616992
255753069256
255765056753
255757282118
255744475810
255752156300
255747915961
255767464399
255765834939
255745885289
255762929019
255769233357
255752782066
255743075217
255744581330
255763723282
255754634656
255762248042
255764837970
255748441647
255745451644
255767676396
255767515735
255744713278
255759376103
255769487562
255767630882
255757484716
255765324982
255762029813
255769259824
255764277301
255757834887
255767716715
255744402225
255759244437
255745544594
255745102777
255743896300
255759640556
255762478631
255758981638
255742718687
255745541687
255764866150
255744298750
255742030202
255767806055
255744897142
255742521665
255769456900
255745357948
255768806271
255752177072
255753963082
255745697023
255753569594
255769051994
255768806076
255752431595
255753849651
255748570251
255767353428
255759010454
255742738553
255765292642
255758563286
255766304287
255762594533
255742823723
255746103741
255747817356
255756527739
255759215956
255762574137
255763199117
255743290656
255759864091
255769471453
255755359728
255762117510
255769588066
255769144918
255758581364
255747934138
255756806455
255755541262
255742805560
255768561804
255764380769
255746705540
255753042173
255744902364
255756866385
255762437256
255747499053
255767772639
255747838251
255742489857
255744962708
255769333379
255743811805
255746714580
255746750686
255743909777
255742237345
255742253823
255768973112
255765439074
255765666831
255744399909
255768994728
255748432150
255756489618
255744277294
255745693290
255762687886
255762657988
255753824935
255763038387
255759364023
255765303857
255763815207
255747082196
255765543782
255746551563
255742387623
255767366018
255747925782
255757573075
255759053069
255759983547
255764289101
255767187534
255753169179
255754568318
255753143374
255759943666
255757642284
255754065542
255763477220
255745947724
255745542391
255746777646
255765865890
255746555378
255758273661
255752163236
255742127758
255768775202
255752636646
255757413240
255742561388
255745568537
255744660906
255742835281
255757042472
255747139080
255768267845
255752963727
255748135599
255767418576
255745124560
255744089189
255768477050
255766260423
255744555539
255753741717
255747276955
255767088159
255765886325
255766711638
255767098767
255765309422
255744591998
255747800432
255744671361
255765011362
255754887455
255762186238
255747006155
255758709272
255768137662
255753685418
255744398476
255744796243
255763867873
255747786243
255742509877
255769497304
255763377867
255742445177
255763057277
255747370362
255748348872
255758262145
255757864233
255747868008
255744495739
255743100713
255752095591
255743111881
255748150013
255753806018
255745387752
255766003961
255742920881
255755759728
255743417489
255753254442
255766821539
255753062040
255742019284
255757136300
255747555107
255766178860
255755113778
255764785906
255767802916
255758189668
255765089879
255764699492
255762726593
255765645923
255745146828
255762641436
255744132461
255752371068
255744948362
255746539667
255745613121
255757799489
255746480448
255759642901
255762824198
255753417167
255766314523
255768057807
255744907077
255742965061
255762214989
255765144273
255744190211
255765833068
255769309083
255766073295
255766191489
255758789610
255767626015
255768531588
255745518509
255765724508
255766185021
255743623232
255747887650
255762815718
255748753070
255743796643
255757413304
255744773185
255768414982
255744773686
255764440013
255745330805
255752320772
255742145539
255747675386
255763803057
255766885260
255758306102
255765528364
255744629703
255752149273
255745810933
255767924507
255744572299
255767802951
255745400820
255758001090
255769880056
255742120640
255746966629
255763806709
255759798395
255769436254
255759194074
255759953899
255762070665
255743806318
255764033540
255748098855
255743627189
255757942015
255759861414
255747974026
255743947382
255754467144
255753352851
255744483196
255767428628
255745109770
255756425523
255754369044
255746234696
255742668617
255743082749
255756087434
255743052344
255758218083
255755424809
255752286993
255747735662
255766469944
255744082311
255756610612
255743478119
255766882701
255765476179
255767298268
255756001168
255743762785
255755064328
255764089714
255755377312
255769005508
255742187845
255746742052
255762096068
255742768640
255759981621
255744998138
255747988138
255742050016
255742082029
255744446580
255748012688
255756044486
255759406531
255762606777
255745578366
255767789071
255746511421
255747681387
255746690319
255747681582
255746105578
255745350037
255753536623
255746970120
255745139883
255767404584
255744570688
255757354697
255747231645
255742453495
255755101578
255762470522
255765840942
255745675800
255748741477
255764694971
255759608294
255757868305
255768116854
255748710877
255759084232
255757184586
255757517290
255769964580
255759557397
255742436414
255758426268
255765264085
255758169624
255747907808
255759908336
255746370714
255744618800
255744917105
255748073359
255744839827
255765591131
255742508013
255752540111
255744351700
255744707141
255767218065
255742060265
255752940197
255752774361
255748620102
255746353797
255764307452
255758552214
255769828758
255769501579
255759828118
255754815634
255756269380
255755967751
255746624616
255753445887
255752407478
255768513077
255748173263
255743549274
255743599777
255758286155
255769551880
255743651371
255758988771
255769899820
255762495170
255743474134
255747247260
255743781685
255752726957
255743807028
255753800252
255747550004
255742801631
255755225425
255744318648
255752462434
255766933312
255763213170
255747417702
255763862618
255744441506
255755741905
255748375583
255747785159
255745464458
255765405055
255743589006
255743315725
255748246840
255742264257
255763011927
255764768172
255762730079
255754026664
255767249779
255755340918
255742220373
255755984089
255762848611
255762177390
255742894944
255753453171
255767215848
255765514643
255753214919
255747101866
255747160442
255768535977
255745873995
255753641246
255743767182
255742461845
255745143304
255769689202
255756940650
255744816197
255765065383
255742058231
255744417271
255746219525
255762705410
255762481802
255745712012
255755896218
255762063104
255759845279
255748243394
255764222659
255766820903
255742277463
255748732669
255744198422
255758586958
255766574017
255752425773
255759130259
255754447130
255748302343
255764482025
255768500138
255757994162
255763921752
255766198362
255762972220
255758095471
255758675209
255744535304
255743639853
255748619452
255769042940
255756495319
255742101083
255758010892
255764208099
255755077189
255756713553
255763894850
255758117168
255746132118
255766914992
255753353390
255768059574
255758048147
255752517063
255762342603
255767023380
255767787583
255745558293
255743437035
255742803988
255743457530
255756463020
255758472593
255769422379
255756029214
255756774142
255748710720
255759113782
255746442303
255743467453
255746827146
255754094900
255757519188
255745556402
255768471907
255746763410
255746141297
255755004123
255765523328
255765465434
255764478043
255754564989
255767802956
255764663920
255766037610
255762083867
255766750630
255756220064
255753562794
255742002739
255762971018
255742333102
255768624584
255742633565
255763286598
255742457251
255744183545
255757204598
255743035097
255743110460
255745610887
255743381282
255744179337
255758165459
255744630819
255762080536
255745193983
255752685624
255747377103
255755743601
255757957578
255744408335
255765595217
255754408464
255754745785
255744414437
255766211516
255757166216
255759465415
255769274088
255752504330
255758278263
255754203709
255744082989
255769609071
255752941786
255765547207
255757391379
255753273893
255753515877
255743648355
255753346746
255756022843
255744854166
255757301651
255743621922
255744473380
255754280222
255744884826
255742794328
255765296466
255746835457
255758531127
255766079110
255765296964
255753991148
255746466408
255764410087
255759732017
255742421592
255763423995
255768381524
255763476301
255762174077
255743936478
255752599174
255754486059
255757378613
255745371392
255767213270
255758404443
255743593062
255746901532
255759916917
255763301389
255758241264
255752298623
255758452263
255754786582
255747814078
255743965122
255757520143
255759590944
255757393822
255755971581
255746950961
255743949398
255745854505
255759822497
255754925233
255769837128
255765714170
255748736231
255742695232
255752883960
255769438079
255768508367
255765858207
255743423699
255742073288
255745976922
255763104436
255764076591
255764096294
255747780261
255742964893
255747143049
255745441644
255745826979
255763344206
255745352224
255764982170
255765766642
255769628337
255766119023
255752420020
255757326016
255745436298
255742018976
255754828008
255769766863
255752181885
255745991499
255746682709
255758176738
255769258255
255748416471
255744535163
255744779816
255759816508
255763961455
255769885147
255746386850
255744814798
255747651569
255756249100
255746673128
255767526278
255742214180
255753465475
255758666053
255764484067
255769838776
255767202055
255768803782
255745912184
255762261921
255752652816
255747984390
255746987406
255743335714
255758476078
255765408141
255745815975
255742862997
255764376174
255755063708
255769045347
255747125695
255764445394
255767768327
255747453467
255747126651
255746158318
255765495874
255745329343
255765823498
255752551810
255744062985
255765743324
255747974874
255766007123
255764476282
255765046916
255743546605
255743596302
255746034298
255764057167
255765349674
255752587941
255769913613
255742241888
255767711400
255747561061
255769108688
255744580017
255769585667
255762508661
255763825187
255758282625
255758620651
255769184412
255767401938
255757762369
255742432907
255748376393
255763070234
255763204248
255757909542
255759503170
255769909310
255742544244
255762577661
255765908689
255748403458
255763382194
255766742676
255762073837
255767150709
255743533635
255745838051
255766975536
255743943684
255763402728
255747909765
255745806158
255742879545
255756588594
255764546603
255745200350
255757215916
255757408386
255768928489
255765940288
255746981714
255744480502
255765497472
255759853313
255763336492
255748485391
255742150718
255748328307
255768539733
255767619608
255746015489
255764547759
255765038432
255754424385
255766139696
255747803625
255765058632
255765523425
255762072725
255745752365
255767377522
255765779520
255765569481
255745192068
255763709967
255745686588
255745636282
255756005131
255766413674
255745656781
255769147861
255768692276
255747013800
255759765609
255758058441
255762227690
255759665117
255765482604
255769901492
255757720864
255753693964
255767932651
255762043321
255744439051
255748181418
255746590530
255756061996
255762890581
255768878809
255764138299
255747313259
255763343760
255745619349
255757495883
255744510353
255745169125
255746898715
255744118130
255742034106
255747500252
255762432685
255762144473
255745646718
255759951633
255768610616
255764916271
255763588051
255747761965
255746002375
255757026361
255767173262
255769191637
255764245522
255748012395
255759806685
255758452066
255769222554
255764050503
255756019186
255765308824
255744421150
255765328522
255744685226
255752494030
255742467894
255768476954
255768110183
255752113854
255742325149
255745259334
255762086486
255745638565
255742665710
255762930040
255768870925
255766568034
255767891419
255763997960
255766227918
255769272574
255766119328
255754905662
255757371733
255747489060
255745257391
255757329730
255769860264
255755897168
255752063257
255743716451
255763291312
255747481490
255764273681
255758669688
255767194279
255742858234
255745354159
255752358763
255764589283
255756982871
255753550614
255765789234
255742640343
255748257271
255745469474
255748483585
255767011485
255759957690
255763138331
255767582953
255766736327
255766938909
255766938701
255769122227
255762390901
255747351714
255747583010
255765924091
255746356754
255746980977
255744757973
255745848265
255744381218
255767352250
255767492659
255766725861
255753866947
255765522673
255747105682
255768738367
255757922595
255768723528
255747987276
255746526748
255746506442
255745253436
255747937477
255747655490
255767270806
255742767821
255753657930
255763031459
255757454214
255746500246
255747489856
255758327943
255743867472
255762486296
255752574665
255748460343
255744697709
255747687709
255743548283
255755351282
255766068116
255743731542
255745221899
255747645134
255747501695
255748330161
255759545713
255762246033
255747375120
255752158649
255744046667
255747345027
255763401428
255769181742
255748483435
255758437792
255757597543
255758736255
255747592897
255769210484
255743472330
255765287163
255743117972
255744050334
255757263328
255752328680
255767137422
255744012373
255758116260
255762776249
255767230178
255748352115
255748128279
255752784155
255764270278
255747244788
255754236717
255742198258
255764290013
255759921511
255767230913
255764824974
255766338016
255744214865
255765734016
255756998133
255747424225
255756683315
255756857275
255758652153
255746930573
255746207020
255768934726
255759046098
255759895361
255748632970
255745042898
255764542227
255765136273
255767139822
255764037183
255745903579
255745345150
255765194653
255743377057
255746441041
255742192225
255747504848
255755080887
255765597574
255747734787
255745652803
255763049924
255745108204
255763839095
255743112047
255766423569
255744215918
255765832437
255745967318
255769966865
255766604768
255746301340
255743893903
255756578872
255744553058
255762480959
255745117959
255752867710
255759784301
255748119142
255742564562
255754962334
255763290397
255759308228
255744458599
255745023006
255745511594
255746095736
255744157830
255742802515
255765158600
255769571367
255759987043
255768880692
255759660960
255768830891
255759323511
255763164400
255769035027
255744779158
255757573744
255766345897
255753349476
255747810349
255746467233
255757404026
255769843229
255748088829
255746410008
255768841232
255746821540
255742902618
255754432526
255769446635
255742755648
255744577413
255758790043
255753493855
255753503217
255748195074
255758792397
255764980410
255766337760
255747617251
255768068941
255764058959
255743040446
255768827778
255746968131
255745060444
255745260302
255767048950
255752645948
255764088351
255745812139
255757409185
255743967376
255745063050
255742015350
255745957476
255746473519
255743525189
255756099992
255765632454
255757888631
255759391976
255742484262
255767745460
255747435251
255765396504
255764837326
255747053818
255747869883
255762918950
255753387428
255746327783
255769049254
255752268720
255753663068
255742041744
255765277293
255743191225
255769077423
255767859636
255746856814
255768250379
255746017968
255768194216
255742472489
255756991523
255767754255
255758188756
255742355216
255752872932
255763545213
255766116690
255769464840
255744485030
255746639608
255743308653
255745464625
255768019353
255762029168
255747839690
255742682582
255744214317
255746526279
255747082221
255744597895
255765956241
255759394890
255746727188
255759330870
255744826317
255745115890
255756014740
255758023077
255743201427
255765336324
255768751322
255744681409
255745418386
255768053967
255748425183
255768234250
255753074892
255746306870
255747895959
255746635820
255768586297
255744545925
255753826923
255762592387
255767649297
255769603906
255742275039
255766171763
255742202481
255759896075
255765668239
255742507609
255753904270
255769936528
255769303943
255767395841
255759417929
255755559379
255766159655
255743067700
255753199377
255744057242
255763831596
255743243734
255769072085
255765449549
255767534258
255745205209
255746440665
255755998365
255766126557
255769726241
255769816959
255755886293
255753866099
255765950501
255747108703
255747053033
255742489479
255748349216
255756496382
255745187139
255756863592
255754984287
255748749119
255765515565
255768004253
255744504363
255744253981
255752242474
255763304234
255768384737
255765994922
255765114745
255767636627
255746468307
255754869341
255745795998
255744027789
255768584553
255755553043
255757348306
255762257660
255747629960
255744112109
255756943014
255769788063
255757799928
255742231254
255759719725
255745662339
255764326211
255764762814
255742827118
255754638737
255759590707
255765536423
255759783142
255768830554
255769828306
255766919639
255769593980
255747182744
255747824082
255763225060
255767118018
255765911500
255742720191
255758496749
255769443739
255742335821
255762736715
255746338483
255747998950
255744204323
255742363092
255744908613
255752205654
255763057248
255764670994
255748456136
255745885895
255762519584
255744089922
255748701615
255769229214
255756858863
255759569878
255748372937
255762711948
255742433091
255748048351
255745549432
255762997197
255765779808
255766594892
255752971587
255767570821
255746802558
255754863855
255748223642
255759069080
255756562124
255763994582
255759266149
255748206946
255756928484
255745677698
255742694563
255742087841
255746465974
255753868451
255747643533
255743994010
255768655687
255766489324
255748206384
255753318046
255765524286
255752741657
255742764787
255769595469
255746860755
255747893112
255745885549
255768655604
255748619462
255754983200
255745855446
255742698781
255745085646
255764034013
255743865346
255756296306
255768604068
255747153883
255747212803
255747344733
255755145365
255766377395
255748314476
255759012357
255757282292
255768378755
255766840507
255763876797
255743939071
255746752502
255742317208
255757415713
255747682685
255768610348
255766934630
255758268568
255744834122
255752483037
255768101145
255754044288
255762778262
255768283954
255748431286
255744327686
255748752214
255746903019
255765059267
255767623601
255758956771
255763926762
255763152148
255748484121
255752343631
255753502765
255767813200
255743550296
255769479023
255764453883
255767825732
255744849116
255769126538
255747329273
255768296935
255767868565
255744726172
255755750540
255769815898
255745136998
255764568367
255747573100
255766882208
255767528465
255768567533
255757921831
255745729317
255768064671
255752725268
255754359933
255745376849
255766158065
255759001296
255756337964
255752038883
255743308998
255747569713
255748730724
255754999789
255764876505
255754844847
255756257542
255744670852
255743682482
255748181089
255765475463
255745547164
255742473112
255763213121
255759957603
255765557218
255742091487
255748231541
255765635738
255769401144
255758120708
255769814552
255748704464
255747388129
255744159690
255752651582
255748407937
255742410460
255764004264
255755506204
255753556406
255766287358
255758784059
255747566889
255768742886
255756550363
255762129470
255764216864
255765068326
255745421358
255765395732
255747488712
255757667897
255743575100
255763195676
255742758551
255763145973
255744257413
255744498712
255759322587
255742358392
255765771810
255763327944
255745297570
255757312050
255755887112
255764318433
255746138235
255755256390
255759025497
255763485053
255744020725
255769967938
255747922625
255742211893
255753342023
255763988090
255747024427
255747746241
255756782062
255743771528
255757288941
255746057031
255742796280
255759228142
255769666484
255763242450
255753814884
255757170609
255758473784
255745066089
255742098799
255743096989
255743837238
255743225520
255769334806
255743140046
255742621318
255747106959
255763467374
255742493076
255745313589
255743842363
255742696227
255758462238
255746044947
255753147960
255756657874
255767049396
255767827150
255759762962
255767558236
255766429315
255767099196
255744131418
255762146393
255757473235
255745583860
255753253725
255746618629
255746568096
255746497270
255743631432
255747397084
255763861457
255755407516
255763304694
255747686080
255769686498
255764813735
255745388641
255752848644
255746139438
255762442817
255742412214
255748482974
255762913681
255743503077
255745812274
255742859688
255769288823
255748481117
255742208527
255757580936
255766634102
255752905718
255764323808
255745734305
255765415858
255754486620
255762549920
255759817126
255764978982
255762471844
255769188421
255753467052
255769779912
255747818502
255766513123
255747280445
255747086730
255743741450
255748721550
255746498448
255746660582
255762153805
255745795426
255763505690
255766756683
255759822509
255765195143
255769502830
255747841986
255755518866
255766603256
255758713856
255766347141
255745875333
255755626440
255742554722
255765267849
255768657217
255769137262
255758144129
255765952472
255752197405
255744925003
255745924114
255755699740
255765956191
255765348926
255753713436
255748445708
255744370999
255768333123
255769503201
255766852520
255768113777
255756705185
255744615631
255767488243
255758291481
255754233046
255747293613
255762972794
255768241400
255754853353
255754883751
255764725235
255765512106
255742784422
255743062235
255747496402
255747712696
255748259006
255744071508
255756280244
255767956554
255753578997
255745851145
255756005399
255762199109
255747626491
255747521639
255769840716
255768968268
255762624952
255742257590
255742040661
255756997146
255764028743
255747039494
255762042875
255754661028
255758062974
255765552672
255744263539
255767977428
255758774901
255769685950
255745552475
255747530575
255763237567
255763716108
255758973102
255743632988
255752516151
255745100457
255746713756
255747636180
255768248451
255766550833
255746055225
255752090116
255755572172
255746242664
255765994365
255768385040
255755192668
255753178072
255753580282
255752362308
255747104405
255742307504
255757524137
255743397284
255762275580
255755734164
255763528841
255748651151
255756728890
255743239274
255756559737
255759696936
255759285954
255752003150
255759255554
255763099312
255752940802
255752510447
255748691192
255768415475
255752786732
255745571901
255746705799
255753868962
255765546554
255747638381
255757508437
255758795254
255746971094
255742598699
255744019088
255747180191
255755465653
255768414005
255745052273
255762487716
255745848439
255769643287
255768757665
255747505906
255747002264
255742755335
255767798795
255756331513
255754099179
255746685095
255767130317
255742111558
255745187027
255752166493
255746105652
255747663024
255768364258
255764697294
255748225169
255753959972
255763370222
255743900677
255742428213
255768416091
255742253445
255768466394
255744297480
255743202235
255759399042
255752524431
255746802576
255746867278
255759152286
255746486848
255743113311
255745727453
255743467759
255744915446
255766798567
255762167067
255752688068
255746578168
255763535045
255763291853
255764758380
255757075324
255756969733
255756403932
255758056345
255758245282
255765291448
255759432370
255767130882
255754320273
255742587440
255765106977
255762004851
255745074645
255757936087
255758507343
255753577744
255766807879
255753854308
255747983389
255768458405
255753257148
255753735909
255764350532
255757636761
255767871141
255762221419
255764380732
255748029012
255758303455
255746376542
255766459691
255742445737
255747846476
255763788922
255764992372
255758619144
255766500015
255758286090
255748035347
255766281567
255766231662
255756680249
255759719837
255752209476
255764377305
255753249716
255746955808
255746935007
255766692044
255748140540
255743541193
255759545866
255747025442
255765534216
255748747703
255767847445
255744939139
255747132838
255766465213
255764429366
255762063818
255766655133
255767606723
255767840341
255745123230
255757174146
255743548249
255766518930
255764191169
255742365504
255767771181
255742846696
255742019138
255757467720
255742821866
255743559313
255757373783
255768674548
255767505750
255764948467
255769506269
255748751103
255744962197
255742113849
255745741904
255764765904
255765844166
255753853100
255764429892
255764374357
255748753784
255768797759
255752095936
255762017514
255769061827
255744353512
255752508862
255753033639
255762107068
255755229101
255745596960
255746939720
255767220390
255752953628
255769815818
255742269602
255746556097
255764835518
255764615140
255753382503
255768434238
255764348719
255747739315
255756266285
255755913546
255743453208
255768237568
255747260841
255747967873
255746621160
255766235741
255742511006
255747441343
255748087758
255768639267
255756394698
255766408757
255745564405
255752010334
255745321018
255745219481
255769754403
255762267824
255743252700
255764327119
255769387819
255757155620
255765191493
255743971164
255745597670
255747880213
255763359950
255758284020
255754567499
255759978840
255742039867
255763227438
255752062905
255758100864
255758502007
255747824496
255767116041
255752184535
255747972570
255758995876
255762270886
255758435089
255743751436
255758961482
255762895106
255763195474
255762996880
255744485610
255764940087
255742073544
255766644967
255745191853
255769581440
255757864440
255747737985
255769899787
255759625771
255747891191
255747081710
255769112588
255766054799
255765071173
255744773033
255757939222
255765969015
255745300574
255763261255
255743509825
255752782411
255759274940
255757224946
255768627824
255769432182
255754872382
255745164229
255762787889
255762764279
255766245436
255746728168
255748456397
255752654214
255745129669
255762745537
255768440648
255769049638
255745938478
255768994816
255748704494
255759634466
255767585264
255743538585
255759506795
255762653382
255748417364
255766381912
255764248195
255763557321
255764374875
255763389316
255745639185
255747020665
255752795965
255765172462
255759232575
255743142263
255757307046
255766018670
255753739060
255742034616
255765807695
255754307322
255763590569
255745280985
255745209003
255742393650
255745280781
255748219004
255745317387
255743251890
255759573573
255753561304
255767863645
255764846079
255769925940
255748319421
255757681266
255765717094
255755178498
255767246873
255745587735
255744430559
255755064654
255759153929
255768047656
255765106519
255768535791
255742121130
255742614834
255763133376
255752036653
255766686565
255768198746
255762002028
255742970817
255744283838
255766351777
255744923344
255748110086
255758221708
255758399560
255747744427
255769369856
255756828300
255748267373
255762878270
255757821683
255755153463
255766835666
255766175958
255746511080
255744919325
255764221964
255759858535
255767199840
255762566050
255748331136
255758006504
255754083464
255769128897
255758543510
255757960889
255748369113
255757044615
255742448008
255757830459
255767811715
255768827184
255764240261
255762156933
255762019383
255768834203
255762451689
255766323627
255753546241
255745443066
255769182664
255757867636
255758116834
255769152264
255766148219
255746334551
255765108254
255769981550
255743341000
255763337794
255743690917
255769405914
255769279877
255757359035
255763461893
255744311799
255758151511
255762191461
255743333646
255752056895
255757450758
255766072731
255746840494
255764689034
255742932887
255753651392
255753725345
255759497498
255757120134
255746028855
255753167503
255744128908
255748763232
255753893772
255766759775
255752513245
255766880237
255769813584
255763815891
255766267003
255745466079
255769237325
255763548638
255763066604
255742022009
255743556572
255754224727
255747573125
255746380613
255743157205
255758979645
255756850038
255758950759
255748182838
255756395294
255758191496
255763233055
255769311147
255745157347
255752568135
255743944635
255745947474
255766572315
255743767568
255752362427
255752896739
255759756440
255747770138
255752846266
255767797160
255757334770
255759614081
255768226933
255758332507
255743350035
255752858842
255757119058
255757942141
255765288406
255756659604
255762045037
255756264953
255742426660
255745435844
255769481093
255766033954
255752610728
255757451905
255745652060
255755369319
255747720102
255747313219
255746611835
255757018578
255758053490
255746299144
255746660569
255746701062
255757425148
255753142407
255769713182
255769904218
255752238492
255758179933
255769622888
255758065579
255744607217
255762762289
255742630921
255759724287
255768176646
255762680461
255755032544
255742677784
255757273136
255746382401
255743122299
255748376155
255752247527
255762043813
255767030164
255743005915
255762912600
255744534656
255748005196
255743362551
255768223600
255744233985
255746607282
255748132686
255742216373
255764529938
255766596040
255753477321
255758085220
255769395893
255763395541
255759518032
255752444181
255762436364
255748686949
255767918816
255744092826
255743767892
255764916726
255763822801
255768829186
255763730315
255759545766
255742655614
255755180153
255755508142
255743755240
255756253630
255747500724
255743592334
255758952667
255759354868
255743353990
255767946459
255743466766
255748317368
255769349981
255755057111
255744464697
255765873260
255769715517
255759892995
255766204911
255747922975
255766432975
255769032606
255745028647
255745389578
255745894870
255768892111
255744347855
255745886874
255745668832
255744640124
255768619406
255744724463
255746403044
255768678659
255742347671
255757009362
255747153561
255755814790
255755787451
255767386857
255746689328
255758777758
255756534183
255742546076
255759484466
255769190990
255769179447
255764617422
255753253339
255742826369
255742074998
255755988086
255766490686
255768846383
255768454445
255753214741
255759984308
255744797087
255762175082
255769122539
255759934491
255765992257
255748192929
255743310674
255757277145
255758992028
255745086692
255744720518
255769999152
255747278106
255758680536
255743287054
255744617533
255743707976
255758781819
255762102151
255758696208
255755768537
255764788429
255745324242
255746559285
255768257152
255759133190
255769667763
255767799611
255743867539
255746772584
255748348162
255743940307
255768062674
255742580467
255759762192
255758371957
255746543205
255765576179
255767872447
255743186347
255756826735
255747250913
255768647884
255744546598
255759228330
255769482698
255742934579
255769114851
255759295376
255758404121
255762452035
255756057356
255744274166
255746481626
255752776479
255766545622
255763187448
255742429939
255742796068
255757097809
255765528754
255752613312
255752562256
255746540890
255764990105
255755351375
255759213793
255764382401
255769936071
255752556193
255768108279
255744248623
255746566603
255767871540
255755867401
255757187959
255763038581
255753533660
255752557156
255759761006
255748326150
255754827023
255764403019
255746492081
255767461739
255748686260
255743456009
255755014224
255765273204
255743803536
255759129741
255743892069
255762410932
255764387557
255759640644
255748474670
255745983676
255746560572
255743665312
255742941857
255766850995
255768863695
255752039074
255754205202
255753365598
255747095680
255763901635
255747094393
255744054094
255764582247
255742857460
255743594559
255766421201
255752966035
255769833041
255742167682
255747888456
255758425834
255757949361
255762849639
255757723326
255754295274
255768241680
255755164324
255756976265
255769762078
255747723316
255762129057
255763470012
255744614424
255762210136
255745281436
255742529196
255748455148
255742582509
255747438099
255747289869
255755247461
255744185110
255742005893
255757140605
255748049377
255764345003
255759110904
255746417810
255757380430
255757420951
255753647358
255767530064
255747837606
255763304856
255768847662
255752161404
255747958635
255758222694
255765097942
255742134782
255768347618
255745741203
255748478380
255743701102
255742203172
255752105204
255755994086
255769887605
255768137039
255764288151
255766435380
255743679547
255742687737
255746900063
255748443570
255748446954
255742411543
255745879124
255767004384
255745181908
255746424909
255745054323
255769345609
255764291109
255743425880
255759616880
255745201280
255758005415
255748155478
255742485932
255769509052
255757444768
255745109264
255744189928
255746213405
255764759611
255762487471
255744960818
255758543349
255766835238
255762925307
255743458960
255765352534
255742119405
255752960512
255757822627
255752072016
255755362605
255742225924
255763248277
255753709805
255759181971
255752134183
255765294255
255742866145
255762381587
255759436671
255753835754
255746720530
255745645568
255768242560
255766141221
255767762697
255745245136
255756923912
255742662686
255743384373
255742336039
255766948555
255752679396
255752018325
255758597945
255754206108
255742651032
255746726634
255753567045
255764364531
255742763333
255744283970
255742911716
255759275308
255742948804
255758178475
255768804795
255743003590
255746941121
255766979999
255767233684
255758352525
255748092445
255758471586
255754659583
255762032982
255766152447
255758980046
255742310412
255755798617
255769503105
255746824115
255759683864
255757120043
255747171507
255768905129
255763770105
255747234388
255752113821
255762601804
255746168733
255745913091
255769015028
255748035222
255747257660
255758975790
255748146722
255742257667
255767541549
255769158039
255766300806
255748203669
255757893841
255765109696
255746453652
255745043643
255745412587
255748158147
255742483271
255743418289
255748633640
255767845079
255743094912
255752525681
255744047538
255764572240
255745923132
255743917824
255757749764
255765918365
255743700457
255744138232
255756391267
255756410035
255756419172
255756720558
255754981886
255769967099
255767460378
255742873860
255758732416
255752550637
255765252984
255768164424
255763247082
255753485922
255759797697
255752921977
255758688012
255745750897
255748004961
255769431974
255758758208
255752055398
255743344355
255756559105
255755465050
255743838919
255769465485
255768659049
255743571102
255744325335
255745730959
255756641583
255748693970
255763023621
255743372258
255759219648
255752747605
255752736912
255742236968
255746953275
255769589233
255768213396
255758709919
255756082049
255743927597
255743341444
255769727012
255759375791
255745096324
255764996539
255742132133
255765656675
255743548168
255745423489
255769354608
255746611657
255759180956
255747762809
255746777443
255758356725
255743357520
255745315791
255748384822
255758631265
255748052139
255759222487
255759039091
255758763273
255743232807
255745824925
255764937539
255768381797
255764135463
255743056859
255752164253
255745804729
255752736169
255747519020
255756087509
255748697573
255759709329
255756755320
255757799359
255743956253
255763237673
255764412764
255765855975
255746720196
255755460756
255763295799
255754663946
255757563290
255767751341
255762426824
255745159079
255747810168
255764955852
255752717079
255744820168
255754947373
255766289926
255757517073
255757619350
255769230592
255769883815
255757153767
255747073564
255767874353
255763989450
255766640802
255762986052
255764865359
255748461316
255755677008
255747467813
255742807406
255746842230
255746706128
255752717419
255747652921
255758589751
255744997512
255762933509
255764299305
255756181549
255748060917
255742010188
255742368842
255762882765
255767836989
255762664199
255745000501
255758967642
255765042913
255744777974
255766829082
255768827495
255764110784
255759333832
255758640445
255743925303
255743713571
255763859627
255763012993
255762539460
255752610493
255742558548
255755770775
255742850932
255752081182
255757993489
255768317781
255765622721
255767469375
255746363578
255758991188
255757369456
255747626958
255752661952
255752014795
255744638204
255767208544
255752799437
255744107649
255752092960
255755215786
255748602659
255765990554
255768835869
255753155540
255744715202
255768640190
255766309171
255769177244
255746354624
255759708410
255765836536
255746747555
255766205289
255748327007
255744206877
255762662592
255767385940
255764334023
255753829231
255744658197
255758253621
255768563133
255768903717
255759310638
255746548524
255763742975
255754870273
255755573592
255746719732
255753847329
255764532687
255754240820
255747844748
255742771662
255764582787
255759045063
255766183967
255762459815
255762489917
255747563706
255743316257
255762862124
255755572780
255748646290
255758532884
255755994953
255742898343
255753101802
255765346313
255745323620
255765709255
255765530310
255757378899
255755220570
255753386112
255743951941
255766071656
255743572715
255744089600
255762750064
255758761629
255743818801
255769497989
255762265004
255766379367
255754950949
255766559469
255744830252
255766545348
255754323290
255769264244
255767218693
255768007437
255766360618
255747292493
255767657951
255746306164
255769974756
255765926940
255769411851
255753722368
255752654956
255756296061
255766855625
255745497496
255769466199
255764491786
255745887344
255757787966
255747177937
255745610100
255765755595
255765748984
255757498231
255742365568
255744417850
255744302690
255758370778
255747586407
255748032349
255744596407
255743653021
255759953755
255764975760
255765087489
255748713331
255759894253
255767092115
255768724791
255743439255
255753460178
255743360519
255758239792
255764454610
255747458077
255763287309
255757682792
255754235802
255747235812
255752615241
255764531708
255745442823
255743299645
255748631381
255756234125
255768346870
255757711313
255763587934
255753640638
255758235820
255766918620
255766101446
255763065437
255768948155
255743220146
255743220643
255752631887
255769943154
255759780832
255744034294
255753015029
255746042851
255757975402
255748354327
255755210622
255764101397
255742960884
255765688747
255743783050
255769112802
255744654075
255742246139
255753864933
255745699952
255767651712
255755555492
255759499770
255768877841
255745300856
255758224183
255748707124
255766663892
255762829878
255752246791
255766858539
255745897254
255762385140
255746598154
255769543528
255744640077
255764719288
255746656243
255767110377
255743468363
255745053645
255765944077
255763885447
255752343836
255759361901
255766743857
255763948369
255768005123
255753469478
255754669829
255743966532
255744085457
255747375059
255747415420
255767956916
255745216474
255767664118
255744054352
255744405920
255758159938
255742233154
255767598350
255752681451
255768026366
255764773321
255764127630
255744442208
255754513960
255767008285
255744628996
255743003514
255747865977
255768779169
255766308674
255763036413
255752297332
255764421814
255763997540
255742371852
255743035588
255767216312
255753450665
255742021910
255757680427
255756890421
255756730293
255762683577
255752219944
255765039316
255744642180
255742041534
255769027939
255756863864
255742686992
255744006741
255762184944
255752528385
255759691862
255743223290
255744782182
255746586573
255743272202
255755078364
255753898810
255752012494
255745212304
255767546704
255755821852
255765622031
255753335155
255767981451
255759960590
255767002399
255747543236
255768459872
255747087868
255767344603
255742036778
255758980453
255763238392
255742669413
255743240244
255755150639
255742314397
255765266911
255753832911
255748132383
255756324560
255752349186
255766785878
255759095624
255756968558
255743856485
255769399791
255764729650
255755770937
255768194365
255746086797
255763298069
255759773721
255753979311
255742625810
255755708036
255747478648
255765511062
255758769324
255743275342
255743941221
255752331734
255755558491
255742996948
255745720225
255756062597
255747906925
255744965251
255748218894
255755739195
255743238794
255755160743
255744058873
255745456855
255758100543
255755422928
255764845080
255767511795
255744453147
255748391835
255745726793
255768546224
255767607359
255757609663
255747340194
255746689078
255767757196
255769237348
255759823011
255757659602
255763135735
255746273248
255757222130
255753570262
255742018219
255744889673
255746045589
255747103304
255753384734
255766435789
255759561376
255765108456
255758068955
255742194274
255757905015
255743589750
255759452611
255767715545
255762433338
255747908569
255766064054
255759697073
255759697275
255754925601
255769602135
255769165625
255767625152
255762955252
255764579933
255763965462
255754001207
255769749856
255767644848
255756072338
255743628492
255768411038
255747713527
255743093610
255745071561
255763072580
255748024529
255769118129
255743362821
255766026573
255767189353
255768974317
255767908327
255745265675
255746211683
255744873905
255742199884
255753482890
255745158135
255748190906
255759259212
255759070645
255744181880
255764880861
255763976022
255742935850
255765646285
255764979940
255763743855
255744700120
255745017860
255764367337
255742746520
255759056803
255743044900
255752938157
255763593742
255765414020
255747690624
255746794610
255748756137
255765981936
255756819817
255763803478
255767240552
255765441762
255759090478
255765712394
255768853279
255763459920
255748617276
255754416883
255768295305
255744822900
255763006890
255745134173
255764644185
255764610097
255755924602
255764587983
255768833857
255758492145
255768327010
255764205084
255753319086
255765367119
255747631487
255752693850
255752693354
255744940731
255747930931
255744635246
255768161552
255756413702
255769649461
255759504357
255747096574
255752285721
255746440289
255747757197
255755368375
255767279441
255743322821
255747248753
255744365761
255755982508
255745342922
255765656450
255742562777
255769950442
255768513754
255763718603
255743883397
255746930725
255769233823
255767288746
255769353933
255769067287
255744110781
255762311193
255765552459
255768059896
255744260574
255747602096
255759862939
255762824234
255747843342
255743866400
255745622173
255755281431
255768693430
255767739148
255747048145
255755105456
255747138258
255759139339
255742167846
255747672342
255748404009
255768109152
255763525779
255762699162
255767073403
255744016842
255742304057
255765525209
255769345603
255768526504
255747007345
255744768537
255743290649
255766591581
255764203932
255757103735
255748426152
255742653944
255747463855
255753296866
255745598957
255769046034
255746690857
255745131178
255748471036
255744300220
255744885604
255768603876
255767671027
255763175687
255752789326
255767749484
255746817848
255755145465
255754928920
255764223092
255762238867
255768209873
255747189326
255766789326
255746029689
255767408946
255768856696
255746716616
255767902853
255766772075
255755971922
255759445441
255766039987
255747503087
255742176462
255747441979
255767854978
255757497023
255763821809
255742042939
255769612962
255758532455
255758130263
255746799900
255755917188
255769041428
255769217249
255769054807
255766117327
255757057363
255744113367
255743315262
255763082030
255759475499
255757378520
255745470441
255766209863
255744400675
255745623656
255766349922
255743861634
255753312079
255753092988
255745721892
255766464556
255752431319
255742004436
255745720166
255763269017
255756948219
255755401312
255767351261
255747703509
255755851442
255753678365
255747191602
255745749088
255767238387
255746283107
255767699522
255756051600
255746669511
255753666979
255743223376
255743250384
255744534999
255758295100
255744644901
255752348698
255762161186
255767544107
255768362497
255764501430
255743038038
255752340085
255742507538
255747195281
255753430874
255768621423
255747646273
255765482414
255755452333
255744636878
255767880806
255745343017
255763062453
255753346988
255762382319
255758702668
255744695536
255752648237
255767517083
255757098649
255748016907
255743251726
255745233641
255746063133
255757275908
255752051909
255756478063
255752539349
255763460630
255758465820
255767606632
255743178554
255763047352
255744161390
255756781604
255746953753
255765789449
255764678477
255759416839
255766581730
255747792399
255764137804
255742541337
255753160981
255748249318
255745362765
255765134294
255765710212
255753684537
255746848123
255765561507
255755262051
255768501907
255759454157
255744549973
255756036744
255745359551
255763876362
255744504619
255747923186
255744324534
255765962110
255764401532
255757062755
255744267113
255755698755
255758552268
255762227132
255745695178
255765811243
255743765875
255754256858
255766216313
255743928005
255763301234
255763574418
255758131751
255768381737
255766054713
255763396363
255766215073
255758340513
255762073868
255764482733
255754959450
255762408898
255768975930
255767255180
255758205046
255747700502
255758591210
255763906844
255754685414
255747660867
255742193977
255768844386
255757689926
255757943472
255762207459
255767824187
255753258699
255753521404
255764766871
255758602962
255743535269
255742595399
255755006333
255743635691
255766552311
255756263673
255757602362
255759636512
255758598303
255743249695
255767155402
255767474227
255765835821
255769519111
255766079315
255758473417
255746708663
255742512152
255742734867
255757654887
255759132336
255759964962
255746231349
255754521844
255766573586
255767851989
255757855481
255756013790
255764837689
255742631369
255747912008
255766388535
255763021660
255767828723
255756822755
255764817334
255742443604
255746890577
255756443364
255766425097
255767303857
255748341546
255752483807
255759509577
255762107880
255742395886
255747888960
255748294010
255764208103
255768331949
255754742033
255754895721
255767824376
255763951482
255765172085
255769658165
255762061771
255742237249
255745091847
255746142575
255757158173
255769176487
255742934552
255759678331
255746650552
255756948457
255753377744
255746630056
255748111515
255767536558
255743131719
255764863049
255768152159
255769221892
255742720424
255748241039
255769967802
255757937087
255753928078
255745049829
255769261567
255746081237
255756013730
255745983863
255754970195
255768862234
255753172685
255764797290
255767485463
255759340001
255757950994
255769531365
255769515777
255744822392
255748060425
255758063681
255746573843
255758082009
255765897464
255758092982
255767190560
255745219990
255754276283
255743150158
255742084648
255759617303
255742967067
255745845551
255746228593
255767761449
255746005185
255762264178
255753477520
255746431159
255766342076
255747318648
255756525300
255768501485
255763571588
255766064673
255743684431
255755181243
255758357930
255754490170
255744087780
255762352631
255747047380
255768806269
255754530964
255743867683
255744977655
255757831445
255742494509
255765916421
255758158024
255754344020
255748301477
255744357170
255763094277
255748243846
255769094566
255748205921
255752963011
255746827363
255765112064
255769049524
255748154671
255743564733
255748386610
255752422056
255752451053
255758950610
255768641262
255744809955
255742452998
255744294641
255743645491
255753668582
255758005201
255766443291
255759638805
255765784553
255752838607
255764911703
255765637030
255762728069
255763383652
255757522635
255744245476
255767132099
255757522132
255762611819
255764273366
255743224662
255757692552
255757281319
255742354943
255757785983
255762256918
255752364661
255754779923
255769380724
255759884195
255756653710
255762892024
255765841434
255742090662
255747055222
255757586153
255759980289
255746738882
255743214190
255757173121
255762645701
255765480735
255747282886
255754787944
255763280507
255767617015
255759447821
255763857819
255754338710
255766343259
255748646312
255743061488
255748242243
255759297330
255753435588
255743814991
255745834895
255745431230
255768439949
255765329129
255745726419
255743661979
255763927548
255762073857
255758752708
255763223123
255752829796
255742525560
255763583792
255754696551
255757644147
255768127279
255744050974
255754787479
255762760580
255752159651
255745537383
255744105165
255763222798
255763010796
255758375481
255756840463
255767041239
255756284577
255745090803
255766759476
255769317563
255767089710
255752394982
255769388152
255746426933
255748168714
255746459598
255742521384
255747936276
255747194673
255759610972
255742758544
255758498495
255753456539
255742678107
255748657325
255752454681
255767342874
255757458386
255747437033
255745408622
255756295060
255762032359
255766199269
255745424120
255762959022
255762444768
255767963675
255759472721
255769272053
255756837584
255752956253
255753650511
255747376649
255748059082
255742453822
255742607767
255764090272
255769819767
255759394161
255769797658
255766686826
255753822596
255752033321
255767028589
255746041112
255742976263
255759053962
255742946167
255756781244
255766360815
255747616970
255743672917
255763302304
255765392201
255746615098
255767334217
255769135729
255743331088
255759045220
255759421348
255757635069
255743606189
255765333101
255757780779
255769216032
255753393206
255747526665
255742602590
255759017637
255757968987
255753661398
255746149798
255758499577
255754090806
255744795957
255742254986
255744998588
255744954247
255766084360
255743034988
255742485440
255743318776
255754223049
255757631358
255757987029
255754678154
255766856840
255763498191
255753867749
255744016641
255743494754
255754650239
255753351958
255752279606
255752012766
255758689956
255754486079
255754982680
255745265312
255752276452
255765573633
255759137849
255759237815
255742529989
255743533350
255747999488
255746955134
255769752228
255755118023
255753541292
255758463529
255766242913
255758461063
255753442032
255746670854
255753492933
255767624035
255755464799
255764845611
255756663614
255753278265
255764068457
255746993331
255743210360
255745928611
255756928341
255763731738
255748636236
255742946375
255769875738
255743167216
255768807667
255768687703
762242421
255747941268
255744376844
255765693962
255764847206
255759506010
255765681696
255742338967
255756076349
255766599529
255763945825
255757717868
255759263948
255754630619
255746333224
255763479310
255743951278
255767107109
255742313266
255743200431
255746339202
255742314363
255754476473
255764119553
255742066536
255746730023
255766916416
255743928977
255763938472
255745343635
255746750525
255768924875
255744456358
255755496633
255764894338
255746262628
255764844233
255746823247
255768735770
255768742449
255745693662
255766234305
255769535317
255745249777
255756520971
255764817299
255743457497
255746390761
255757536571
255744675348
255745266040
255744539028
255746175883
255748386512
255752470141
255769947394
255755558686
255755798367
255757964410
255745264880
255755182876
255767474496
255745502152
255769783937
255769741858
255744955082
255745103707
255759029546
255762600113
255759560860
255762941255
255767653059
255744001832
255744975264
255742814779
255756803131
255742067075
255755516087
255743647814
255744407945
255769269408
255755850925
255764787294
255766088767
255748678862
255759100924
255755712156
255754246568
255767962107
255752226114
255743899136
255759620948
255745062456
255746687094
255767483203
255744167544
255748686067
255762949196
255747388426
255745588089
255747412803
255765828714
255767422083
255769693090
255753722242
255747388720
255747671745
255743568285
255765108193
255759445546
255769026982
255743176103
255747676842
255748259409
255754478243
255743694139
255747870390
255745199876
255763816827
255763912737
255767617977
255759927144
255758045507
255758119452
255765304829
255744622428
255768043034
255747202914
255756399933
255755857939
255754914416
255762719138
255763399043
255742426620
255756511562
255762774956
255742981970
255752831325
255746757450
255757974060
255743593858
255767142468
255759083550
255748683780
255762823824
255744421838
255768593340
255746664224
255745494154
255746285214
255768546636
255758733163
255758218824
255759249084
255746637263
255748268565
255745722001
255753380901
255743079305
255758184592
255745295170
255747487028
255759787120
255767379248
255743419132
255752594301
255743120917
255745640326
255756588493
255743709124
255758057701
255755642130
255764740323
255758962304
255745313253
255745174414
255744589615
255768895784
255767951783
255764142188
255767565496
255747096617
255746846387
255766698554
255757659491
255755437989
255757127747
255756990948
255764312414
255747548942
255768093448
255759532543
255769266236
255744835581
255758599620
255763238050
255757596543
255742069472
255764936039
255746662863
255768060210
255759818767
255757538113
255745772041
255767646974
255764958851
255745308390
255745488791
255743906527
255744363692
255764312553
255745160059
255747011542
255758377050
255766032335
255762438802
255766203609
255742718983
255747206412
255744403856
255769640190
255742095949
255768383123
255769369026
255767414628
255756779595
255763851377
255748483335
255745098184
255769836003
255764772067
255759746106
255748635868
255746577338
255743644432
255764953122
255765401917
255758988962
255752431910
255765858229
255762058285
255755104974
255763532468
255755553630
255747298935
255756935413
255759487908
255742409498
255769497672
255767697643
255747162503
255743984138
255744478010
255767496215
255758690416
255746687534
255744812915
255742456652
255754442366
255767070183
255762115428
255764221938
255768116890
255745600060
255755679960
255743119698
255746231951
255753121025
255752203911
255743785336
255763736099
255744358737
255767083993
255765415417
255753662169
255752214292
255757593864
255762581214
255759158167
255757407317
255742192884
255744080562
255742779298
255765765663
255747040497
255768978769
255767421788
255769045590
255746344238
255769594480
255769448314
255767009577
255768464227
255748030875
255742513605
255758743691
255752274671
255742947477
255746441671
255763339040
255757542795
255759450659
255765611296
255753489540
255743324193
255742760047
255747318899
255753846297
255757384364
255755893664
255767417031
255754072461
255757592390
255742799245
255746033026
255746721446
255744572287
255755575614
255752918227
255747133737
255746337536
255763318361
255768735105
255759736409
255747175112
255764106104
255762484929
255767743883
255756989141
255747319620
255769057191
255767324040
255759642827
255744223746
255755839974
255768556485
255748034890
255743004791
255769209356
255765596385
255747767374
255758118953
255767695277
255763313485
255747433088
255742801411
255742810860
255759344282
255756709267
255743409075
255742615847
255769373452
255763709053
255752220889
255767729534
255752273471
255769017748
255742185162
255768293666
255745411807
255763387902
255742690982
255747799412
255765125337
255755099841
255766422711
255762712973
255752248914
255742939957
255762664409
255767492739
255762739063
255742005543
255744523356
255767472898
255764217283
255758087312
255746907137
255758785716
255769031278
255747496395
255745878273
255768590532
255746872409
255752144823
255754034902
255763250227
255744941165
255758989317
255743567452
255769025444
255742400279
255763416230
255766659502
255768203837
255764444106
255765470893
255764477533
255762687323
255745976157
255764065452
255768286336
255754548668
255769181120
255769954802
255753288539
255752331487
255759483217
255742793422
255747558008
255762447068
255742334782
255746838264
255769973020
255755477871
255742020578
255743611290
255765269522
255743896953
255753823652
255757299349
255763596328
255766236856
255754788113
255754528008
255742776559
255752176123
255745933038
255743747129
255753643484
255765372073
255746151635
255768661964
255765392473
255755459204
255755747789
255762005309
255763981707
255769937297
255769990825
255763769451
255762600108
255752583018
255768634679
255744033846
255746535375
255746250727
255744872497
255758095012
255745829953
255762645491
255743132542
255754963936
255758286609
255753226903
255745641208
255755937784
255753865961
255769776152
255766202635
255769056761
255747877538
255762527194
255768592638
255747891960
255742957457
255742660249
255766955621
255742751464
255758679664
255745767443
255747952427
255757070084
255744377280
255757372707
255743422774
255758750584
255746593819
255748350956
255767945547
255742448897
255744517353
255743825503
255757900195
255763923115
255769838427
255764808427
255742883794
255764808723
255764298009
255747532008
255767565801
255743110141
255759125497
255757978845
255756705793
255742207100
255762323304
255753139911
255744840503
255742550564
255748570334
255763865310
255769028787
255743520022
255765634065
255766866981
255745074055
255742753505
255769340986
255745149255
255767565924
255748474635
255745411408
255744546414
255767378781
255743639083
255765970526
255745347859
255755311223
255763498527
255769028644
255758288954
255747145404
255762137147
255762936945
255766874548
255744776907
255766358836
255768240082
255765427283
255754334202
255759237958
255742165675
255754087829
255768928766
255742658218
255755233313
255768034232
255756293563
255757617457
255742078199
255758473953
255753463453
255764522166
255745454779
255759622984
255767915571
255768464065
255768433820
255747669888
255752435084
255769444353
255769127340
255745859717
255744990617
255747980617
255767201455
255757195060
255764629007
255758658668
255765808963
255769917434
255768378566
255767557434
255746030141
255763190539
255769206493
255769226796
255747322021
255765898806
255744881196
255742682055
255759471348
255767417293
255766773727
255744223261
255762143725
255764379697
255763051458
255755050547
255744813818
255753887912
255754424334
255764816692
255764428689
255748255890
255769932378
255759376436
255753476949
255755379841
255758389046
255747940983
255755232500
255746836261
255758645207
255768874490
255745330468
255759808816
255757523174
255752587252
255753640242
255743948801
255753587271
255748664423
255759397768
255759026873
255757932802
255767126733
255744691640
255753083727
255763310343
255745791106
255744006471
255765293613
255748495592
255766909603
255745698594
255746668651
255755647713
255759924827
255769123192
255754255842
255752257947
255743709846
255763573386
255768320187
255769888989
255763943360
255759557806
255769581289
255764727247
255746493422
255742515191
255759698881
255769467563
255742393690
255766384316
255743353032
255743052358
255759603544
255758532824
255766850901
255742085803
255743184348
255763210241
255767519028
255745150489
255756602908
255764628437
255769637686
255746071442
255754405726
255765624590
255743332177
255754425926
255747794200
255767038682
255747526330
255769025102
255747866554
255748692397
255764693832
255764083872
255764196978
255748366884
255769005921
255756040803
255744235111
255767310832
255747147521
255753469840
255759549083
255764945504
255766118573
255754057318
255764544074
255763564024
255756293860
255746248691
255753357657
255747133620
255758038389
255747446465
255769713906
255752629334
255767597356
255747322298
255748697897
255746188065
255743086950
255763843544
255767413226
255754519558
255767463326
255756981734
255765412054
255752023013
255762035492
255748022902
255765815538
255757096425
255764802404
255766231921
255759831605
255742214388
255768148974
255755151821
255755860508
255766146569
255752607424
255762240823
255752861597
255746980068
255757696247
255744582597
255759852565
255753126852
255753844445
255754448034
255765892759
255746977960
255766641515
255746561371
255742513048
255759556106
255757205133
255766170010
255742071632
255759201674
255753126901
255759743107
255744224838
255763473361
255748191231
255765982446
255767132708
255767385469
255767394973
255758411821
255766270697
255748428007
255766040907
255763549303
255765107954
255742756815
255747996141
255748379223
255765255108
255762822329
255753416624
255759354579
255752972685
255766626201
255765318225
255766802307
255755707829
255769589813
255747459666
255763206331
255744809753
255757531247
255758061970
255747775807
255742302975
255758234934
255767230704
255747384572
255759736926
255746456869
255754046882
255769618326
255769871893
255768671027
255755151967
255759192510
255758207682
255766249056
255746022702
255757941323
255762230332
255744976259
255754662231
255758794047
255748500981
255766539800
255764568237
255759884022
255763346273
255768831158
255748197404
255768039350
255757421035
255747723811
255743937644
255766498267
255765918024
255762616855
255768470156
255743502726
255745601653
255744254905
255768267749
255769365148
255765013781
255756297897
255742257669
255756655694
255742198837
255767497129
255753540904
255759756215
255742725051
255744221069
255768907311
255768019207
255756499721
255747340777
255755228157
255765368059
255763714058
255759152939
255763260480
255769427641
255742600439
255743955134
255745205995
255745263865
255752826585
255766847043
255745810092
255767784815
255769259069
255752287099
255748495636
255768807681
255768354192
255759148094
255762875943
255764902126
255763264693
255747123512
255765315829
255755629706
255753158108
255765644602
255752972370
255748474723
255753065637
255758124861
255753431548
255745522978
255753951014
255744139222
255753572989
255742740795
255743138101
255743042912
255753225975
255755963167
255766456784
255768686600
255748401240
255753821583
255768232573
255768377099
255768146215
255744116149
255755691952
255766371738
255765143411
255746669209
255769124819
255763157953
255756402939
255753868705
255744241992
255755858029
255758016342
255758379281
255748369359
255768221326
255743389855
255769973730
255748096390
255744717036
255744448496
255766720534
255762361325
255754547582
255762640712
255765725988
255746322427
255758584244
255768002526
255755090613
255742235655
255765550375
255744638386
255744441266
255766352033
255748057257
255756411272
255764112732
255744500460
255763856342
255767643282
255745067130
255757105246
255746091368
255759544750
255755918553
255752784476
255762922524
255743933913
255746917990
255764725259
255744760061
255747095271
255747065980
255746886326
255764869401
255764283843
255769510861
255769776891
255752843725
255765454085
255746179732
255746003433
255748480896
255752742919
255753063144
255769629108
255745217293
255752539503
255765431834
255747624084
255754516229
255765949092
255745828554
255746863183
255762432067
255746270284
255768972374
255745624153
255762049507
255762730984
255752174213
255747041471
255769712778
255742639822
255762818417
255756854078
255748251404
255764845876
255762664901
255764180095
255762287527
255746391162
255765371323
255766047888
255748412844
255744948887
255757533036
255747674671
255762002790
255762709487
255745640806
255769223459
255769774962
255747418148
255767346923
255757356284
255767052377
255767914094
255769312878
255767200766
255748100699
255766193470
255752672232
255768185035
255745241077
255742293262
255764172948
255758165449
255742331387
255743334582
255753806762
255759328404
255757632410
255745913723
255759588000
255756044172
255756597607
255769102558
255743761139
255742871811
255743298976
255747636375
255766233887
255753506532
255757406541
255756764239
255766859305
255768891645
255769842407
255747989926
255753816816
255744303237
255756795999
255766034959
255755770211
255748239381
255752798488
255757692949
255762885027
255746788738
255742227216
255743574743
255759475298
255759328420
255745010830
255769851451
255753535428
255767458898
255757186404
255754922576
255767786526
255742292195
255747530043
255762845431
255746987935
255763848147
255762589366
255763853175
255754877152
255742692364
255758620077
255757857753
255756558247
255743133158
255743423074
255767124200
255743080825
255756666483
255756097118
255755972629
255769397301
255746698162
255745653931
255762668993
255742053628
255752764100
255746499802
255768920605
255768295689
255755997798
255767934466
255756361581
255759788823
255743357732
255743836974
255759805702
255759446430
255747190461
255742731106
255758739795
255742733038
255756776293
255756846404
255746166863
255762443886
255742389555
255755415584
255758132097
255767368057
255769991808
255764134756
255746938698
255745090130
255766420566
255754496586
255759220466
255768595041
255744021762
255745606376
255743250515
255748474412
255764155481
255744131099
255768821832
255768590394
255758670591
255758482611
255759620511
255757836549
255759023261
255746103093
255756975252
255767245629
255764679881
255745847699
255767639781
255759964217
255753624450
255768241434
255747484844
255747210599
255769546353
255759156169
255767057680
255763094569
255756075867
255753191076
255769007347
255768424137
255767084509
255743628778
255753189305
255748177886
255755271730
255756522216
255756502218
255757787616
255743175062
255764104119
255766588030
255769313663
255763075047
255744509522
255742632560
255769301973
255764371378
255753623340
255745002488
255764369704
255748427153
255742550477
255742657586
255759427570
255748648812
255764848289
255742242860
255742473661
255768040064
255759119710
255759541459
255746559628
255766829942
255743557452
255769628248
255756586111
255763401388
255748389161
255753804552
255763902175
255746618074
255769593258
255757764819
255764573186
255745327242
255769751191
255762292492
255768730488
255766394699
255763524567
255746819719
255768053763
255754332166
255763451935
255766221614
255764551612
255766162935
255746364744
255752183609
255747292207
255765494616
255743434090
255767205497
255758267575
255765189628
255747323378
255755001639
255753081739
255743908313
255764563840
255767697413
255765590009
255758390307
255752309701
255752074495
255766732702
255755417189
255743382940
255758423940
255758099258
255763376490
255742652793
255744994824
255758300697
255747452881
255762096762
255757971427
255767023221
255744530687
255743072953
255765307982
255768083646
255769191101
255768235912
255759179160
255762047594
255746972088
255753424619
255769731371
255757343004
255766810975
255752769464
255759409545
255766262804
255746078925
255759195611
255759211262
255764379126
255756517477
255759744588
255763174150
255764809136
255746770591
255742318240
255757153087
255764439999
255742191323
255748475581
255742846142
255753902905
255748566383
255757674404
255753151765
255753448462
255764159697
255769440559
255744455476
255765323805
255767179093
255757975522
255765303908
255755676270
255763049833
255759529371
255743473777
255757539571
255755881694
255747956458
255754890712
255743949460
255763476873
255762384211
255762316569
255759425435
255743168309
255752130410
255769334683
255758097730
255748178809
255759107759
255753722332
255769137900
255747515444
255767762658
255745377646
255769837775
255747592884
255764807775
255757747998
255748617159
255742338436
255745731540
255745782855
255746476366
255743531122
255743986330
255754579808
255753472659
255754068747
255762822770
255744487469
255762508209
255769185724
255747066563
255747217328
255756357435
255742420424
255742036571
255747195301
255743924864
255765336447
255765356647
255757361198
255759750659
255765875532
255746177976
255743324230
255765291241
255768001637
255763753401
255742402506
255768828043
255762872646
255762456954
255759004514
255752729546
255742210505
255757929160
255766373634
255742266443
255743935993
255745295011
255755008676
255753077419
255759412130
255753097019
255754939811
255747249181
255765636156
255768759423
255762035037
255766893197
255748602229
255742362282
255745140570
255758692414
255742021010
255769222508
255742070490
255742786197
255764335680
255766688449
255742611724
255768143524
255764988771
255766461683
255768444842
255748167498
255747070033
255768452018
255754820101
255756085172
255767805514
255748666410
255765172552
255766556556
255743122257
255745420666
255745904973
255769650235
255743296358
255763712559
255746486732
255766969804
255745565717
255756797799
255743679898
255757511690
255769028895
255748668961
255769074619
255754364245
255757302499
255745637587
255744380276
255744402643
255747123923
255763487963
255763375875
255765275039
255747016999
255756685573
255754857269
255755032112
255756419887
255745715696
255747394812
255767689354
255764621281
255759871912
255743509060
255744529254
255746633195
255767138227
255745665850
255755923780
255746831658
255756991559
255757101398
255742665616
255755140171
255766082746
255755082845
255747797357
255755104998
255745940913
255764830805
255767684489
255748090820
255753722789
255744194261
255742766017
255747825019
255762533215
255758388714
255764369926
255764890077
255744573042
255764780318
255759160511
255746624120
255758740307
255764767396
255766596261
255764188193
255747499899
255747479191
255756922842
255752352648
255742654778
255752155217
255757934157
255765786409
255768267188
255769744928
255769721456
255747182758
255755388059
255768222678
255746197802
255747671905
255769098889
255758403362
255743339898
255765795642
255745326780
255768669004
255768311046
255742016768
255768807682
255748710906
255762385756
255746751178
255754688734
255762880853
255769133189
255769816907
255762422867
255766809771
255762422366
255754200563
255743956797
255764953190
255746249688
255765133487
255765003872
255754020569
255759879926
255759645392
255745805536
255753719991
255745911760
255746931531
255745508040
255754865195
255754839249
255754892973
255743428720
255744205442
255755325709
255769621841
255742622005
255747008388
255746589712
255764635643
255763192116
255755377978
255767713903
255759958255
255762879741
255748175846
255762203991
255768185372
255743803873
255769254320
255747916809
255764523771
255768134084
255762849341
255769429380
255755984094
255756171003
255743800695
255763838205
255765339604
255766652537
255743219627
255743842741
255747313735
255743021244
255748119048
255759127934
255769756707
255768966981
255747129354
255764687611
255742084652
255757038347
255744931747
255765566096
255747607571
255743813422
255755732606
255746310348
255768583440
255757810140
255742177000
255767520846
255757046979
255744596258
255755765091
255764673565
255747144531
255746606577
255742953001
255764131856
255747174200
255762223465
255766415347
255746319626
255745654549
255756704746
255766721351
255762157387
255762936541
255767813123
255742457406
255745835516
255766859064
255758494061
255759117618
255748030270
255765979483
255748184493
255762418577
255744771923
255757564746
255747957780
255764769024
255757841153
255762183425
255763227461
255745677664
255745747872
255763410612
255767100669
255745968452
255758796848
255754829727
255745941573
255743180370
255743424232
255769840623
255758200091
255747465580
255762161794
255762383607
255768619883
255763907111
255763932435
255743622440
255754653933
255743896665
255754496354
255743131464
255752712276
255756302491
255757538064
255766395234
255767685740
255744857323
255755635845
255766070409
255766100861
255769092344
255758115153
255763806698
255746699320
255769599630
255759240689
255769054660
255762830185
255745343772
255764830978
255754746745
255755944638
255746569898
255756717420
255762068277
255767302875
255762018777
255752667421
255768847323
255769499675
255752854127
255748317876
255759126097
255768174482
255763231228
255759989881
255743273450
255745414174
255745175187
255762798106
255763934397
255748389265
255769294032
255766412637
255753013447
255769813434
255762275149
255759043577
255769597480
255767727068
255763158367
255759352576
255762178462
255756000277
255754409280
255754959098
255747710295
255743887985
255765278345
255747870244
255757619206
255763947307
255768106859
255768383046
255769827107
255752247742
255769984936
255746434967
255768469755
255759511260
255756869578
255754475117
255763563702
255753356178
255742261961
255764881139
255746713332
255742791250
255769712234
255762424301
255755231634
255745731731
255763186894
255745092453
255756375848
255742865900
255752771549
255752836662
255742209269
255743704497
255766209616
255753359861
255757748892
255743023145
255763061168
255747747738
255752965611
255758076215
255762562781
255752579497
255748105779
255753636912
255744137032
255747887848
255765314237
255766735348
255742421652
255759063345
255757066166
255768966737
255753969101
255768218372
255759236878
255745877856
255743281491
255769194010
255768004898
255753742553
255742323813
255756858276
255769291888
255758161664
255766185811
255762918329
255747841933
255742812099
255759088064
255763228187
255769807384
255747550353
255743382511
255746155886
255745044378
255764178576
255766220105
255748374894
255755727754
255742752780
255758403729
255755281502
255745185574
255766637952
255757009545
255746930348
255756185778
255768211138
255752644963
255747822056
255747278498
255755286005
255763764052
255747240235
255763422559
255758978210
255744815145
255767119113
255743600222
255746123361
255744148084
255764581888
255758251261
255744421090
255763102258
255764968774
255758350604
255752601269
255753175011
255764924873
255762523306
255752633172
255768586343
255758354742
255753785706
255752687100
255744020125
255746079537
255762947542
255746418431
255745139579
255747391371
255759922070
255758190339
255742584474
255748689423
255745570033
255759178523
255765901751
255759274831
255766455715
255769189634
255754032246
255746129703
255766156001
255767552969
255758266360
255744492807
255746584970
255754546332
255759670344
255743960006
255764245321
255759121108
255767845223
255757036603
255768243774
255756708283
255758212614
255745471718
255762167940
255762826959
255769760741
255747721416
255755647813
255766905914
255743810801
255747536469
255748570682
255768875909
255755523522
255744321792
255744901496
255757357040
255743017932
255742143363
255744500085
255763906320
255748741010
255753299636
255758143853
255747487027
255743061682
255743305447
255764752690
255759347153
255764103390
255746163559
255752601673
255765909565
255766005236
255759891634
255745401921
255767202427
255742488267
255756006224
255745235585
255767526167
255756690753
255762512656
255767753136
255746128058
255747480804
255769828350
255744211087
255747842958
255767910935
255747210239
255746907216
255752126053
255767424733
255756997348
255768191601
255757487990
255747620152
255753215389
255759671286
255743091432
255755494113
255758245494
255765125047
255767887128
255757188703
255768435639
255743942811
255756506476
255746094868
255754081104
255765421666
255745855522
255752962337
255765174728
255763360312
255766260099
255757390308
255759718887
255743785634
255764849447
255752868752
255742502218
255744557481
255744228498
255765662413
255763569918
255746784618
255752744626
255768549318
255765759458
255744399700
255747389700
255764941177
255742784465
255757869098
255762398366
255743246886
255768284270
255746170035
255745283223
255753193998
255757018831
255768176841
255758409337
255752303235
255763757565
255744707270
255759340848
255752411896
255752810863
255753874734
255756875873
255758058766
255747188738
255748400332
255758607343
255748049342
255753576561
255743570629
255756492260
255768340954
255757295965
255744160405
255745131587
255755462956
255747462576
255764414308
255758045560
255742010773
255758145586
255765973597
255745661535
255746849625
255762067200
255756605957
255768453194
255748055437
255768959918
255769950856
255753872955
255747724969
255753196551
255755829444
255758448925
255763272618
255765929241
255763919806
255758724636
255743372264
255769675405
255745478679
255754452103
255769525417
255758796253
255745384194
255769083985
255757747104
255748431833
255746940843
255743181930
255752102858
255756445897
255768499380
255755809411
255764550632
255765051628
255759056667
255769929452
255758022656
255765780873
255756187738
255744213376
255767987529
255762757490
255746271952
255743474187
255765923529
255754239169
255752846628
255768472020
255745855497
255763990576
255759323188
255754882409
255767898156
255759452776
255763245945
255768225748
255757885019
255762354400
255744746650
255752018591
255752748932
255744791812
255743438642
255743191849
255758989860
255762878968
255765764296
255762172983
255759288456
255763267102
255768067733
255762514837
255743257950
255747354542
255767432606
255759248443
255767631230
255752928985
255742435083
255769206016
255764296319
255758160365
255748256340
255766757157
255756165587
255742819741
255769436284
255765508202
255762814351
255752129790
255767089138
255755093268
255769415130
255743808636
255758458387
255756970570
255742959679
255746447900
255769168348
255744198294
255744702851
255746433180
255767883048
255745850754
255762267593
255766158116
255767228920
255745392654
255769813558
255763281988
255765978299
255745372757
255743350187
255755282982
255762928796
255745722199
255759499287
255766733313
255764985422
255747114497
255752269607
255755317646
255758399509
255766537129
255766875061
255767258902
255743652123
255747954791
255757279691
255763072479
255746960521
255769585109
255743575176
255763767059
255762326666
255759785081
255754491366
255755928915
255747470476
255756682815
255762250440
255769899800
255769136740
255763184195
255742123324
255756396397
255759282650
255755630467
255769247311
255752071242
255747706863
255758651480
255745527954
255747851937
255767252104
255758587802
255747846019
255767297026
255747573842
255753139012
255752255964
255764531617
255765514664
255765788573
255767657591
255753573020
255759933235
255755517890
255742954901
255757830586
255764386062
255758203326
255764104403
255758033816
255767200473
255764981440
255742389506
255758300778
255765507414
255758737603
255762479684
255769140925
255764766589
255753096289
255752726435
255769134141
255746612918
255752075945
255757787348
255769611823
255756397242
255747453799
255758207489
255745179288
255752012823
255744117988
255742534364
255743055906
255764106417
255745996855
255759452505
255767718241
255763167992
255767042508
255754502226
255755630888
255768946895
255742004414
255753700309
255757895305
255752642880
255744404051
255755305039
255742042727
255748690556
255745650056
255753753821
255757659402
255763962755
255765952352
255757341821
255753489014
255748333430
255758465212
255765574641
255769733832
255747201661
255742295553
255747510086
255755295546
255755300789
255747516117
255753186119
255763581155
255742169533
255745101520
255763150423
255759067347
255752947855
255753823592
255743552507
255753309033
255767089387
255745227843
255743287646
255753568769
255755890557
255759224905
255768032305
255745348082
255747742637
255742960639
255762543234
255758509554
255762334639
255748461246
255763558845
255745280403
255762573634
255768576884
255745694158
255742355934
255742985751
255769502914
255759561166
255742865319
255759215280
255759263172
255769864667
255756938150
255759334382
255769481319
255747435040
255763756565
255746594782
255756904784
255765398857
255745268740
255768027348
255754042567
255763302189
255748400612
255768308236
255758960598
255767649572
255742175923
255758284237
255745795288
255768738597
255765755532
255757516760
255747546273
255765075617
255754827136
255756587214
255752617028
255747010265
255757114137
255767227787
255768267431
255743765333
255744408333
255753941741
255746187325
255747761770
255754951538
255753023720
255764146812
255769387758
255755907755
255762878361
255762935367
255768400917
255768420715
255757317154
255754327154
255757493564
255763941942
255743896803
255748178141
255769111823
255759325564
255742284179
255764142294
255747638819
255763578763
255762166356
255744167564
255742725488
255744167868
255742933842
255764696360
255759800577
255765168551
255769911630
255764951832
255743757303
255756651636
255763140335
255747328682
255763842031
255752406920
255756907295
255745160871
255758739183
255757309793
255759749007
255766519758
255762389246
255762925223
255763864911
255767330548
255767283407
255755662187
255747584631
255754490150
255746244452
255764067537
255759615169
255767885498
255748269565
255753108092
255744552510
255763434807
255747192420
255742118794
255758562354
255766851063
255745612291
255757688865
255747715071
255767747749
255765461239
255744790227
255748754521
255744334122
255745098913
255745539197
255746393370
255757897750
255758755439
255756988451
255759112292
255767810508
255768186618
255759786701
255768270607
255759755593
255766568930
255769179325
255755335802
255743070281
255754862673
255757973667
255745572428
255769124887
255766854517
255764769513
255754887578
255742882651
255762579027
255748187965
255762869019
255768060490
255745602668
255747055184
255762940381
255759149241
255752424992
255743043120
255756952505
255753737568
255746746345
255768907874
255748098567
255757586403
255744373323
255742279812
255768162906
255765568408
255763863504
255746617504
255745665580
255745615083
255763863808
255747931079
255753289569
255743476977
255766480588
255768814250
255757427200
255744157606
255752038944
255744642142
255747454049
255754097812
255745955336
255748499697
255747918473
255742221890
255766774551
255765276804
255743822470
255742244342
255768236404
255752845135
255767647753
255747554647
255766312583
255758052198
255745075475
255759898935
255742040065
255768858189
255742333739
255753222566
255758597220
255742600481
255745354616
255763007477
255742894092
255744260039
255765077770
255748268552
255746306816
255744231416
255744819507
255744162782
255764444909
255755510511
255742369094
255745881034
255755855351
255756881601
255756287467
255744088705
255764338110
255747048305
255757450796
255745094762
255766344944
255764048152
255753502632
255758723080
255753949627
255758261474
255746058804
255748435269
255757397868
255766964561
255764759966
255756454868
255768593915
255752358635
255742784968
255747159663
255746460908
255748317305
255744023006
255742464042
255764049557
255759888568
255748442843
255755318558
255766622921
255758328055
255759243341
255742343613
255755085737
255757409807
255766037935
255769306832
255757412321
255759838577
255759463224
255742298103
255769647906
255762780285
255769714943
255755625291
255768496343
255763519268
255768167408
255753305149
255769558684
255762025586
255769474367
255747936682
255764768544
255765409928
255768434751
255767520559
255746716476
255759611062
255745247997
255743948082
255768469217
255763736900
255746769832
255752482557
255758762058
255745420247
255762452805
255756346883
255765561263
255767357441
255748141773
255742768629
255769208451
255748681564
255742149490
255769309536
255743356676
255767953451
255769025833
255748340099
255743664001
255763038736
255742578208
255743939186
255763002847
255763475473
255747349992
255746807482
255746483958
255756926655
255762947053
255764843600
255744026577
255743162814
255766687648
255766573678
255765999284
255743909753
255752250563
255742015805
255765055391
255742479285
255755019113
255769826863
255746595152
255768346580
255767628474
255754086536
255742967282
255756328573
255745826883
255759333121
255747732272
255766046648
255743869130
255768219558
255759656810
255754882763
255753117578
255767667548
255748458335
255756535863
255746360556
255756708741
255758649157
255755007036
255748249272
255763180244
255754609729
255745720488
255742071155
255752022502
255768110444
255745182682
255756188552
255768369754
255768068835
255747304629
255757458434
255752005463
255759971230
255742336188
255758750387
255748333825
255747068533
255747397710
255747437075
255764780341
255766521609
255768415765
255753615147
255747716703
255764756909
255747597862
255756580261
255744427590
255745281531
255746724220
255743004255
255764262188
255758280291
255767473550
255747653046
255767365024
255764807520
255765693116
255755892171
255747436776
255764305929
255759729198
255762712622
255757531236
255768813498
255759129404
255759674458
255756388882
255742721965
255745655462
255745915397
255769382549
255758429654
255758441565
255762150052
255746553888
255766614128
255747867135
255755272169
255765045690
255757102485
255764724072
255763883781
255765580167
255768143841
255763113041
255748146266
255757933725
255756617026
255746619344
255747474362
255768661787
255745619084
255758439364
255742796827
255769049648
255755568910
255763420286
255758731017
255747398865
255746206996
255769745953
255766720009
255742590305
255744213240
255756071209
255747293021
255762299764
255753318341
255745621754
255762835314
255745642780
255745509172
255769805670
255753570730
255759173094
255757109844
255754697658
255766548201
255746352011
255757316879
255765876661
255759440083
255762942196
255753888695
255753286328
255743108587
255767462672
255752406493
255748474704
255756247402
255764657391
255747484774
255765271206
255743728653
255762433564
255743766166
255755483182
255748220514
255757430705
255746040433
255765183205
255742483379
255744131731
255753600699
255746058751
255752075974
255757068971
255748263781
255769480819
255743488472
255746132006
255759734765
255767756359
255747508587
255769249286
255747746289
255754743625
255768519053
255767407043
255745951977
255746456950
255753405210
255766322349
255748369356
255757797639
255767168909
255756537569
255768067855
255763894946
255765188618
255755671976
255752210451
255755488544
255747960795
255768885246
255747026485
255754359453
255769324642
255756082273
255756667829
255757440959
255746255738
255768184599
255767464296
255743912514
255759219773
255764989110
255746235018
255768979828
255764536489
255742447516
255753489303
255768178567
255748368136
255753412325
255759476864
255758540533
255743939207
255742054719
255759374172
255754825422
255767677513
255754091276
255767191968
255758086466
255769439432
255762120936
255766055921
255748011204
255769060189
255768320705
255766052528
255764879317
255748652025
255744979292
255759493735
255763385106
255756460445
255742320301
255742512692
255763405379
255748072197
255757654923
255742134579
255768493367
255747912353
255765642246
255744468400
255742082976
255746090430
255756254928
255745030530
255745565862
255763297448
255769518641
255759653953
255743893738
255757613152
255753096605
255759526286
255765161641
255747994084
255759372511
255759796798
255746776847
255755887170
255755859923
255744078316
255747212056
255768945828
255757672715
255758714270
255756935387
255762700512
255764572799
255754652316
255766615514
255762055074
255756273548
255767636022
255766855053
255743973734
255742168702
255764609821
255746264716
255748134225
255757267625
255765337781
255759744753
255755826048
255742809297
255744394769
255756787896
255765452609
255764993732
255743026418
255757564474
255747573311
255763598257
255743249480
255744706463
255768225836
255756762297
255753420620
255745095833
255769746407
255743494929
255752910782
255762139337
255744227882
255745517961
255769619380
255743413249
255746344003
255747022732
255769362762
255763308763
255758323937
255752721614
255748570112
255763906824
255769838798
255747368566
255753577144
255758968344
255756971863
255763195330
255757914986
255764435612
255765929836
255745902153
255767501005
255753324896
255768389729
255742663030
255746667726
255758010323
255747377922
255746797300
255768963573
255748227539
255759331090
255755946585
255762153455
255769062586
255743247735
255765969409
255748372359
255756284216
255759642297
255756865768
255746821188
255748379620
255759399365
255745736644
255754319865
255748349220
255764567215
255748645867
255763313592
255744495935
255745381813
255765274932
255745011015
255742021607
255758785702
255763784968
255753691403
255746693937
255769554409
255762049921
255767367745
255765564490
255756655077
255758119522
255745892884
255744596024
255747586024
255745149316
255743940663
255742500587
255754273422
255754994303
255754951355
255757988176
255762620912
255758627898
255745392438
255744683791
255758448590
255742440697
255748275833
255762653988
255745076753
255753224485
255744197871
255746428609
255769280414
255759238236
255742804946
255759048970
255747693266
255759550125
255765719902
255757769598
255746318194
255767057820
255748450864
255759822430
255743640062
255743493200
255744948523
255746255111
255747584486
255767882948
255759014879
255742135733
255766019545
255768404147
255768660652
255759772972
255745104163
255766361844
255753156801
255744865522
255769481448
255757287546
255744877341
255743805999
255763838446
255768611387
255745546828
255767215452
255769843843
255766209757
255767797939
255742345890
255743897940
255759284925
255743131023
255743148869
255762354098
255757227061
255763944382
255763587643
255758397345
255743089765
255747868496
255745221128
255758656959
255759871133
255757555299
255755899774
255744260041
255768411920
255759848107
255752720692
255766171920
255744723132
255766729925
255743362330
255746298314
255753984662
255755924362
255769986982
255742601436
255765501204
255746142844
255744625489
255759336172
255752277676
255747561919
255746947928
255766052455
255762886195
255746260414
255759495460
255759799599
255763807943
255768744654
255758391958
255742782520
255767674642
255752817571
255767644241
255756490916
255765543857
255742499786
255743301766
255763050622
255743070317
255762601942
255756513220
255753953361
255757312632
255769181394
255759649772
255758317236
255753459607
255755024787
255757537212
255756086614
255756667235
255769233381
255768877297
255769295425
255743100897
255766257932
255768276981
255755340574
255747734041
255753190370
255769437869
255744315792
255755191572
255748139617
255748397913
255759564305
255744645650
255754674737
255747239980
255766436835
255744530270
255742759796
255759749358
255746765146
255742002284
255762836076
255747364780
255756438150
255753431974
255766931156
255747146725
255744218780
255753746072
255759132608
255746674094
255769599669
255769813815
255758764694
255759354811
255742183157
255752094108
255765608249
255748489882
255746719066
255763535216
255762553841
255746578630
255753905896
255766565644
255755804937
255757260285
255765160739
255744229790
255763140839
255744145684
255752273878
255742893680
255768465094
255765051229
255742970535
255759518741
255759887417
255742162900
255747623370
255759097980
255763313764
255766408429
255743665008
255743616397
255767859660
255766219635
255744802438
255763298698
255743761008
255756807738
255759825703
255764376683
255747804745
255763465908
255753424636
255746678036
255766064576
255763561419
255752979596
255758212901
255746397713
255742569423
255769368553
255759246822
255765423085
255742103577
255758659423
255764331101
255767860871
255758721555
255747732531
255763170334
255759182756
255763858859
255758708579
255758672055
255747247305
255747885957
255753181042
255758111440
255762754075
255765110340
255763881832
255754360729
255768363294
255742966763
255746301591
255759676433
255745807118
255769423692
255764435368
255768726327
255768551046
255746554058
255752040915
255769631428
255748218572
255745041507
255769816010
255748614594
255759050473
255764466263
255745793464
255754650851
255769056894
255742101669
255755036142
255769031642
255747696242
255766008071
255757230120
255769666421
255744636246
255746586380
255767336092
255769779727
255769535197
255759206343
255747198969
255763961039
255763820168
255747868773
255758970672
255759837552
255756822375
255759050584
255756365482
255759399530
255756357184
255765914818
255764337004
255743490238
255766449326
255745663524
255745391205
255757030095
255758673243
255758673045
255745478771
255764213389
255766975180
255756592469
255763780090
255755304082
255752500932
255752595371
255753948729
255769402812
255764798591
255769728098
255745864940
255768940603
255743211801
255767629887
255756924587
255753578198
255767204503
255766286240
255743658267
255742707369
255753226512
255766022759
255769486779
255762627181
255742877162
255755777983
255763039391
255766215698
255745881941
255763584475
255746975697
255747520771
255755298489
255755362467
255766350550
255763956439
255759751545
255769552868
255763995833
255768836575
255765171056
255745846288
255748473968
255742387435
255745660711
255752052865
255752546815
255742632071
255747080834
255766299023
255746120683
255743649302
255767611797
255763729874
255764621797
255767899318
255755433776
255757670114
255747693383
255769333973
255769343619
255753175630
255755268266
255762642534
255763329102
255764064108
255757086674
255763067200
255747624632
255748422103
255767532767
255754759785
255743718405
255755576060
255744473341
255744743831
255768145733
255744811895
255765155932
255758069607
255744606104
255742237914
255766573276
255743764366
255747823520
255763516023
255747578662
255763409652
255748356215
255743387712
255748313501
255743922576
255768777409
255758998729
255743373759
255767587521
255753882077
255743939814
255769370262
255747199410
255753902379
255762150225
255742289463
255764334216
255765705844
255753116588
255743507891
255758176283
255743264565
255765888741
255752946337
255768375480
255752006433
255742169484
255752893605
255758984588
255742009215
255748407394
255756690795
255768021380
255742506878
255744728417
255762664743
255748014992
255759739032
255746674873
255742093997
255747234111
255745723130
255754849538
255753929863
255765009705
255763918441
255763334989
255742220397
255762065811
255767682720
255763217739
255768543273
255764895785
255748145202
255756758048
255762572171
255766398827
255742836443
255754640243
255759620045
255755440848
255762890031
255764028846
255743813195
255755772544
255767445281
255769675903
255767101673
255769766912
255764756419
255764291786
255756867164
255768604554
255747001852
255753758857
255763853336
255766388915
255769571883
255764279393
255745035638
255765765942
255746155990
255744647172
255744620033
255754751433
255747773868
255757713524
255754659518
255759261674
255752278126
255746562428
255746954562
255742013968
255744847007
255748415850
255766942859
255768943153
255756725402
255753625386
255755863448
255766796319
255759038521
255767372067
255764085778
255758373429
255758044868
255765552644
255748191355
255758666489
255747588638
255746780519
255767137357
255742633070
255744702904
255768250498
255746642194
255744526514
255746411888
255753161035
255763412577
255742297665
255762458614
255745337067
255759858425
255752881997
255763772204
255744972164
255745197589
255747779677
255759362106
255743236831
255759153924
255762797462
255746862301
255753829553
255745377929
255744822667
255753508446
255746597789
255744358582
255746631486
255767918093
255746280843
255742813198
255763176819
255755291526
255748029327
255757971998
255747355356
255756421399
255755314854
255765641139
255745105691
255766952988
255743939953
255756304151
255744849384
255763133980
255743838093
255765902561
255766241977
255752083852
255765278999
255752526636
255768905146
255743600758
255758118903
255753670904
255758620304
255769147947
255759430495
255758474229
255758681035
255765516587
255762982233
255745429261
255746804732
255768310034
255752489808
255762409302
255762295014
255763355985
255769332957
255768170391
255766961067
255753032520
255765187767
255769206526
255742625674
255755334428
255755533980
255768778735
255745160885
255759107136
255746389398
255764824505
255742426341
255764697273
255748722076
255752443049
255747623202
255746969464
255742823600
255768727018
255746295123
255769662019
255767219875
255769978610
255769789223
255768436729
255764240165
255762531712
255748650084
255743627092
255753153608
255762524091
255768486605
255765942646
255762058170
255745601458
255752174461
255748345425
255747535232
255753809604
255759209067
255747479144
255748222321
255748666405
255767013429
255768950080
255746077364
255752107671
255746995431
255764277304
255745205860
255745807355
255744664907
255765592711
255767427917
255744018173
255764652975
255742290334
255762483331
255744522348
255764119895
255748650121
255758578970
255765187833
255744912650
255763324397
255752747999
255744046128
255754070768
255767913680
255756756901
255745097442
255752031724
255766290450
255763086378
255743247425
255743924303
255745128496
255745108497
255766737176
255766333849
255767262692
255753937850
255764907737
255747140780
255764104065
255768453316
255743622874
255748602520
255743074597
255765714440
255742033664
255759586191
255766337244
255765879713
255769662431
255758459118
255764782944
255756852227
255758277079
255747109397
255754450389
255748374692
255743481230
255756480067
255743129624
255755861889
255762060432
255764669285
255769942542
255748410523
255754025147
255767007041
255744163032
255764730862
255752725758
255768787872
255763390316
255747213321
255767586769
255754868348
255758647014
255757808942
255748247596
255743576539
255753044426
255759633642
255742125681
255763911385
255755324081
255763911581
255743987450
255748690503
255763825838
255745720353
255753082682
255743650138
255756621077
255767229457
255769805652
255759513152
255745166620
255743936240
255753559392
255754476100
255746073471
255752479891
255765158250
255752276081
255748311771
255765342615
255745692424
255752592936
255753722841
255762699769
255745207281
255766289122
255744333158
255747373954
255748446140
255752053228
255747222274
255758706829
255756758089
255765823856
255768335778
255763841089
255743581317
255744980855
255744950752
255757344510
255757374715
255742081044
255768898171
255754070541
255764625158
255748124339
255752341841
255758148643
255767615158
255763990103
255747067029
255758463913
255745146825
255755498243
255764773850
255746658465
255747021659
255766589804
255768097843
255752156486
255747793349
255752149548
255746456416
255759775643
255752781807
255764923589
255743836802
255758515639
255763480388
255757763623
255744660828
255742265520
255742169870
255746674321
255764356879
255752327190
255757654626
255743230041
255763764975
255759249317
255765718537
255757851801
255769408179
255755038297
255769179406
255754946409
255743576684
255748364725
255747431006
255752276976
255758423917
255744574565
255746007263
255744156371
255745839882
255744058262
255753917041
255763124794
255744455209
255766503657
255759109896
255768244096
255752053302
255743405777
255757202756
255767255049
255759155849
255742623673
255758140858
255748381468
255747214808
255753144473
255748419129
255768539887
255763884527
255747881783
255759766672
255747435060
255744735675
255755934647
255742315291
255746007173
255742543599
255766052054
255768542879
255757797249
255758018273
255747739436
255745065984
255766610119
255752025619
255769220387
255745260660
255743427910
255748457211
255768083035
255768904296
255756523885
255768317928
255747681326
255753516390
255763753154
255746768077
255764366001
255746962424
255758968263
255759894775
255759233749
255755799462
255747411514
255768009823
255754287416
255748654180
255763109785
255756968479
255756525205
255745085405
255744635173
255748346510
255767484306
255746025143
255764814370
255742492179
255769599474
255747289385
255762595813
255762346402
255753568251
255752566497
255764855773
255765444407
255767500251
255748197152
255745077378
255747762840
255755081640
255745064326
255756569943
255753973331
255759986635
255752312246
255766938929
255743284973
255756490123
255757437817
255752347755
255757040371
255745208869
255757690197
255764207309
255745676738
255745775629
255767847174
255743772800
255752004622
255748288003
255767219455
255755899404
255755017472
255754825607
255744738018
255747778309
255748458439
255752226971
255742586849
255745223242
255747642063
255762233609
255762764601
255744414747
255759554663
255748303847
255746465213
255748482462
255742558046
255759665384
255758986787
255759693330
255742624819
255768242319
255745848950
255746447482
255759713322
255766809341
255769048816
255747202392
255769369973
255744153615
255765614706
255764222128
255762439877
255754447412
255768991347
255743057200
255755973343
255745550518
255748238271
255758287990
255766743705
255757852390
255769761515
255753122685
255745183866
255759619603
255769892706
255762112223
255746956828
255743611924
255759850705
255759674361
255759880505
255763313246
255758357263
255743651019
255743246219
255762860952
255753658881
255746132387
255746365458
255764469754
255764469950
255767424646
255764996943
255757598030
255744884003
255753392140
255744740120
255752433295
255766111622
255763778013
255743784853
255768435261
255762158074
255765274203
255755831302
255743061687
255746038876
255753764795
255753911356
255762021124
255758447875
255763879074
255754499806
255743353119
255743496898
255745480498
255742859677
255746555653
255757412377
255748084032
255764297850
255768548456
255759271983
255766190525
255746335429
255769388178
255745085193
255769983697
255759427887
255767318971
255747613565
255762268459
255744624554
255766375721
255746662616
255744835238
255747013753
255763958353
255768095315
255744447126
255755993159
255758671932
255747799161
255758514753
255763822887
255752428416
255745368251
255762698250
255758591865
255747700655
255747915980
255753724572
255746226153
255752045993
255767355368
255763194991
255758206839
255746875058
255763046461
255769696737
255762039225
255769870093
255768345057
255753199813
255743029973
255753272756
255766019487
255758200927
255748242210
255756223876
255748441073
255768095113
255745447612
255758732466
255745635419
255753723497
255764730519
255752866422
255758401051
255752125498
255753086327
255746044320
255747565939
255752418105
255748452021
255765855670
255742209095
255747609531
255769059085
255768696344
255743636360
255747398995
255754202210
255763270427
255762466650
255753456259
255759473720
255756384604
255743632462
255743853754
255742487253
255765131732
255745149473
255759561939
255748637739
255767634798
255745697236
255747412205
255765946231
255746829571
255753826530
255747108784
255743673619
255744861185
255745970043
255743774324
255757940774
255747367720
255766557248
255769246806
255765284388
255756573772
255742047656
255762774158
255747962047
255753175280
255742253427
255745146476
255758519977
255746754925
255758753684
255752441490
255743584129
255767133322
255765413359
255762004227
255759367638
255752249771
255752373455
255768725578
255764329847
255759167051
255742887027
255759387159
255758769618
255746676214
255753306274
255766841307
255744461625
255754566796
255769931800
255747212567
255743943825
255759113611
255754816350
255767591162
255767857380
255753495276
255762090808
255743930182
255769224491
255758980096
255742700810
255752148603
255755068985
255747312874
255742931954
255756493635
255744990497
255762718420
255765401027
255762543897
255752111871
255762910224
255768832395
255747969804
255755393618
255758332738
255755708170
255746610981
255762053745
255745763065
255755542196
255752148526
255746365520
255742649829
255766588459
255769572584
255768162441
255767817389
255742773576
255759074486
255764672449
255742910722
255752192863
255762256477
255745172722
255747592457
255745674747
255754830650
255755097057
255767985017
255742367088
255763756622
255765348881
255766405896
255756695585
255766380128
255744063141
255746367328
255763153068
255765757695
255767063829
255767716325
255768163666
255742185909
255748324177
255752108215
255764590470
255766431196
255756547288
255762901838
255744549993
255763959964
255757114715
255763862285
255758774216
255767153212
255764459908
255768837806
255759744424
255767861263
255767811463
255747513541
255744584211
255762278971
255765403850
255767549378
255744330855
255767802989
255745381162
255743614888
255758315181
255767828568
255746382863
255769986106
255762006751
255768080272
255764429443
255765534750
255745954339
255759026662
255747294772
255763847127
255745487964
255763713369
255755969707
255745890519
255743855472
255744732148
255746889877
255745519109
255765863867
255756366555
255743422336
255758344051
255768880583
255758535968
255753505563
255765005028
255759166569
255747659215
255744375716
255763354216
255745446209
255764190955
255747560806
255748076341
255743259835
255746630417
255767892521
255748178555
255743819084
255747702419
255752156175
255762425669
255769765357
255747891151
255753430392
255759442326
255753135104
255768633253
255743061637
255748769012
255759730823
255768227892
255766028970
255753052308
255769610002
255742627081
255744047952
255765769581
255748050279
255748235147
255744501044
255764537026
255747166836
255748270688
255748004775
255745170966
255758401918
255747487515
255762391205
255769536486
255768902024
255748010315
255764270852
255754275647
255752013284
255753166990
255742561404
255754785403
255742992078
255754687741
255764685783
255765584075
255766608898
255744875536
255764314590
255757338295
255759125566
255742847314
255768778649
255758186108
255763403732
255757998708
255767159514
255752137598
255748311331
255758455413
255742748819
255753145821
255763722073
255767804402
255766215766
255759680366
255768637666
255767417365
255743377921
255762138056
255752333892
255743955226
255765683339
255756451562
255762146677
255766480934
255769421587
255745812562
255747046540
255752547198
255744549202
255742048060
255756883013
255747804666
255768921135
255758051944
255765532570
255746411826
255755017486
255745194640
255752763724
255764364386
255743216432
255758583075
255755725728
255744458748
255759499500
255765987401
255745331608
255745524047
255753980652
255748663664
255746236317
255767439160
255769656567
255743211165
255745621069
255742195356
255753043512
255756427873
255768022262
255762851463
255759782673
255765965186
255765949767
255753784314
255763975681
255758996694
255753609095
255748145122
255766427140
255769655537
255752226259
255744619761
255763770083
255744391050
255753371899
255769048663
255759839531
255746835564
255767588436
255762955171
255763556149
255753127781
255763497871
255745029960
255766480695
255745941436
255743462500
255745687675
255758656801
255755822032
255769856087
255744680941
255747690146
255746046002
255758134846
255769836787
255768457760
255769447132
255744458965
255743836819
255767624050
255745731449
255742850855
255748176517
255746101182
255765388275
255769974459
255766377870
255756587103
255764538082
255748641317
255764411375
255762640797
255768725284
255757496507
255743171844
255763123685
255753822713
255753618890
255763454117
255746233844
255756005377
255762820185
255757239194
255757540266
255753485665
255757693546
255748017496
255743848658
255753177522
255746768745
255757221595
255756388987
255747753205
255759709456
255764280748
255765619144
255746553039
255742782605
255759315913
255748658897
255742939973
255757398392
255746748018
255759353828
255766987969
255757652135
255745173549
255743418585
255757316241
255756296524
255745622911
255757990889
255743632310
255754645119
255767089615
255756354542
255756857354
255752014492
255743793857
255759597045
255753695086
255743918828
255745647706
255756977081
255747690715
255753965181
255763921394
255763947241
255766761932
255769608953
255768560213
255754817884
255743442054
255748627031
255755011419
255752357965
255759400544
255762459260
255759885536
255763102781
255762862537
255758679866
255769922476
255744729841
255764822412
255767772942
255747692669
255748290703
255747081418
255766723818
255769342858
255742184702
255746315822
255752573730
255746079335
255764316729
255758612030
255769359945
255769632942
255755283113
255763345972
255745716342
255746605779
255748481435
255757740966
255762265505
255756837665
255766943787
255764963153
255758156710
255758795312
255745830039
255745628730
255768782155
255743411678
255756013666
255752336536
255753728989
255755744225
255746975831
255758025221
255743802585
255745223836
255759531389
255759704392
255747920533
255764020827
255767564630
255769563110
255758767837
255745314402
255746540386
255752688703
255743779392
255744102689
255744094044
255768381477
255769509219
255752354085
255767371624
255746707455
255758716397
255759380355
255745961020
255764261485
255744592836
255757958014
255762767314
255758355627
255763757756
255744693896
255755866657
255764501463
255742048704
255744904811
255768013835
255756577727
255769864986
255755117087
255758443820
255748304179
255758127486
255745364070
255743703389
255766089450
255743890870
255769552037
255744767962
255747886750
255742190449
255767670567
255764585434
255742638782
255763331291
255758216078
255754681703
255746268815
255762542762
255743145825
255764423234
255765125352
255767442498
255744253001
255768117975
255742321899
255765171045
255742085157
255746686021
255743130939
255755682622
255768131144
255742995305
255746383262
255742533786
255755874036
255742412394
255744220965
255747629246
255742817711
255767186579
255743221247
255746238934
255764887441
255745825706
255765520281
255757287284
255768303427
255743098246
255758725717
255742545396
255764351067
255768802045
255759892171
255765313229
255743236445
255752216620
255768495525
255753957926
255758192364
255752921724
255748070711
255757357854
255747722902
255745560466
255759307628
255756120063
255747742277
255756736799
255767338824
255756994710
255748666955
255743398990
255765546605
255768504180
255752041576
255757165472
255767356154
255767810163
255753988948
255743240546
255744196498
255765950262
255756869965
255768502153
255765869273
255769746694
255748452209
255753880432
255747331678
255744207694
255747495818
255757754160
255768316046
255743011568
255756244393
255765562050
255746276958
255769177826
255743659498
255759743916
255753188685
255755367266
255759748828
255769387932
255757219058
255768535238
255746843821
255742549289
255762585733
255748345095
255745656414
255745911830
255742971499
255762044410
255764033579
255755898642
255743465685
255753154060
255755925335
255742366383
255767237196
255758036681
255754202134
255765521653
255753753413
255758511563
255759561223
255747868789
255765163541
255766104213
255745088728
255746168306
255758662302
255744020931
255743398975
255765335547
255742160606
255766660984
255743461828
255742302310
255767490637
255742369209
255768746238
255753934283
255758503104
255769766746
255747636054
255764068360
255767246398
255759072854
255748464694
255757129006
255743345129
255743281783
255759557826
255769897332
255759261102
255768621915
255748026398
255748726630
255748691334
255743919834
255743240419
255765993733
255748061868
255742541682
255754279621
255747060679
255768261654
255757741730
255757903245
255756060922
255755664210
255745534302
255746754726
255754402069
255742118857
255766808545
255745807274
255747359321
255756590312
255745151238
255745632625
255748451338
255748118437
255747490167
255763446150
255743453738
255745128430
255742517661
255757959773
255766129469
255747844750
255766822668
255755550937
255762366591
255762524425
255768992119
255767605318
255768925404
255754786573
255744280836
255766561773
255767308859
255745396221
255768603866
255755765835
255753238242
255769047312
255758779780
255768273918
255765283718
255745697387
255746668592
255758748921
255766860980
255762529057
255769482028
255748348699
255745276201
255764374951
255768337546
255769229801
255742896863
255769716962
255764160186
255768136275
255743041595
255758680235
255759449567
255758427883
255759158989
255743413497
255753186131
255767698138
255747109917
255745275603
255746967076
255759258611
255764029766
255746607896
255754654568
255742141114
255743252205
255747876018
255743168524
255769774522
255744436833
255763909464
255762329826
255745771612
255743368140
255759026262
255764776257
255767413234
255754602037
255759246620
255743997543
255748270910
255768687400
255753798308
255744697416
255763954364
255762810247
255762513268
255746229784
255759314938
255745410613
255755890779
255758019968
255766025929
255758727183
255745074957
255753167521
255767650940
255742730284
255743356112
255753658578
255758358272
255763762961
255748609210
255748218570
255748048887
255746217191
255747194681
255753950136
255768870754
255766499525
255745755067
255754641600
255753301361
255758331462
255743333686
255769310025
255767353331
255755273226
255744634799
255767450736
255743092204
255746975965
255758434196
255765388892
255745014800
255747159522
255758661673
255764031237
255764010336
255763361249
255753750335
255767053040
255759534985
255765696884
255767180425
255747272476
255762209926
255743018484
255765379792
255766859475
255747574607
255768114099
255748267826
255762319237
255747756896
255747234512
255768960760
255769770658
255743597939
255746840280
255743963831
255758408802
255764668144
255745950273
255764423792
255759310601
255768034170
255765420760
255753601312
255753621319
255748741239
255762311244
255746435819
255758196226
255747177986
255758221006
255742424717
255758239319
255769832556
255754928929
255757442616
255759938729
255745490225
255754457388
255755757925
255769817743
255742870779
255754208910
255759238910
255756080096
255744826427
255747565252
255763418911
255752475270
255756415562
255757401606
255748720060
255755287055
255746867986
255765938396
255754358388
255768948096
255764516717
255742462659
255759675402
255767924291
255757064087
255764019902
255757568873
255764663247
255745100413
255762376105
255747542952
255744953600
255745355190
255767208550
255765447242
255752927334
255769881939
255742627495
255744703544
255748319086
255743480754
255742253012
255752165238
255765684886
255759091256
255764816059
255762203922
255752633334
255753306149
255745697880
255757282066
255764452083
255758647511
255764649398
255742765512
255766931956
255744105919
255757456318
255745285560
255748260987
255743369644
255748407973
255746538889
255762046249
255748268205
255754488721
255744398518
255746112809
255757637988
255748603139
255744954178
255756727928
255757295775
255742791504
255756067533
255757272632
255744744525
255769881940
255762273231
255765959874
255756313208
255758352687
255768239077
255763297981
255756959920
255767943582
255743812050
255755789125
255759397451
255762669736
255756965358
255746499283
255764067859
255743252023
255753050016
255744806561
255754469812
255766670639
255742197718
255768890188
255766717270
255768786425
255763947926
255745451515
255767683558
255764693558
255754404025
255759692241
255742730617
255754025768
255769438895
255763738881
255759159138
255746321556
255758628910
255759728645
255759386803
255742382009
255752652677
255764786841
255758619754
255766564878
255754779470
255755557809
255767292629
255745676500
255765510389
255769138938
255767443002
255764618428
255752799112
255762701421
255762976512
255762674938
255766361515
255767085748
255764119627
255765567342
255755480428
255764095748
255746582762
255742616381
255759338221
255766681406
255752287852
255744040576
255755342908
255745036904
255743100862
255745322122
255747935201
255746789278
255762211467
255743120869
255755003487
255756970937
255759778053
255758051140
255757039102
255747329863
255757184928
255763015977
255746595059
255757498120
255743611548
255755260135
255752994978
255757255897
255745737081
255762577973
255743519140
255757840510
255744748083
255746252283
255759520954
255768930911
255747883586
255745602349
255752600480
255757950667
255745808329
255768070398
255768211104
255758766326
255766160912
255744328714
255743193431
255745995857
255763184110
255746588462
255748649821
255753239633
255758269338
255748154162
255745885149
255746378040
255762404625
255754094764
255742565872
255748414511
255769092917
255743104721
255766336074
255758586285
255759648039
255767797496
255753105876
255754936614
255759560640
255752476700
255764614569
255742726772
255742122658
255766335011
255764454083
255766815931
255765029363
255766856367
255752869889
255746139203
255754658367
255745968344
255769436830
255746294757
255748695557
255759077200
255746286036
255762598597
255765459730
255766683501
255752464809
255742949132
255762357330
255769414690
255767642915
255762406686
255742872415
255762813138
255763423032
255748140113
255759049113
255745236521
255747831701
255745762702
255766230712
255755722099
255766046458
255753735932
255743696880
255758578058
255747933839
255754643346
255766724317
255743637516
255743778840
255767816018
255756339154
255742158710
255747458580
255747382642
255742140220
255746896295
255762390154
255763961382
255745664835
255769375356
255748038899
255762417944
255759262129
255742613835
255763479109
255755631423
255763055847
255743576662
255752385957
255752982738
255747196778
255746620757
255759759307
255765025434
255768934812
255759882030
255753357946
255752432194
255748492883
255763485585
255756201516
255756885798
255747396756
255757198802
255767029103
255746018154
255765293668
255742737537
255764773017
255755933862
255747579065
255764367203
255767858174
255744414232
255744995190
255753538629
255764969327
255747440751
255744816732
255762336843
255763463080
255766948818
255753802113
255754745696
255759095313
255769227794
255746347575
255747614047
255759947596
255747763432
255757123852
255746437899
255769381739
255753814298
255765993299
255745001801
255747666753
255743747578
255744880368
255745517161
255747237312
255768730609
255763932976
255769836561
255755391658
255742364211
255769402267
255753667743
255759647636
255746640216
255758471221
255758510442
255744402982
255748294234
255762881839
255769411379
255752209842
255759310846
255768168506
255747443076
255768684628
255762277179
255767619118
255747615679
255753362365
255762798251
255745271739
255746541725
255762036020
255755040229
255752642156
255744950407
255744272232
255762863157
255742291168
255765139688
255752328520
255753744400
255764649121
255765542997
255742404656
255756293063
255754263453
255756203856
255743421391
255742996913
255766567322
255754215293
255744423874
255747463176
255755368154
255769789845
255743859338
255744735780
255747826676
255759832417
255765167482
255766311454
255759778650
255747437483
255747143913
255748606998
255757866940
255766973935
255745511123
255769072480
255753651318
255767779631
255767840934
255747450517
255743020347
255753399454
255762550958
255752347273
255767833109
255759876575
255744941654
255762415192
255768611798
255757345212
255745211107
255763187672
255766914501
255743080206
255743609833
255764814759
255763922734
255752016329
255762835836
255747006184
255747248307
255763453912
255743165627
255762741777
255768165871
255759561856
255769648622
255758052641
255763276636
255762760239
255753626672
255743012649
255764696784
255763408275
255752468033
255746476668
255752261387
255758159137
255752468238
255767214717
255766268458
255742750908
255769408295
255755302864
255743486145
255746771476
255762753947
255755330931
255759080903
255768738669
255752215326
255745053214
255745543816
255755813698
255769579037
255767480513
255742469923
255768371536
255762086280
255769972334
255752107676
255744158085
255768934801
255755962656
255743463608
255753215895
255764471081
255765310412
255752783159
255756804324
255766535285
255765954720
255763575746
255759625898
255746496606
255766173970
255766143372
255754694495
255748401558
255768419041
255744042062
255762244765
255745521994
255755049713
255748215426
255759243204
255742781022
255745214972
255756663035
255768928211
255768647881
255747056068
255763196998
255753297625
255768806370
255759762650
255767655415
255748699203
255746702241
255754641250
255763094860
255769892924
255758347646
255764864454
255745212236
255747517980
255745068493
255752541184
255754587229
255743821171
255748263422
255748729630
255756576194
255744527980
255758288181
255747404584
255747471106
255745616377
255748626076
255756830162
255756214765
255747189227
255744199227
255743205061
255742492416
255743524159
255745470647
255766602381
255762444123
255763034524
255748610090
255766309607
255746098027
255769833003
255765828680
255748714833
255758562218
255764006298
255766881083
255747040838
255769148460
255753718810
255766137640
255757975035
255744028749
255747714658
255742612838
255767897908
255746088793
255767915786
255742702946
255746715179
255767960379
255753508297
255747569161
255765625479
255756395696
255746877477
255742632653
255765671209
255764991281
255766129892
255769324580
255742825093
255756258294
255765892549
255765475340
255752907216
255752801356
255746251455
255747123506
255758413139
255744582637
255746828056
255753007142
255756905305
255746447729
255768064476
255759292821
255763824987
255764594012
255767720828
255744034363
255743999490
255744658442
255757911644
255746240909
255759615973
255765147949
255752343294
255765508443
255765618538
255763027383
255768493635
255767885343
255753797618
255757022358
255753747718
255767259401
255752797824
255763711342
255752210852
255756709427
255767862939
255745485488
255742328458
255746199725
255743198537
255757943570
255763463070
255747893436
255745846616
255757638845
255742024341
255767598308
255753460193
255744742141
255764620656
255769009052
255744044160
255747443232
255757312148
255747516593
255767481703
255758004260
255743929878
255756912610
255747810081
255742965497
255759354441
255744963939
255769366157
255744558608
255746367487
255758783420
255759231669
255742827212
255743930014
255769398373
255756896872
255744353425
255746353013
255757952243
255746451162
255756355536
255743700903
255767926369
255747506371
255746204442
255764075638
255763918172
255769740835
255764012739
255745591572
255746092486
255769863773
255745503225
255743785188
255753592574
255763382731
255748036772
255743967572
255753842814
255766447379
255764724569
255754052848
255764326833
255764326336
255768532130
255755932997
255758034200
255755936853
255769457975
255762823168
255746845104
255764059509
255759571178
255763149818
255759080094
255759610027
255758665908
255755417922
255768730080
255744424820
255743429951
255766742179
255756682279
255764420398
255765560477
255745647854
255743705475
255756451436
255765756414
255743378793
255743688809
255757634053
255765764614
255765569291
255748196759
255742980898
255764217650
255759932560
255768151376
255759721854
255744021289
255753252994
255755384132
255766901255
255747011289
255766307643
255768381373
255765391575
255768961524
255762032583
255768012434
255763981526
255762027475
255745254911
255765599428
255757202438
255769171059
255762570294
255747978685
255745063711
255752128961
255763179457
255764552535
255752085097
255762895692
255767841432
255759551835
255742107622
255745625026
255764876850
255742723272
255759795705
255768453515
255768834541
255762040518
255758645567
255764788254
255746065264
255743340177
255756312280
255768128202
255766554221
255755067695
255754312356
255743130851
255758061543
255746287857
255744918204
255744326172
255742353160
255747411100
255745582879
255765196742
255769594757
255745289410
255744426291
255754404818
255743313672
255767569983
255769539182
255752149400
255766905714
255747284449
255745580913
255763317501
255745660074
255765172388
255756538657
255765367378
255758221721
255743274448
255762783042
255744339560
255769857673
255753019690
255763777283
255754574076
255762847050
255767310699
255764307567
255754594476
255764550859
255747029737
255747905220
255768698765
255742189467
255752632504
255766176939
255745274415
255753996695
255765516003
255762516830
255759055031
255748029059
255746207182
255768237601
255762672353
255765999045
255766483216
255765488320
255768290149
255763725400
255769928694
255753048033
255742565449
255754301629
255767885631
255759097103
255766106265
255762345334
255754958001
255748698032
255748069767
255745008575
255763267916
255755732562
255765685484
255753881099
255756032515
255768161775
255754430454
255752095467
255767435623
255746635581
255745984551
255758973001
255756911708
255759165863
255764479147
255748269579
255762120737
255762960591
255752367113
255742740032
255765507854
255746728312
255763587655
255759039995
255768517855
255744455459
255767902681
255742059080
255768567199
255744519228
255752536008
255762455512
255768869049
255759194260
255753266502
255768725882
255743919996
255756401383
255757144024
255748444650
255745832288
255759647083
255746433071
255756181621
255763147197
255757054705
255766276423
255746731448
255743723115
255745077313
255766643162
255743287366
255752332434
255759260105
255742580453
255765852383
255766444897
255758546874
255746221114
255744536546
255759860124
255744556045
255762141152
255764921198
255747936405
255747455448
255742522792
255745987815
255759061062
255765739566
255754848587
255756417194
255754495827
255742580207
255743238785
255763116270
255768846987
255764269890
255744360850
255767120982
255759465919
255762909237
255743203952
255748166554
255753196136
255746277846
255762177197
255742819726
255765450330
255759735707
255746268944
255757098445
255747697277
255746156304
255769042120
255745895727
255757501160
255763583865
255752425734
255766637099
255747937559
255745408029
255762570976
255745438841
255764709625
255745743809
255768679697
255745373267
255766459109
255754916207
255752034173
255765634329
255766489001
255752688663
255746844603
255753555914
255748058894
255758378354
255762837337
255762741576
255746479669
255744916606
255758270737
255766611737
255752809457
255756423682
255763124257
255743287529
255754871872
255754585765
255742117879
255745832363
255768853760
255753771325
255748482817
255767223009
255766690947
255743422113
255766453585
255759629815
255765357672
255765039160
255746787450
255765548765
255766445289
255767414751
255752724934
255756164960
255744332047
255769548807
255757197356
255765626080
255747814387
255768624231
255759051617
255747773821
255743210584
255769712364
255758531433
255758531932
255742434315
255765807553
255757039868
255757635562
255746551458
255745170809
255748481197
255758635695
255748150446
255765076597
255766242883
255754449926
255757220785
255744337136
255746163240
255745219546
255747377932
255756028065
255765940405
255743514581
255742025852
255743275678
255756706731
255747865249
255758653652
255755740683
255745602956
255767906182
255752643787
255747193261
255767392761
255764924596
255758951753
255747468358
255746781655
255752051549
255743774703
255747098470
255765517637
255758065028
255767457252
255763179698
255746021349
255743576864
255754059994
255768893766
255744713291
255769260531
255767737388
255759485735
255758358289
255753657821
255759500404
255745206402
255743081766
255758972074
255765877766
255743811905
255764782564
255748625690
255743749561
255744237286
255758257425
255769260901
255744257988
255748029802
255746229195
255745413000
255765726440
255762839828
255766353904
255747709038
255745552277
255746225140
255753506694
255755424594
255744082782
255758194163
255763238895
255756054232
255767864635
255756540602
255745163434
255746497408
255755722103
255755974530
255753924836
255742702038
255753354035
255757107033
255747257744
255754383771
255758542263
255746975759
255764500407
255768857952
255755733014
255756456100
255757814344
255752483358
255754050186
255759567310
255764378396
255765066795
255746154778
255764972191
255742206055
255755272293
255765281455
255742680464
255744951370
255768476027
255747990946
255747315789
255768611595
255747621547
255765054619
255744781464
255744378229
255745254780
255765464203
255754773575
255753517670
255748168659
255767942647
255743535298
255748444661
255748100714
255748723497
255753849951
255746185971
255746185479
255763044451
255742049275
255742652545
255762949076
255743057740
255767714362
255743770025
255747578628
255763716008
255755985595
255755668298
255759846023
255762989127
255748285657
255753466548
255752381155
255742419933
255766749032
255759131451
255762102311
255748258308
255769878912
255767297535
255743646695
255757976322
255746159659
255764995161
255766293615
255757765303
255766806295
255766753488
255767328072
255744483804
255748123896
255763527761
255755674130
255754644923
255757822361
255745657023
255745505336
255748305973
255753572040
255743502134
255759664119
255769667359
255748210728
255765256909
255754056041
255762040587
255768699396
255753020538
255766883554
255746412253
255768629229
255752087174
255757121564
255752283615
255754996549
255757986549
255767999149
255748373488
255742820987
255757390672
255757549579
255769537684
255767350989
255753529042
255769587585
255747410693
255754989680
255763330151
255754356613
255753711896
255759157279
255746009474
255747631368
255769915972
255766291905
255743595734
255746766538
255768716540
255742781390
255754510606
255766228931
255757646578
255757692022
255766894735
255763826512
255764799129
255757971967
255742996212
255747135170
255766143490
255753623585
255745045863
255755458046
255753858743
255764512543
255748492089
255747283854
255755797285
255767506996
255763589224
255756255686
255742218411
255759722576
255763869808
255755976772
255767506798
255752829399
255762842656
255767359164
255746670385
255755731334
255748189217
255742823222
255754094430
255769239685
255756079436
255768199152
255742861427
255744338038
255762896630
255743332573
255766875645
255752977646
255758240014
255767772905
255742522331
255767376497
255768233597
255743944529
255768282176
255746474682
255759451247
255742146099
255769395729
255759381155
255752251981
255758953906
255767325026
255758419763
255759890999
255742052378
255743368800
255765689618
255748121887
255746098353
255757493521
255766598270
255745501755
255743056057
255743581253
255746948563
255769624381
255757403531
255744093213
255756842179
255757911248
255757665324
255755723368
255766103230
255747674118
255762081408
255763826471
255747675832
255769918825
255747628334
255763267952
255753159367
255755173374
255748137440
255756975466
255742746827
255767326181
255742762313
255745287952
255769897356
255752995064
255764623291
255746310710
255747287830
255744036822
255743081186
255759690285
255756521510
255767128054
255743913725
255748238548
255752240073
255757377153
255746604077
255768662618
255743273358
255744304479
255746119674
255752393763
255747785952
255742586089
255762580485
255753958717
255769908551
255742986709
255764139265
255768114161
255744636344
255762768179
255753260513
255763054439
255745142375
255768045520
255765744589
255763862881
255766675721
255765522040
255755221114
255762355197
255743170884
255763017651
255762390199
255763356503
255752385333
255769839189
255744288514
255757546103
255744801383
255747376804
255769671874
255745958091
255757984126
255742254766
255766926949
255752061678
255762481579
255746236045
255764734572
255743516180
255763881455
255745187286
255745175309
255768358652
255769122612
255762825275
255759564411
255766262765
255759173582
255752879967
255759896558
255769249127
255746215285
255765846047
255762119932
255743952698
255742595582
255763956412
255765347224
255748220881
255768381712
255748103456
255752409634
255766362797
255747690760
255753944482
255753588871
255744183194
255758151420
255766161525
255752659041
255744695887
255746676968
255759093379
255756743167
255745870414
255759220764
255747217611
255756301116
255746631341
255762256677
255754899923
255769390520
255747832783
255745188516
255744549009
255746213163
255743664536
255754481585
255744113556
255759396326
255754316826
255766954860
255748165300
255745125200
255755283467
255768729730
255745679087
255747187083
255744821517
255744046086
255768598237
255743353248
255752109697
255754599555
255748324946
255746909408
255744633219
255755385605
255768457969
255769829503
255759287561
255758395303
255758060182
255763290748
255743255409
255758013355
255759962136
255742852696
255763018327
255752880101
255769519674
255745503055
255764526226
255746426715
255743832950
255743416709
255746438315
255754408801
255743882655
255747180057
255747233846
255757265239
255766642269
255759517239
255743570662
255753570901
255764803324
255759551656
255769097948
255763176307
255753023647
255767771177
255769410429
255764846656
255767020890
255757926505
255769776125
255748346355
255747131498
255758532579
255746594125
255762527876
255769371873
255766432254
255768271084
255758086501
255764401802
255752665681
255762230601
255747170725
255748454159
255742111708
255764526405
255744171112
255769550776
255743526677
255743845067
255766240067
255747307870
255743940618
255742431244
255759001413
255752625496
255748064998
255746963253
255743312782
255743366654
255755730545
255743366042
255758053924
255766182655
255762814493
255746312964
255752446528
255769950230
255759887611
255748135348
255759857211
255743794114
255768809673
255746488142
255769052943
255763372216
255745387474
255747748524
255747118346
255764568321
255762035589
255759733503
255766629624
255763217148
255765902520
255743411226
255765417716
255753840274
255756379813
255742124703
255767067570
255752227852
255762671569
255754015433
255765905033
255746805954
255757058684
255752772076
255742639910
255767141563
255755902425
255758778376
255769026691
255752697533
255763318285
255745807195
255767368398
255769626299
255753143804
255765722574
255744678521
255765277405
255752516955
255747480869
255759141926
255755397123
255746523176
255765524198
255745085578
255768764987
255759315710
255745626305
255763919159
255759078668
255743650310
255755911066
255763675233
255769330836
255744447493
255752363820
255767103664
255764484284
255742318926
255759817699
255743358458
255747749240
255768598216
255743073784
255745871236
255762597007
255752058982
255765122563
255767526964
255743415328
255765737593
255752272867
255748732731
255758385551
255759262855
255769596918
255756554970
255759449799
255758163732
255745994713
255762244232
255757910561
255767356396
255742781650
255744410931
255769123097
255753023075
255766085436
255752983461
255742676021
255762222527
255752161764
255757909839
255743053088
255745242330
255768313223
255753803956
255747534626
255748153982
255754456005
255762039620
255748756528
255746587381
255759354581
255762531407
255759443687
255766835076
255744074002
255748317873
255747418472
255759720607
255759775130
255763535488
255768661136
255746135928
255757684353
255767143776
255752678089
255764057463
255762275926
255766497156
255763258639
255764628422
255748074612
255745186939
255743141224
255762059225
255769946598
255769946894
255753874654
255748151915
255768772396
255759902341
255766139044
255765262467
255765084554
255756383321
255767071990
255745025564
255766428571
255759806595
255743719390
255757856096
255767719936
255757356392
255765264158
255757237135
255759326692
255763356310
255768107991
255762515998
255755093330
255767882394
255762709509
255757203017
255763148257
255758319856
255767079046
255764907950
255763246187
255767263616
255745903366
255769066610
255746481336
255768151099
255768131897
255766071685
255745823461
255756241070
255768523744
255746889355
255752760739
255743886918
255767389491
255764311319
255769056130
255764399491
255756818517
255759913544
255747121225
255769988127
255762619698
255758265256
255748044561
255758896071
255766697320
255763345141
255762484711
255766174174
255744320687
255765014392
255768728277
255745204568
255764470731
255743156799
255748156608
255742432449
255742303234
255756479530
255768846036
255769222056
255744452079
255759204829
255747262933
255746808489
255766053692
255759392484
255759167962
255769767310
255745532162
255766610517
255763995341
255743887536
255763088186
255763422289
255769411246
255747232794
255747905801
255745460777
255767153648
255745358900
255754440178
255758570430
255764257027
255745486496
255757912657
255759969901
255744128955
255755692263
255766258151
255763497416
255766670715
255746178503
255758093353
255764768711
255745386622
255766398116
255756063281
255744666320
255743768822
255747789848
255757338048
255747075647
255764328119
255759872049
255765897015
255753695178
255767056319
255745692937
255747029074
255766348634
255757637605
255746818791
255744100677
255744394617
255766276446
255766678559
255762913195
255743997010
255743416482
255744713042
255754418447
255743222208
255742402275
255758506743
255742060418
255746147613
255745937198
255752751117
255747802174
255763330117
255758769357
255768128631
255744014828
255747799613
255743579508
255765458477
255769758268
255746925528
255759611709
255755824701
255763145089
255748434649
255744376421
255757641108
255744718176
255752510988
255745147861
255744029665
255747306781
255767443169
255762590248
255747069465
255759931158
255746038865
255767030784
255767057652
255743630458
255766136318
255745620850
255769869474
255768859885
255752278951
255757182158
255744226956
255766650323
255744645411
255765635383
255769203411
255765675864
255743956467
255748051124
255742235139
255746981181
255758537871
255768207597
255753019419
255757454594
255758049012
255744687273
255743160547
255764541270
255746439749
255768230283
255758774707
255762142508
255762068048
255762954059
255768410660
255758217209
255759837042
255748570186
255763596754
255746664665
255768947495
255766529330
255745150995
255767460381
255754647217
255753368887
255742595323
255752212319
255753920056
255757830630
255759658170
255763088309
255746246736
255748016906
255759415547
255758552275
255766467327
255766159851
255758514734
255769212483
255762830207
255758996983
255763945872
255748078191
255744180239
255753703396
255764753931
255754847683
255758774683
255746473706
255747537971
255757382849
255752829315
255752817457
255742659771
255757611385
255767891921
255767274691
255748451221
255745860052
255762781480
255742564046
255748723534
255767472007
255755938483
255742647617
255747483691
255744090526
255742852420
255745227731
255742040128
255759771560
255765262132
255768559528
255755447450
255745564913
255756441255
255743228455
255752633480
255747198555
255754871524
255755686432
255755774121
255742381747
255742235896
255769365926
255764049620
255762318808
255757046200
255764762289
255743252474
255758250032
255743679833
255769421695
255769745126
255742846777
255744521869
255744205652
255742813266
255759237751
255758316274
255755247074
255755812108
255758393678
255759228875
255745763710
255762342086
255766929998
255768561774
255756004418
255755041079
255748003410
255763778414
255746952110
255758237767
255765816499
255759826036
255747751796
255743654246
255752202604
255766850478
255758697624
255745975303
255756505032
255754031605
255758739871
255744799310
255754598529
255762179536
255764953699
255744451309
255762869748
255752676603
255767129337
255762806037
255754688196
255763280705
255753013999
255764459528
255769738396
255766930775
255745120452
255762322045
255747848141
255755896669
255769167844
255745120492
255752991059
255766339607
255747174911
255747646443
255763361758
255762773753
255757464030
255752593122
255757276739
255752085441
255754540510
255744065608
255744015805
255764914330
255745936253
255768736821
255742667864
255745437922
255756716088
255762076768
255743813158
255748056328
255766176888
255769922364
255762046368
255768903061
255763102166
255763973168
255757768463
255765270568
255745917060
255742880756
255755514644
255756022870
255757634836
255764134416
255764596111
255748248452
255748215448
255747816050
255757538526
255768461330
255767080042
255742148975
255752464901
255747893576
255759074596
255747055265
255765044703
255753476849
255762681905
255743232859
255768331691
255747127799
255746623165
255768338765
255748696393
255745404492
255762195801
255762856891
255767120916
255758574066
255754031083
255754439275
255748072247
255769170511
255764778019
255759132953
255766051951
255742010467
255759424224
255745563069
255766625843
255755373346
255746102995
255753462604
255767322905
255746965243
255756168295
255753628928
255753178891
255768937800
255767469193
255764514455
255766215212
255759848947
255759848740
255763964672
255742826501
255757842203
255753782425
255742241698
255752140236
255758217643
255746799312
255744607401
255756585230
255753795795
255742372161
255746435024
255752624044
255755050590
255746852817
255748072296
255748452541
255752831241
255753678205
255762159830
255764829605
255743871998
255758354819
255753851725
255764826015
255758346422
255748475466
255756064668
255753217313
255767922115
255747735216
255767472981
255766898712
255762339317
255748175542
255748634830
255743925139
255753459637
255768176312
255757621441
255752998864
255763103590
255768716182
255763951305
255752888429
255765185380
255746026342
255759611172
255759805204
255758238587
255744847640
255759351553
255762752407
255745256374
255747235577
255747610891
255766317150
255769670424
255744376490
255755715046
255768199357
255742742752
255757322449
255764562704
255765650149
255768064760
255766696068
255759857960
255743912168
255765766540
255757431338
255744097029
255746921106
255762569084
255746105626
255743062233
255743107212
255748062229
255747858607
255745943245
255759507633
255747090300
255744807164
255755199445
255755386377
255745613894
255762655964
255766647967
255746829041
255767861017
255756846396
255768655050
255744847407
255745344473
255763891836
255763841137
255744469803
255769452905
255759101626
255769179615
255768243057
255763203436
255746842249
255752546314
255748311356
255766379237
255759549409
255759168925
255752047226
255759070187
255759789579
255743392044
255747624630
255755636207
255768799252
255768167701
255744842507
255745965752
255758162416
255759632912
255754200028
255748449294
255748455451
255752269697
255742265481
255747903456
255753134063
255756541580
255743987116
255748143494
255752235085
255765954807
255755026371
255764572869
255764406419
255755052501
255757236235
255745771411
255744306112
255765951914
255768182004
255766569302
255742420392
255747815479
255762698362
255758550285
255742705280
255757672338
255759842042
255757363560
255765983164
255759073022
255766604763
255753238369
255748177285
255759498050
255765095663
255764717414
255756268985
255766312835
255762533482
255762329595
255758418758
255743628517
255762320279
255748174862
255754535743
255769848040
255764080718
255764721169
255762325033
255758293254
255755283559
255759480745
255752320286
255759762533
255765124731
255753200631
255769158340
255765672902
255742467881
255742092451
255757493129
255759948386
255745628696
255748738573
255762669803
255764316731
255767326219
255754484870
255745402042
255756181366
255747216163
255745977382
255745320714
255763831163
255758154111
255742026439
255748225870
255764026277
255767409960
255759488170
255766347764
255742399069
255766970327
255747523908
255754965342
255747931793
255743901247
255763260829
255754964552
255765744152
255766550357
255759676942
255758891779
255758159496
255743671166
255767499413
255769014430
255763121527
255748616446
255754976015
255768101274
255747351929
255748303735
255748008158
255765142311
255765461483
255764542531
255747007637
255756225263
255757971807
255747835540
255762016748
255744113813
255745434206
255748681417
255752929551
255769146305
255755012693
255759334889
255769679569
255759798105
255747104378
255744507758
255768243428
255769599298
255743002604
255756270626
255747033288
255754329112
255765137469
255744727887
255767688624
255769424656
255768397763
255768267960
255746930457
255744485734
255746774426
255742569154
255746038842
255748479741
255744389607
255767608337
255762978660
255755330826
255745686856
255768552271
255768855562
255759510760
255743785676
255747632071
255743104477
255745611423
255768322933
255766882670
255745936041
255756553313
255765160223
255757365813
255759098358
255766914322
255744156353
255753671867
255745023263
255745528033
255755899827
255759398433
255753034177
255754090043
255747078982
255742082824
255762858114
255743903429
255757890879
255757015288
255768547228
255747183936
255765956627
255763362769
255747668994
255754752749
255763085673
255758092859
255757646147
255748267277
255754553295
255769271610
255765290285
255747804167
255757655532
255752030883
255753209519
255744703732
255759947338
255752758065
255765121917
255742745330
255757315236
255767559962
255754325236
255753856173
255742974831
255742428574
255745704781
255747100075
255758496016
255757503326
255767819501
255764961604
255764454344
255768170496
255754334963
255745202978
255742324213
255759032952
255745677702
255746790768
255769587335
255769765948
255747958406
255743794125
255753817526
255763742911
255766628386
255756866372
255746945280
255745012894
255747221192
255753298146
255746578939
255756757723
255755973880
255764152265
255766232157
255756371093
255759239303
255757819422
255766282351
255744783551
255764146978
255753948708
255759625719
255745680322
255752395002
255752241920
255755332426
255747534555
255768973566
255768832783
255767532430
255755081057
255769191404
255759926518
255767649739
255753934451
255754663895
255755742427
255758155487
255752837047
255759433571
255754403378
255764428777
255759300348
255743936402
255746847092
255746367379
255742053293
255757381045
255742331681
255748479026
255743677196
255768890923
255765377625
255767880269
255758510256
255753620148
255745411083
255752852821
255763241558
255763051862
255766759687
255743537942
255745433503
255757502326
255744619965
255745712412
255748081953
255743867904
255746430752
255759134921
255762743576
255745009154
255768022009
255745766507
255752917206
255746919395
255746454698
255767068573
255769579513
255745955608
255744008200
255747058661
255748089535
255744300892
255756924645
255747087524
255759561947
255743853706
255755284689
255743740823
255768023709
255762304794
255758238057
255747661584
255748036815
255746289908
255755218799
255742380075
255763504944
255742746666
255762735343
255769814363
255743525380
255764563881
255763862644
255759858287
255768101307
255758447753
255745857922
255765096716
255755726767
255769744398
255742219045
255745191296
255766538563
255752943275
255755881608
255757379284
255762484599
255746777597
255765130401
255769289051
255748257536
255742376477
255757990957
255754235892
255756994409
255745557485
255759215891
255744472865
255765287324
255764806301
255763533457
255746484302
255769821086
255755729411
255745728022
255743034059
255744608804
255762586929
255755232816
255752387270
255767070956
255748288223
255752743041
255767714720
255759907871
255768198251
255763493384
255744597825
255767983979
255745989707
255743533995
255747139019
255747847609
255757054357
255756973283
255752994845
255745007227
255746390847
255769808510
255764313347
255765074857
255757500649
255764221091
255742280663
255757520145
255759001907
255768721742
255759409380
255766224704
255746855498
255765185268
255763365759
255743997416
255753136602
255757632942
255753581445
255759050414
255745591613
255744130360
255765590859
255748209114
255743505498
255764316945
255752467783
255769156309
255758592226
255769826672
255744815298
255753102475
255746140246
255766104821
255752630827
255746974117
255762559336
255759925622
255766311814
255743811138
255753638294
255759220807
255742023449
255745180410
255756878494
255747324001
255753965256
255752523447
255753199817
255747373351
255757959556
255757369841
255748158120
255747477813
255752463199
255754303532
255756496539
255769312524
255744479612
255763736504
255756097096
255746640220
255752262543
255752347141
255745380473
255743954940
255758893793
255748147870
255769513349
255768485192
255769460851
255752156098
255763928244
255765445398
255744923921
255763578972
255748460178
255745441965
255758567774
255748480813
255746718345
255765365101
255742427570
255762896321
255755881197
255757914241
255763461597
255758336760
255752087246
255759556024
255746557696
255742276691
255769833228
255747176741
255753820784
255767590669
255768625308
255743891290
255742109338
255747590870
255764017786
255752421383
255747279039
255764159531
255766909820
255762096612
255762183541
255762668221
255764675168
255766673505
255764482927
255744918361
255745771905
255744202676
255743311133
255765866952
255762663227
255752736786
255769346976
255743997425
255747022433
255755375418
255747611071
255742136807
255766191346
255756579525
255766585782
255757116716
255759187507
255743371419
255766904566
255759438714
255757468012
255745434071
255768906278
255766837888
255768301259
255747207911
255759727349
255758627312
255742235871
255759438418
255754036706
255747905598
255764921418
255753564193
255769969971
255745302332
255766461303
255757490772
255767280609
255742486049
255745198413
255769921893
255759168698
255752711040
255769685594
255767494250
255763747619
255768493420
255769676785
255752184184
255768358775
255757055580
255744299949
255769510274
255759553310
255747417893
255747246462
255765277583
255747046486
255744286367
255758959453
255766134760
255757803844
255743589592
255757249087
255757216804
255746588192
255743332591
255744955838
255758522632
255768179311
255757160112
255756647128
255757961884
255763983035
255765818639
255756011347
255759276669
255757447442
255756826341
255752069390
255759698588
255768388249
255755837018
255746311830
255745036101
255768920084
255756577132
255755705909
255765926886
255753784970
255742005470
752593701
255769931678
255757971718
255769498536
255769109763
255769226418
255747749253
255769339391
255746634066
255748282957
255742247371
255742466954
255756671509
255747538415
255742242951
255766767857
255769409068
255765729648
255762166689
255746844786
255766325107
255765314992
255744887782
255757205384
255745546253
255769679398
255748688862
255764064425
255747508593
255767605414
255748712026
255755253595
255768733935
255746367239
255748690828
255766330294
255755969499
255753121606
255759467234
255764330211
255758307542
255742724632
255753886496
255767340413
255742667227
255764923495
255768097582
255742030239
255748363127
255753363698
255742982119
255745527794
255759556484
255754864980
255744302012
255756021277
255742969511
255758479011
255766221714
255744006896
255754388152
255756019047
255758331819
255756865276
255743364781
255767778555
255754869942
255765909864
255746682428
255757984812
255767973135
255759904016
255752109941
255767267786
255747728945
255744664886
255755439073
255743199016
255743664406
255768130366
255744189132
255743788498
255768820463
255768639335
255764144982
255756212959
255769943941
255758229127
255745157849
255746159441
255746977107
255758183028
255758636013
255752197271
255762255722
255759261645
255755148587
255742759330
255746258617
255763281073
255762339904
255768777615
255758683509
255765842354
255759951782
255742524039
255767579846
255759467542
255743771340
255747741994
255744160952
255757912338
255757665560
255744757127
255763938138
255747955577
255743208415
255746221601
255753789298
255742043494
255748256390
255759541235
255759982583
255746687438
255746442810
255766175318
255748256893
255742423020
255742498559
255756858017
255769494778
255758691787
255762136004
255743424128
255743435293
255743015148
255766873347
255747148290
255764407133
255746477027
255753094042
255759616384
255764152991
255759536674
255747128236
255756353549
255762539306
255769068137
255746530107
255746047245
255769024942
255755956109
255768843329
255757100233
255766381867
255746041097
255744401231
255764321778
255769532595
255755850377
255762743341
255758246986
255767584260
255754326329
255756505070
255759983101
255766479473
255758708449
255769859500
255747283281
255758065145
255759989172
255742764283
255745932111
255764308747
255756949214
255764932099
255755405215
255745499527
255748358204
255747178510
255765133518
255753305445
255769729135
255762577231
255756314328
255745206809
255747504684
255752220456
255762680602
255743630803
255746509991
255747922385
255747666947
255764206535
255757803926
255758237041
255768834000
255768744440
255744422196
255765894802
255754529381
255752436753
255745071466
255747295044
255769909812
255752168545
255747818474
255743540728
255755243517
255756737895
255765137336
255745042618
255765455468
255743821725
255752723649
255744082651
255745965705
255754954629
255747404195
255754964441
255753358354
255742166930
255745236670
255763719284
255764718978
255758585930
255762419617
255768252265
255756590282
255769286214
255743560198
255763839561
255759234300
255763767169
255746544330
255754204300
255753139572
255768237047
255744019409
255743481809
255766163954
255767872369
255756627712
255759989789
255743244014
255759653493
255767319806
255743481916
255744460949
255746961086
255754262477
255765846792
255766649612
255748717269
255742767630
255763485456
255742735310
255745180211
255767053296
255756243505
255743959739
255745686522
255745480755
255757664411
255753259890
255763291106
255752374385
255748735891
255768562629
255744946324
255764281086
255746539666
255757553019
255763900479
255747113318
255767195834
255757320659
255754343807
255769376103
255748126880
255759221153
255746140506
255758113710
255758293340
255753827338
255742858403
255763092010
255767319771
255768756800
255754050041
255747271546
255747271344
255762763369
255758494607
255747107215
255745544174
255769290251
255747244748
255769518226
255744804252
255767746262
255768390654
255745468855
255764786662
255768517570
255767584893
255765863981
255748147593
255758300230
255753948440
255743135340
255759456589
255765884857
255753734571
255742288883
255747356085
255767593244
255756623206
255753842051
255759723875
255768156284
255752493495
255759408016
255747628477
255767889556
255759889443
255757345899
255758303372
255758408626
255759965147
255743043076
255756766663
255762323479
255743139636
255768949036
255768186850
255745145660
255768224389
255742412639
255762704542
255747107379
255752370208
255767512246
255759859571
255766307423
255767593490
255753533423
255742315888
255753611069
255755543972
255748082707
255742116519
255746850151
255744113600
255762949506
255757459912
255769239772
255742791579
255742198839
255743432457
255754078077
255745206247
255768943808
255758722783
255765855677
255747105570
255743963869
255748324032
255742054599
255746550374
255769276513
255754411093
255757861284
255742395406
255745821664
255757667619
255742553506
255767238682
255766742971
255758448096
255753203201
255754747887
255747892801
255765308099
255745392907
255762461856
255743585477
255765171749
255753545237
255743906342
255768223176
255742386516
255753341809
255742356716
255748361848
255744995657
255767833088
255756181890
255767050609
255742055031
255756303352
255753701550
255744743253
255756830517
255744284494
255757573805
255755415069
255742346922
255742395312
255767960516
255763804910
255759651230
255752757604
255746318921
255763464874
255765073662
255757361231
255757107813
255745579152
255766282232
255754259404
255764867562
255759177318
255767316936
255768461813
255743989086
255762249238
255769386133
255743939386
255763299471
255769584573
255762746576
255766692989
255743407168
255742362619
255748137107
255763367003
255769507854
255764650034
255755772541
255744538877
255763088784
255758652241
255757483445
255766430445
255747144508
255763908351
255756476030
255766040663
255766135288
255767826786
255769418464
255768301471
255765311071
255746631699
255757993276
255742860455
255753125666
255752837118
255762602901
255742677560
255753056122
255745315099
255759342187
255762813955
255763494180
255753188152
255759494041
255743345593
255768636696
255745941098
255753080863
255752339175
255765464383
255768037522
255744719663
255764939705
255758609381
255742544910
255752693549
255767926566
255768282384
255769824216
255744383579
255756387831
255747652688
255765611425
255743683534
255762054118
255766036270
255759726885
255765167508
255765659703
255746861829
255754047273
255746476780
255757749538
255769744792
255742067722
255763079863
255746757518
255764345686
255745700461
255769585679
255745292774
255764733640
255752645717
255758891740
255746502118
255765251543
255762657548
255757525680
255769340047
255743049490
255755318569
255756041373
255745811068
255743462534
255743087340
255757823216
255745209014
255762007896
255755477109
255766714807
255744761667
255759047529
255758236544
255754914786
255748604527
255765874962
255757488949
255754448144
255758248404
255762810336
255767765170
255747685452
255764528830
255769049599
255759915992
255742605913
255753459692
255752820399
255742472041
255742124860
255745436152
255742388036
255746298873
255743359621
255759630319
255742294828
255767402291
255759902856
255762457903
255767782959
255756959985
255759113204
255746148532
255752664221
255757173806
255746739282
255759812804
255743189930
255762960141
255765815806
255753037665
255762036822
255769517984
255756363054
255753428708
255756299247
255758455158
255746359927
255742769534
255755248004
255763987390
255754983544
255757710508
255743854363
255745019684
255746488662
255753255944
255757941377
255762495781
255754359656
255758358007
255764878561
255762030476
255764898265
255742353316
255743864690
255769361866
255743480382
255768802258
255764113019
255759926104
255746521781
255755413294
255752260153
255765571773
255756395112
255743759964
255746286541
255759172173
255758538347
255746800287
255756795648
255768307164
255757467812
255745357991
255748042037
255758714480
255743874178
255756415789
255743511535
255745551086
255755623202
255757555369
255744747193
255764319418
255744896490
255758963923
255764292109
255748608555
255768972265
255746684053
255762146849
255765954735
255758998293
255759483090
255747922594
255745296680
255757620496
255763302739
255742774035
255764631787
255764233484
255746134343
255752078676
255746745248
255765371989
255757626829
255752191241
255744048817
255746458619
255766398944
255766622724
255746488213
255758434285
255744212066
255744172309
255768152663
255757092562
255747752550
255758144253
255746956522
255747876164
255766370952
255769955053
255759012362
255763587714
255742970128
255767427750
255765385969
255766976034
255758682716
255746761174
255753875132
255756727339
255753888453
255744094774
255747084774
255742877932
255766029981
255745859525
255755058141
255743882898
255748388586
255769295934
255756537084
255747890574
255754022202
255763052718
255763880409
255755874309
255767727957
255759388458
255766550800
255755262758
255756261087
255752300838
255767247218
255768001374
255756625458
255766689375
255745133182
255754882880
255758079413
255756898335
255767140180
255768729844
255765695664
255756285712
255743624582
255764698085
255767043194
255747649337
255766526498
255746548528
255755785575
255746257517
255764017992
255742932253
255742938333
255744699677
255757534090
255759093418
255757585216
255754892419
255768156352
255753976600
255752269670
255745724616
255757690822
255766585524
255768913611
255742506788
255755916062
255744233278
255765129916
255747138977
255767688581
255768842957
255769769966
255748471682
255744507370
255752431892
255743570168
255768293725
255747026504
255767822871
255762349437
255746786466
255752948743
255754923040
255766668769
255769466894
255743659417
255743153723
255768696787
255743320159
255746246022
255756842167
255757535675
255753422570
255742269677
255744686856
255768548932
255756567461
255759942101
255757595258
255762664088
255768667049
255744909986
255763476523
255745058101
255753388579
255748233331
255744929486
255743468500
255747651695
255758408419
255743729038
255745488501
255762561496
255748063914
255762965021
255759468485
255748452320
255743736117
255758256083
255752859959
255766971958
255764536308
255748332008
255748352903
255766438998
255758245380
255755327264
255745415574
255752650852
255743354007
255742041601
255753451486
255762116669
255757552130
255767968371
255752168605
255769457821
255752864103
255769175980
255769437233
255769893900
255748360518
255763133424
255765440687
255756228637
255766914888
255753669602
255764896563
255746113617
255755218650
255745251683
255755825034
255762388165
255759209316
255743842677
255767972786
255759056105
255767777082
255768418341
255743918199
255746848423
255752911346
255747502794
255756444904
255766200461
255747126166
255744718909
255754403695
255743888804
255743771302
255768595135
255748454302
255742201491
255765424556
255743783054
255763565734
255764391580
255745306841
255748279438
255759219038
255745345399
255756031385
255754289530
255762981745
255743279422
255755308410
255769168623
255768368476
255745332709
255767205826
255765492294
255763455613
255768966891
255762995765
255763358871
255758712037
255748473662
255757780241
255759684280
255759282759
255764363979
255746076019
255752150669
255748196194
255742598563
255759642759
255755868363
255743886280
255742209783
255752287217
255754526040
255746160989
255765082962
255756698182
255746699328
255755460009
255745730113
255765169403
255748335839
255765322056
255765169709
255743603275
255748268264
255744294207
255748466276
255754218420
255767912744
255769932948
255748187093
255762769084
255755983249
255767967959
255765578452
255765368953
255769459623
255757282478
255757822764
255758216396
255755639656
255758516004
255743775827
255742187529
255743158199
255746135512
255752505251
255744641242
255765316830
255753517220
255765419104
255758220763
255747226147
255746255116
255769250731
255743420265
255758726633
255748747568
255742411948
255756586992
255756912030
255768420306
255759105998
255763983004
255758001898
255743205259
255748123523
255747132983
255747636882
255762035286
255765923700
255745407513
255744903817
255754079235
255746623770
255754015679
255742848785
255747313001
255756288903
255762477855
255746134274
255769148161
255748324259
255752460699
255754311002
255767831995
255755725038
255756873385
255767578973
255752945621
255766935927
255762956673
255768911835
255747760689
255746053733
255743381268
255762241018
255762354968
255758553663
255753884555
255747057072
255747087174
255758410260
255746365132
255756277811
255757429978
255764109069
255752642331
255748485086
255748147101
255764056454
255754345381
255768887931
255762446170
255763360620
255752679628
255756391000
255769894845
255762559426
255759853252
255755393583
255746075153
255764158520
255767436466
255743376929
255755494974
255744953157
255755411263
255755245969
255768292594
255745305307
255759603486
255766181505
255748102270
255752243530
255747737180
255754359356
255742573483
255765569505
255748315308
255767836489
255767039728
255765679228
255746436241
255766786693
255746682540
255742848903
255757158939
255762239753
255757188337
255742523513
255747876353
255767438616
255744863605
255742853007
255745826640
255753800610
255758472189
255755774043
255752208491
255766615988
255744763222
255747828625
255766371824
255745470193
255762504254
255758450781
255757743803
255746647734
255765031085
255763284716
255746741042
255765137148
255756216800
255743944049
255763438573
255753980857
255767145351
255754773049
255755296603
255747145316
255765193370
255745529693
255766324396
255754368213
255744913182
255747207916
255758721889
255748120422
255754994533
255744629945
255768075215
255767750197
255768715538
255766876002
255769383847
255743052498
255769910843
255756477018
255743076518
255753971562
255762942504
255743384799
255742014497
255743241031
255757729984
255753998372
255748769785
255767854393
255752944895
255742709358
255747587365
255744744650
255768244951
255766234637
255742959547
255746277458
255748688235
255742989442
255766635654
255767016903
255748494927
255769094989
255759914410
255742809734
255746920719
255758996893
255764523157
255753955934
255743035885
255759150615
255743810314
255763350012
255748570256
255769336499
255766780995
255746700232
255745245762
255762757331
255746674757
255767239211
255764787986
255765346421
255744102078
255762484755
255754562229
255745352266
255768797791
255759735648
255769838205
255765959835
255767926854
255752534134
255753536403
255742274251
255766510793
255748266308
255746085802
255756591498
255755174189
255746973706
255755446397
255759893295
255743148389
255745728209
255747737028
255768242260
255758383552
255758640928
255744003246
255766324294
255769890332
255766958397
255747796136
255763728237
255768145498
255756043583
255769270988
255755329621
255743636487
255755823062
255768867918
255744079704
255745002780
255762923819
255746227219
255759464687
255742016986
255748062083
255752807844
255742445547
255745329132
255757358215
255744612976
255753572990
255746006369
255769023925
255768916076
255747352902
255767053625
255745155980
255764390608
255747234992
255762161545
255743396921
255757081609
255745366021
255747988644
255762656733
255762378327
255762562490
255745672034
255766286304
255758578866
255764975260
255743622234
255768497993
255742187307
255754674432
255764466975
255747097518
255769446370
255754065388
255755827359
255744338330
255756729643
255742129552
255769460278
255744135048
255746378186
255766857396
255759658115
255767927469
255756395802
255765765965
255742050291
255754059357
255747737632
255745388362
255765124865
255746966905
255766904100
255766319421
255767128370
255762884746
255747567645
255743992489
255745387036
255744881673
255746573249
255743627044
255742963252
255764443652
255758023615
255746601836
255766207010
255754431139
255748665283
255758261141
255753668821
255759486413
255766862761
255758710814
255769068017
255766334217
255744259176
255752248101
255765103967
255769766808
255769171399
255762843782
255764996473
255744345078
255746737019
255743195426
255756575616
255757698936
255743947308
255759387108
255747840328
255745593455
255755035570
255757587079
255743021037
255746753222
255747924348
255742346859
255758759721
255766120053
255747366120
255768090075
255758146610
255744724410
255744767384
255766542882
255763913299
255742679161
255763755666
255747460682
255752722243
255759008090
255743003438
255766278898
255756634955
255758789541
255765273422
255745445604
255759751139
255755736891
255744524784
255762415130
255758523396
255762290007
255743567314
255764650544
255748729946
255748752127
255763816962
255766452652
255764208497
255743962004
255756299698
255767685001
255765179625
255762786548
255766303602
255762575859
255753559130
255743870554
255759045356
255759295518
255746107943
255744979445
255758151958
255744463435
255763457605
255752086544
255754865298
255742025487
255766478226
255765373875
255766573115
255742198521
255753896562
255747847527
255756361984
255762194743
255768520553
255748642754
255744476431
255759584568
255755189698
255753913808
255765060024
255763058554
255744022919
255744670522
255765008155
255745011821
255763789032
255757005466
255762379664
255742963166
255744455014
255753747754
255744968907
255745922940
255748200384
255758976555
255742331008
255753265270
255762878213
255763745663
255768974491
255767171489
255767488356
255752652371
255743644853
255762759977
255769371697
255752168557
255756801196
255752677193
255765871728
255768831328
255759920253
255765758752
255742296808
255765656168
255757440838
255746605210
255768243092
255743512470
255762631191
255763833702
255763193383
255743924178
255743439623
255745043880
255769964431
255758787618
255753673398
255747533875
255742734060
255753732964
255758062308
255745275866
255764783994
255744593177
255765342574
255747193572
255744390898
255743867897
255742987627
255743729036
255759486398
255768412395
255752613755
255744156288
255765086931
255767609525
255744804029
255769821784
255745173386
255767768128
255763994656
255747540399
255742412840
255747349367
255755041286
255765516890
255768526090
255755857146
255753035815
255753136505
255744415443
255756093717
255762545187
255769038955
255769568477
255742500763
255769762167
255765594614
255757519006
255753221809
255763280773
255743264525
255745705271
255742395323
255753194781
255758220630
255748376376
255755247735
255743077947
255769080199
255754852218
255762103526
255752231248
255767646024
255763148506
255747129285
255748640750
255759770217
255742492538
255746027595
255759559435
255754372030
255768605977
255745320677
255759723776
255748453736
255743748937
255756996764
255757657913
255769227205
255742164593
255745791501
255754518979
255759981220
255762608274
255752986175
255744942145
255768383165
255763323465
255769447800
255765434971
255744181580
255747982742
255745848068
255758957770
255746294144
255758003799
255753526492
255745219803
255748437605
255743755206
255743888959
255759558984
255744865589
255758580464
255742109054
255747418711
255758338159
255744419329
255765383214
255747516774
255765786667
255743607051
255757546186
255754413685
255763904823
255746483668
255762667825
255759473385
255746234321
255759490199
255765943750
255755298615
255764724169
255747094151
255758259443
255748439335
255755377882
255742012148
255745332954
255769223266
255759756341
255765364927
255746745756
255742606199
255768304822
255765841553
255744348660
255742630315
255763535376
255763555674
255762451214
255757284178
255767423075
255753386093
255747297572
255758743844
255753788232
255757751526
255742458577
255743688691
255769232184
255758530227
255764074193
255743299745
255753013770
255767728537
255746869203
255742539581
255769710007
255764844178
255748190720
255757280789
255757399714
255767825741
255743286867
255743473398
255756797960
255746141556
255745513821
255744251488
255759386930
255747473865
255742689368
255769044807
255762980303
255768430464
255765550010
255746591706
255757117039
255742964873
255742793348
255758604597
255762911234
255742026102
255768449292
255766985668
255747679570
255767882994
255767966812
255745975285
255754533572
255747858711
255742628196
255767588947
255768650939
255764274456
255759662860
255762544033
255767538140
255752910358
255754077841
255765049584
255756053713
255748298389
255745344544
255752297874
255742245830
255758430093
255752563519
255744053553
255763324435
255743936352
255769848987
255768384135
255744875128
255766756956
255744096052
255746477784
255745285617
255748649160
255769091698
255762461529
255744430056
255766136021
255747962964
255752258775
255746605687
255748315465
255755069678
255744759581
255747172825
255758991318
255745379495
255763203491
255757347463
255742994064
255742290083
255753528070
255763441849
255768470137
255744691270
255742175109
255743955229
255768283844
255756314055
255758898891
255753891769
255743977425
255766525050
255743881106
255769653532
255768106367
255759438432
255757430730
255768206632
255756822709
255767394013
255759459366
255743996987
255753541243
255752744740
255768117298
255748370732
255766165115
255744801578
255757178569
255764130304
255744264554
255765775725
255766657499
255759144568
255747159789
255764150208
255757530431
255756796611
255756554932
255753803036
255754074845
255756409899
255759801405
255746154313
255757738832
255767309842
255766786968
255742690777
255766047135
255764864869
255743697099
255762539011
255748627996
255747906828
255758052835
255769984799
255747940857
255755092368
255755092866
255754464385
255756302966
255752925699
255748182196
255768377851
255767010551
255746003275
255747612778
255765109521
255752326522
255766348730
255744026968
255766378534
255763023287
255767583187
255767227693
255768540205
255759211257
255758272263
255745462862
255747940480
255745322939
255745441570
255766750624
255747891169
255744462203
255762099304
255762966559
255756458469
255747466505
255766642232
255766133946
255762270655
255756442715
255768250621
255747613674
255743659991
255744318411
255764560908
255768567499
255756690873
255742042543
255742177075
255747983385
255744344385
255742674626
255742903861
255766888601
255748569685
255763916386
255762365586
255747317987
255756083696
255756904934
255758370149
255766936196
255747025636
255747746806
255745616526
255756180241
255755350042
255769155123
255759591312
255756088970
255746499491
255768846403
255758614556
255767647649
255757855297
255766097485
255765514292
255766818127
255766583250
255764273108
255758504826
255764454934
255765564898
255746720670
255747973316
255756417609
255763478610
255765254080
255752254720
255746776516
255752726506
255764291860
255757074639
255767658655
255765379791
255743624491
255764367603
255756912342
255759613949
255765992404
255767936369
255758494291
255746804630
255769897876
255763980611
255766048431
255758740646
255754837100
255765299838
255742587808
255742364315
255755282365
255743838647
255757243943
255759631593
255746925158
255754588564
255765875660
255769570567
255757788814
255767725133
255767136719
255769679400
255754316144
255756162621
255759062915
255745999176
255767636742
255759470175
255768166047
255765396644
255759859545
255756557505
255759875609
255767511959
255765804830
255767917769
255752062736
255756559780
255742060124
255766760617
255759872666
255744312817
255758496591
255744994753
255755680283
255745080161
255765847132
255743509829
255747984753
255747113423
255755237835
255769546209
255742212393
255745493255
255762325162
255746990542
255744127996
255759786216
255746073008
255747117996
255766981909
255746047933
255767536951
255743043650
255742765810
255757594114
255747174121
255768697399
255757401250
255745439798
255745521157
255744528148
255742674654
255768464081
255767103959
255758188315
255768414981
255759035377
255744408285
255767906335
255758778406
255756784357
255769880426
255747227002
255769743181
255755729454
255745010313
255769719543
255758960451
255744138258
255754819124
255744637257
255745532003
255763993607
255769184717
255745240537
255753325336
255767072963
255762674705
255747791033
255763171402
255745029590
255746545150
255765615145
255764963026
255768267899
255743103038
255763433849
255755780900
255762973829
255742180915
255742085724
255747824642
255744872251
255745597583
255742895800
255748749918
255766968231
255764913678
255759750084
255759153258
255769941006
255746323780
255756686265
255757767940
255755286682
255766465146
255747124768
255753402551
255753388210
255747920581
255758118249
255744238115
255747098808
255758897279
255746824061
255744194517
255747511528
255752722625
255745569362
255747739677
255742230443
255753266673
255765307518
255752963117
255747639857
255768388514
255742677981
255768926352
255768247649
255743387059
255746917340
255769667215
255759469199
255764170178
255742125981
255747367905
255742496965
255768294004
255765371491
255766905515
255769509751
255745722770
255746979468
255768957759
255768006387
255767973849
255753313730
255758540125
255745245511
255769821734
255769392641
255743453247
255746222731
255758051923
255759111461
255745415143
255752151420
255742955829
255758007703
255768596513
255752640081
255752252654
255762754352
255743318064
255752839170
255744846796
255756803917
255759874186
255752096201
255743385934
255764357102
255769878693
255765415365
255746385946
255748644669
255747944090
255767696508
255745727385
255754050114
255742881038
255759148782
255765554355
255757893349
255745557298
255752374014
255767637164
255767917844
255753322063
255746901860
255755144574
255746803826
255757305896
255763487648
255748143146
255743866393
255762927206
255757459677
255767601957
255748095860
255747437043
255745141136
255748465081
255755758308
255763979778
255763189483
255744536204
255746522892
255768566086
255742998359
255746554843
255743077078
255759464236
255757315639
255748301537
255744012378
255755776048
255769373297
255743671557
255745571183
255757657937
255758076883
255748194811
255762078992
255757268861
255746419810
255752855689
255753550841
255769945252
255763934276
255768769108
255765554390
255758584126
255756169286
255746242255
255746061022
255755930828
255745597017
255752516812
255764508693
255763781235
255765056735
255747396510
255748310064
255766593406
255744354513
255763731530
255744576715
255743067288
255742441118
255753797157
255769774946
255769785521
255764683462
255765372497
255769228990
255748391409
255753299525
255742715685
255743692682
255765158256
255744632618
255745693395
255745667423
255758187915
255745477129
255744143557
255744311355
255766267898
255764026487
255744396188
255762707935
255759744513
255756771195
255746007654
255743468073
255744243812
255767733738
255759921327
255757835679
255752331974
255762462635
255757114780
255767543559
255745889323
255763430410
255758287041
255745796753
255768687620
255752889556
255755823122
255765875856
255757614886
255745263852
255769676002
255764366408
255756403684
255748476589
255762236934
255767275410
255766190575
255745204636
255759133489
255748264932
255762061055
255769213639
255768271378
255768485291
255746117738
255766219487
255768153971
255753304286
255762042059
255762345698
255763192874
255748199886
255746458025
255746799742
255754689673
255765765799
255754039410
255765728987
255747555591
255768024560
255743035152
255759957793
255769179862
255742660352
255742850627
255747854017
255767872034
255745594801
255752803125
255752005513
255769176173
255752599880
255768039128
255765161786
255765261816
255742453119
255743235932
255766615104
255759742941
255746423986
255756439179
255752346828
255753852659
255765464012
255759150983
255744446154
255748484505
255752909626
255759394559
255764931383
255767821446
255755338325
255746173053
255755461001
255759927152
255743667775
255762923633
255758267483
255757904408
255765199205
255743523677
255743985704
255747274976
255757993540
255755630325
255755195750
255753521337
255742759098
255767107452
255757355580
255769147955
255743162823
255747357932
255756209341
255766810811
255754557499
255759617828
255742878165
255753566116
255747732663
255747612067
255753882182
255764318065
255756212880
255763275954
255765391509
255746030217
255746295992
255742136173
255765596092
255743095368
255742800338
255765481938
255767599110
255766439669
255767316011
255746797071
255748600810
255757396961
255746468328
255766900230
255757948972
255769774314
255768352431
255744846091
255765007964
255765585640
255766756496
255742783365
255744487016
255747699354
255758647335
255745733950
255765383466
255765875647
255748381527
255757219419
255756008427
255764509384
255769663595
255759184030
255757591182
255765385149
255768121103
255743066493
255759962757
255748008064
255745036196
255765133257
255743055609
255752229255
255759441624
255756431559
255746365592
255764301097
255754430256
255769610689
255759243623
255746630344
255768032788
255765164109
255743048475
255744053761
255768165632
255748028575
255768154643
255766929353
255742289170
255743054952
255744011025
255769553724
255762982790
255765344078
255752824481
255756952232
255743000470
255746073040
255766345372
255766375970
255744599917
255745148657
255768833736
255768612671
255756584042
255757332365
255764408454
255747449240
255764052823
255752019130
255747554962
255747276675
255752081705
255744480434
255765034213
255742095518
255742686762
255758279777
255744826162
255765291580
255762926786
255743592242
255767623440
255766517756
255752024823
255765077298
255769975864
255766354463
255746875880
255742512367
255764304765
255766200281
255768391779
255742353067
255747285645
255748683369
255765782989
255746899652
255748696994
255746302424
255747324764
255759231668
255756373876
255745843812
255743349955
255745398696
255764610917
255742644545
255763061803
255759431947
255767019314
255758576547
255769039814
255743199761
255756927104
255744015486
255765864580
255748491569
255766421591
255752143270
255757212022
255768056361
255764663985
255744828118
255759171099
255767264829
255756239852
255757906186
255752472998
255747120520
255746374051
255762670005
255747647736
255748284684
255743016816
255747782852
255748323791
255762932314
255747356609
255747891728
255768076814
255763293895
255742160393
255765036215
255744404745
255743244536
255764977475
255755413188
255763958388
255753009775
255755209033
255763299154
255744945380
255763958586
255756460361
255744941250
255765195221
255743497006
255759663415
255744011070
255744360113
255763038699
255763322555
255753715560
255762688176
255743445314
255747186564
255746836868
255745716571
255752679912
255765832303
255744274863
255769488554
255755622342
255747415227
255763958924
255744788070
255756450090
255743857578
255763498522
255767286458
255748707391
255758760791
255747546041
255766084552
255744030963
255745277341
255748089985
255766224668
255766125086
255766437959
255753989268
255756715368
255756951013
255766169427
255748071074
255747359233
255752962657
255745042571
255743941199
255766098426
255766892203
255757322774
255759310787
255756636150
255747150054
255765753645
255744478510
255743471908
255742466025
255764956721
255768484243
255759271519
255748745289
255754436347
255742269309
255757275556
255747441128
255768788340
255763356271
255769230695
255762498160
255747089652
255763336975
255745842438
255769321565
255743872147
255748175466
255743509142
255755663554
255743892446
255752945047
255756248841
255758117835
255757207797
255752519004
255768039485
255757841116
255766400396
255762786634
255765072309
255769558200
255762148664
255755371980
255744918012
255752928839
255768013288
255753983041
255748627008
255759421144
255765619232
255757426626
255764148938
255744270551
255759511895
255742262559
255748388457
255766553720
255762213970
255765756952
255758308544
255757487007
255767143474
255744161962
255755771911
255757727819
255757727515
255758503962
255766244507
255745229220
255759356662
255767259374
255747250848
255765821555
255742768370
255764351505
255755208829
255756542233
255754651827
255752500672
255767624392
255759452234
255768172990
255744613355
255746285314
255765338719
255747855839
255768398919
255747384421
255756011307
255747489925
255752718346
255768836598
255742600459
255752164488
255752526227
255763857793
255765726919
255762373348
255742658030
255768020053
255755015137
255767734015
255769190405
255746230551
255758571755
255748436327
255767241090
255746979860
255744848583
255748332486
255758393602
255767718937
255744295523
255752001955
255745417752
255765881587
255768977176
255765767959
255764180323
255746076708
255743722553
255769160920
255742929030
255742438170
255768714439
255768088112
255765370539
255747083975
255758327259
255743078937
255757619132
255747434555
255748689820
255762745084
255754441065
255767564658
255756038907
255753676771
255743482196
255745952004
255768015691
255742814950
255747923047
255768358885
255762529008
255762203487
255744231690
255767470659
255767864945
255745397278
255753214263
255769916962
255747592215
255754769518
255743546262
255742229689
255757536325
255755038652
255753510424
255769113244
255754954732
255754984533
255747527630
255746916244
255744567593
255762038664
255758417064
255764264137
255768076329
255763731554
255769217532
255769852406
255742642417
255764276424
255765493028
255747018615
255746447874
255748364298
255762956793
255744454398
255769741310
255757021662
255763498417
255763478852
255764394987
255766981129
255742192621
255753188103
255765338163
255768763070
255752475153
255746936487
255759978723
255765255634
255742150932
255765400996
255747829928
255752952455
255743575901
255748468046
255765764523
255746048566
255754661317
255742020539
255755886011
255758583724
255766827149
255756509888
255758470223
255753173848
255757467346
255766987770
255748051113
255744284045
255754080023
255755562405
255743924402
255767746204
255759526340
255756536873
255768771967
255762106388
255747633600
255762416799
255748036294
255756892618
255757245833
255762947841
255744654642
255747696262
255755057627
255762497548
255768734892
255743838789
255764725024
255747107498
255747634568
255764144931
255763211856
255769768735
255748005558
255759208134
255753390359
255745612335
255744282389
255768734233
255766088107
255766113512
255759431124
255743899723
255746953961
255764534231
255742379370
255763071456
255763848643
255746315051
255762640300
255763323817
255753619634
255748229240
255743567528
255762670700
255744973150
255743938097
255759506535
255762700290
255765927837
255757182931
255762835983
255759666629
255745665441
255767887341
255743757929
255743838019
255747157396
255757977399
255762780154
255767044689
255758403629
255752754055
255747568561
255743697939
255744150017
255745336739
255745334023
255767981645
255762878626
255758255771
255752194101
255759617253
255758580115
255752469154
255745233219
255768322798
255766539923
255753577797
255764921155
255742376357
255747841290
255742250219
255755035853
255753535003
255758676220
255742591689
255764148557
255756382249
255765711730
255764335384
255752176083
255742357230
255769613955
255767375681
255766105116
255769187425
255758566764
255763423828
255755005212
255763070240
255768897266
255742077540
255743391904
255747740427
255755752916
255758120958
255769943546
255755142506
255746526118
255759817329
255747985145
255744490411
255748253586
255764237032
255759671272
255768012589
255742257299
255766601795
255748397669
255756232181
255762984944
255748014724
255742223549
255742812495
255758231649
255757650348
255745693708
255763708213
255743482162
255755943237
255763956431
255743903656
255762501869
255743502457
255744529449
255742834027
255755847854
255758467801
255758451233
255746393526
255768616936
255745135792
255752725672
255752574687
255744341667
255769535890
255745944908
255744679988
255766140412
255745390231
255768038014
255742696663
255767261150
255759707395
255754016386
255766785046
255767781469
255745541402
255762949044
255768170684
255762943873
255745345417
255755095601
255757735855
255752662607
255752272734
255766949196
255748206818
255747375385
255758243286
255767164566
255742709807
255764138124
255744501238
255747608563
255746619765
255762551807
255744909599
255745193070
255756551748
255746939398
255765755407
255743436749
255756055586
255756072088
255756903396
255766151907
255742926790
255744978002
255763347439
255769470685
255755847807
255743102051
255742033270
255769904188
255746976132
255743069605
255753549850
255748255642
255762730959
255752157983
255745803722
255752175442
255757897017
255767980371
255742185449
255767089333
255763800281
255747426682
255744965139
255757652701
255762966493
255769799593
255746203423
255763909495
255763228953
255762648337
255745580961
255759392967
255765709249
255752146693
255746727818
255748636058
255769442445
255759174335
255757065031
255747546256
255759376891
255744489416
255744856742
255744856947
255745983331
255745975898
255746314223
255769286947
255767643842
255746372628
255742801257
255767475235
255757183416
255759667048
255743829482
255765683677
255747507647
255768129131
255755702950
255745839990
255746405778
255759271084
255744892334
255742938614
255746028912
255746012047
255756568136
255747204572
255766468783
255752023452
255765740462
255759088549
255743942725
255766022384
255748763991
255752516311
255762499466
255754458053
255759695168
255745689731
255744129912
255765868043
255767775807
255758132549
255744536130
255758475836
255752382366
255757653747
255754017319
255746064731
255743443928
255744764210
255743219412
255743016550
255763505297
255747634571
255769385924
255745436778
255762005880
255755631351
255762988304
255744262607
255764028307
255764252704
255742806487
255744731607
255742214863
255758744670
255764457592
255762775411
255763142987
255753838485
255758683017
255744433081
255766943230
255747429411
255757459251
255747969115
255745377896
255755387146
255769852662
255766199416
255743057842
255747834120
255747127088
255748452688
255759942196
255745734401
255768277093
255768523125
255764197621
255763179354
255747450753
255768348935
255755648339
255768397199
255743021095
255743354423
255746034070
255745550638
255745956718
255758578990
255743055127
255753601548
255747399236
255744411923
255742096709
255747822676
255769684381
255766022210
255768196532
255747659840
255745884432
255743261817
255746622355
255743878819
255768810179
255754646670
255765732241
255768840449
255757271699
255759211898
255766640254
255754231899
255768642498
255769913097
255752135419
255742260563
255764651928
255769453229
255755381708
255746318789
255762519542
255747263239
255747300278
255767296158
255757624095
255747718610
255767954336
255747718113
255769018681
255743530586
255747109949
255756477100
255743530882
255766632422
255746187094
255742509493
255743311782
255742758153
255762221023
255767145850
255753662524
255766295449
255762188736
255743306386
255769042475
255765261469
255745526296
255764350963
255767877542
255768318601
255744877380
255745977630
255753112048
255752276206
255742636838
255763348748
255758484989
255769517600
255745064224
255746948191
255756596126
255757526703
255762690152
255745434132
255758156727
255769074103
255755714912
255759817732
255743585238
255759941650
255768059462
255742235884
255765834653
255767205556
255752039754
255745444650
255755968266
255743293186
255747917376
255744880322
255743833743
255766054458
255753268815
255766940696
255769830483
255766879506
255765107337
255742284267
255748050624
255759877909
255757664540
255753024116
255752673602
255759982519
255754818402
255759612089
255762170153
255759239908
255754947989
255747700587
255743813628
255756818421
255767684973
255769646469
255744219906
255766696626
255758116673
255762859447
255765820880
255757607149
255745250807
255757415883
255766306606
255742226273
255759902708
255756040800
255763193110
255745517530
255759268077
255762474326
255742660771
255762631677
255753381791
255746154226
255743195512
255745234505
255766689980
255755072375
255766971214
255768812617
255759966008
255767528844
255748763808
255742114592
255766087296
255763141302
255756669844
255743783308
255744925563
255762358715
255758606796
255765948102
255758370012
255743348846
255743917724
255769453986
255765756029
255744695721
255758699425
255768354994
255757036358
255745741312
255758964604
255744478183
255758785560
255767421985
255765168710
255764594434
255768773920
255769262503
255755250818
255759845466
255769125262
255747465307
255745993500
255757722327
255752552807
255759423838
255744114892
255756728867
255769859083
255769839487
255767538339
255745658593
255742333840
255753947524
255752623267
255763081096
255753310242
255765948015
255753812999
255762443383
255764079163
255764425957
255746178445
255743328353
255769184395
255753740208
255753642227
255748146447
255747013171
255759095369
255747700053
255759899051
255769902140
255767982949
255752456309
255768401938
255757092166
255768130646
255765081349
255757583122
255766734920
255769650687
255759705410
255769536966
255756789965
255746526006
255752101485
255753395729
255762433799
255764752451
255758128981
255757711023
255746916076
255768418520
255746432263
255755345480
255744660955
255762479696
255764453375
255744402514
255766440505
255763778713
255769520458
255757893409
255753256997
255756929926
255748093823
255756299195
255765169311
255752451913
255769607339
255766255771
255758286929
255757466808
255753225148
255748079087
255767106694
255763762931
255753434224
255758309019
255763107914
255765138829
255767619824
255756739223
255766558165
255764757618
255742746073
255766111403
255743016242
255765679311
255763761509
255748313256
255767042920
255763587988
255748040879
255764450899
255757586219
255742896152
255748691365
255762379606
255768297171
255762234766
255767796087
255753107227
255759407473
255742888935
255762589770
255769952363
255769320878
255755342504
255767868032
255752603057
255743326434
255742438591
255752546553
255765955381
255767050125
255756879104
255757694058
255743224084
255764378479
255744843673
255769211808
255745231377
255743997467
255752524273
255762392769
255768362088
255769384035
255744370116
255769558663
255753478219
255757281038
255769002536
255753304546
255746933812
255747443594
255744553776
255758024311
255752865351
255767077291
255764500881
255744331453
255758738854
255742294128
255748086707
255743660314
255764645473
255753398755
255746825587
255765280076
255766072899
255757581980
255769101628
255754381692
255758351789
255767108440
255757710743
255747404952
255748092019
255769513465
255769563665
255769554066
255764135563
255743384038
255748572002
255747302585
255755489632
255765512776
255743884999
255759326014
255756826231
255759773399
255763938855
255753354856
255758985971
255767410072
255748085373
255746068695
255747880770
255766827663
255758196967
255769335911
255746033692
255768542826
255755877710
255753207389
255752345190
255745851321
255743517144
255747790497
255757076428
255757193417
255752782905
255766467986
255745319354
255762710369
255762529500
255765025738
255746815885
255757520502
255742081256
255743127162
255758977514
255765597655
255758462263
255759261620
255743859107
255759029687
255769559937
255754032039
255759368140
255765859111
255763534597
255766096869
255742600602
255748448875
255753811997
255746715616
255763525800
255758319323
255767696791
255759085862
255747815020
255757940488
255747489499
255744825020
255757485346
255762275319
255743362498
255743019173
255768137297
255769465981
255763851021
255752598299
255765131866
255744072061
255747233574
255746766856
255745410084
255759472029
255754874497
255766407764
255768975580
255769167833
255742019264
255757949765
255743465386
255745578552
255768318790
255763958907
255768351711
255756800161
255764586756
255758320692
255754407309
255767305344
255763372445
255763564908
255764830328
255755873710
255746119459
255758796580
255746550862
255766824690
255746632940
255746652040
255764752951
255766981485
255758682565
255747197685
255765097039
255764515167
255744635876
255768020599
255742724229
255742503146
255748454441
255768138535
255768959795
255765161778
255747227977
255764889003
255764926806
255764945538
255753496336
255764857036
255769314087
255753910065
255748696763
255742642735
255757288746
255766348966
255752427898
255758523009
255755900698
255752764051
255763142536
255758519522
255768948669
255748429852
255752495238
255763093290
255765029729
255763705522
255753634396
255767968822
255758201271
255769859195
255758602975
255763732307
255766847544
255742394897
255754969811
255746235705
255742299474
255746437319
255753920041
255765497252
255756869613
255764026363
255753369845
255753414129
255762924339
255753147731
255743009068
255745618292
255767180396
255766903023
255769906573
255744025589
255769040640
255742414279
255759167873
255755564868
255765449954
255746701996
255743767333
255758579754
255768931007
255764370311
255746491532
255745757433
255765174362
255747415164
255757281436
255759629929
255748747620
255742724482
255754448036
255748149691
255756890950
255743047358
255767346080
255753985803
255766935594
255767254405
255742295925
255769336793
255764359031
255758003275
255755541703
255747323627
255764103203
255758335121
255754275630
255756838792
255759045829
255765752174
255744315687
255769948934
255746758535
255765149853
255753541953
255752850093
255769133131
255769592872
255758483585
255752882003
255746947890
255753894253
255743734938
255754884589
255748750920
255743904873
255752854976
255757338681
255742475372
255748072630
255744427834
255759678838
255759539921
255748760388
255753678400
255745407029
255768782498
255764375714
255768016304
255758723874
255766843039
255763953760
255755816860
255742247503
255742789479
255743937537
255757316152
255747008778
255766989526
255748411737
255744026146
255743481033
255743633907
255757766385
255762764069
255754098296
255746937299
255742821371
255755063849
255743350833
255748035302
255744816843
255752572095
255756072809
255765453146
255764804419
255752391709
255764804715
255758280027
255763593851
255763107170
255767886541
255744661622
255753431451
255762931131
255743414692
255744218157
255742467668
255763818502
255746230117
255748673189
255769029206
255746360328
255762167044
255755325305
255768736789
255768774616
255764506621
255745942329
255743690998
255767596542
255756203969
255743133082
255756795725
255745641578
255762627368
255769189851
255755037140
255762273105
255747731527
255746718214
255758280230
255757531651
255758230731
255757766550
255745052016
255768203420
255759685140
255762191248
255764832876
255756587021
255746738843
255757692258
255767359930
255763311979
255754419990
255765363805
255743140383
255745953770
255746696864
255744362389
255759052297
255769619467
255752689224
255755230818
255757866058
255745378574
255767521135
255754835758
255765003776
255745795543
255746799182
255762275299
255759361989
255758973042
255743108006
255759481440
255769219629
255748724809
255744243063
255747474520
255766740226
255747444928
255768696219
255747555925
255752303720
255747987914
255748644072
255766149476
255752735162
255765865742
255755944050
255746649517
255765914211
255756306716
255744686113
255758101587
255766298191
255743539640
255753946507
255747263499
255747894176
255746865862
255746643580
255746325252
255759968273
255769170690
255752303051
255762831068
255746979152
255743751519
255753423041
255757862254
255762389990
255766114541
255766064501
255767498733
255769465923
255764969672
255745912964
255744546336
255756639445
255759738931
255758950423
255752486160
255754554837
255743087059
255747196034
255746167368
255742801422
255747374030
255758372430
255754327197
255743872403
255744630947
255753355445
255748627696
255752230851
255759421477
255759940947
255765350025
255742570130
255766066806
255742783787
255765997319
255752172518
255767187255
255758786718
255745430657
255768901502
255743558264
255766308422
255758378664
255768329745
255744030155
255768941485
255767125733
255764693218
255769093055
255766671344
255744256250
255742607625
255756706696
255742554532
255744258441
255767905032
255747890463
255745819894
255746911169
255748352227
255752135321
255744013766
255762090223
255742276626
255769219726
255768086951
255742455185
255766221893
255744332212
255742325402
255742029555
255766070775
255744008624
255764598199
255753990778
255747535380
255744160682
255745675358
255743654564
255762058917
255747161588
255769811856
255768833028
255758959159
255764096081
255747093612
255746414417
255763350470
255753161536
255753202952
255764597480
255746416058
255767145841
255753971548
255767900314
255742040619
255756188286
255769403446
255766672123
255752912424
255743132645
255759829800
255748255379
255743499118
255766557347
255746640950
255762147919
255769041088
255765868737
255746953084
255748467094
255746176379
255759745666
255768090624
255767247495
255769977852
255768774052
255752314774
255759658599
255766055194
255765510409
255745619846
255768558538
255757456541
255765934983
255742969564
255752749252
255764320263
255748392577
255764737840
255754375667
255764427510
255768397082
255754345260
255742520392
255759009648
255765551337
255768311939
255747454750
255745899153
255765591086
255767422300
255747658590
255756931900
255756078803
255742325303
255764314690
255764569242
255762830015
255768796593
255767732365
255765893057
255743798612
255743175868
255762611721
255762978020
255745514636
255768221480
255745736791
255762143404
255759546465
255756712989
255757526565
255752014458
255766876559
255747248557
255743395677
255758598954
255759416164
255757988467
255769114019
255755016613
255769322583
255763549394
255755269297
255765368119
255748654930
255762135746
255762266662
255765966684
255742257049
255765916584
255753257960
255768505661
255745204528
255764898868
255753232426
255766211983
255766358929
255756838087
255752252043
255756348430
255769641043
255764665606
255757666513
255762742132
255767111685
255757925208
255748340386
255767336667
255757911576
255743360986
255755538681
255753953825
255745586397
255757825241
255743184695
255758409565
255755695638
255757405349
255756372131
255745747010
255768378500
255756253988
255764292157
255758243504
255753628833
255758656022
255756421352
255759852893
255765848734
255742501469
255765898235
255755393572
255752905798
255766145526
255758285147
255752259800
255757428654
255764543839
255764347378
255743169326
255744503300
255745189524
255762759660
255762201006
255744372159
255758614146
255766287919
255758434078
255746261476
255742328315
255769576658
255763993741
255769881156
255752287473
255762617239
255753100057
255763310288
255757622504
255759437092
255745703528
255748205639
255769200761
255756757801
255765113538
255742064243
255767638345
255767608750
255759608733
255747832666
255768091795
255762474147
255743756169
255755641563
255743489554
255757578072
255763300432
255769728456
255768543173
255747222415
255769369175
255763095468
255752692600
255746664086
255743452169
255769769497
255763186958
255748372519
255755877639
255753907369
255744165034
255767904265
255762464529
255744285768
255763162488
255752026032
255759828320
255753264211
255753722338
255766466059
255755742439
255757272677
255766132113
255748474734
255753711052
255758295953
255764432567
255758708625
255754677112
255756203663
255752393297
255765972402
255743653964
255756504020
255768143909
255757320754
255746375586
255757843042
255758597686
255744251535
255764323248
255757208323
255742421801
255757720846
255757209471
255742528887
255752113270
255745999457
255753932783
255769969310
255742929845
255746760988
255756250127
255746585519
255745982232
255748215783
255746702032
255757600391
255754332089
255748184465
255746633746
255764009119
255743620726
255748484298
255758967752
255758123138
255744824635
255757817028
255746978516
255765736096
255762231232
255744124331
255744772727
255744077112
255767237045
255762859022
255767303134
255769207248
255769635570
255745051605
255748444075
255765936748
255765968098
255764659059
255745373113
255742086197
255747327047
255745663363
255746394875
255758241912
255747863409
255742718094
255756891279
255765339785
255757221659
255766548161
255743199361
255747808940
255744026544
255759348580
255762470497
255752026602
255748136872
255747119188
255747016544
255767345752
255752266198
255759446780
255765598572
255769606225
255747776774
255754348556
255742834205
255754844531
255764272490
255752012557
255768384124
255768660412
255762226705
255769382861
255759673340
255766233764
255745805967
255745606560
255746455707
255743172128
255743957855
255766283164
255744267692
255757846428
255762732844
255747252498
255762645968
255764729870
255767813246
255769632730
255762607103
255757148050
255758649942
255759909151
255754778456
255746053256
255759773909
255745300863
255762466076
255757517483
255767588430
255757734614
255764083957
255763299432
255765395018
255744265573
255762016469
255765094367
255747891374
255744093720
255748432032
255758430432
255754905356
255742260554
255762357148
255752310329
255755850383
255755267459
255745024184
255769382357
255763973048
255766962263
255746192773
255764919158
255746765874
255748629158
255755022687
255765963737
255753113031
255744725598
255753344880
255767084122
255764461609
255756665311
255744463696
255766419858
255742322253
255742391658
255747957976
255759483632
255752597353
255764851297
255765534928
255767871691
255748712264
255747615389
255766886009
255744084990
255742684240
255747341810
255766138036
255753813801
255758356676
255758066901
255765130370
255743401920
255767525240
255743115179
255745155475
255747443447
255765801540
255753580053
255748683005
255764417969
255742701778
255757892824
255769252547
255765058975
255743300207
255769812681
255768395175
255764089283
255747345665
255769650565
255746670164
255747575444
255766045911
255763886126
255753752024
255756163332
255756233958
255745335720
255744743394
255742621441
255762162845
255766139917
255759374428
255762589095
255742432989
255754958365
255743903848
255745442818
255755762444
255747203739
255755695413
255766529117
255763787450
255747985305
255764099848
255747935206
255765279951
255762910405
255759367378
255754027626
255754568876
255757603782
255755373060
255746248132
255743622335
255746314542
255745106741
255754500461
255748010710
255755147880
255759515778
255765713507
255747488345
255769862541
255742840383
255752142787
255742761662
255755781705
255757587407
255742225635
255759221262
255767768117
255765870709
255765708447
255745527562
255763785240
255745387258
255753964010
255763048132
255763397254
255745643840
255759196710
255742636449
255752633421
255764866644
255744527990
255765852733
255763450546
255748243464
255755322880
255766323822
255769942900
255756262097
255748342868
255745265769
255768442629
255769746391
255746484860
255747572609
255758560847
255769214623
255762664205
255769507271
255746542881
255747988291
255757916304
255742230927
255759846720
255767713397
255762050292
255765446117
255743190852
255757573047
255745169521
255752123734
255756843306
255764345630
255756800225
255758397700
255769355523
255759462745
255743256567
255745002854
255745681530
255745791573
255743600265
255766415871
255743184699
255745611407
255754350369
255762647009
255767535620
255762774366
255768537329
255747843018
255767211123
255742967192
255757908887
255765379410
255768536848
255757477433
255753966060
255766480853
255762132819
255767870815
255767414225
255767892440
255748075084
255747019749
255747790161
255764882044
255758981310
255769329141
255765707975
255755829929
255744992450
255752198857
255768394262
255742910523
255746840015
255762520753
255757103149
255769523907
255752660098
255742108917
255758476219
255753350771
255762616426
255758715350
255759411992
255763759643
255753753840
255746163555
255759072661
255757149490
255757664155
255744207560
255759756755
255755919081
255762588105
255742160374
255759845878
255768852836
255743786991
255746164738
255744196431
255743490944
255755018691
255744812660
255763208715
255769315311
255746372928
255752811362
255764335818
255747414365
255753027245
255754493325
255768634652
255747513748
255742551601
255746476944
255769270367
255752203150
255742759019
255748333690
255742318257
255745329057
255746403569
255747015065
255744928647
255742807166
255743032234
255766818951
255742391341
255748166276
255765577128
255748272425
255767417578
255758598196
255768658217
255765572833
759022424
255769875058
255746962668
255742675917
255746181172
255742573583
255763529983
255752424811
255768181205
255756961668
255748254712
255769299931
255745244212
255759775412
255747497091
255759786517
255755221638
255748059240
255745099140
255744487899
255756169021
255769696171
255752235630
255769044346
255758572723
255746000114
255768358525
255769236505
255753459668
255763520827
255757912236
255743771548
255765590222
255769169298
255758497761
255753172103
255764674312
255766824736
255756659804
255745250244
255764922763
255753456625
255767434904
255754827003
255755763706
255763136695
255744228938
255745663626
255742000391
255744978263
255745640324
255746311001
255743600921
255742523697
255745448421
255765833997
255768672209
255757220111
255747507361
255764412851
255759797007
255769294248
255769339956
255747303582
255748114768
255768976359
255767840589
255762112147
255747497961
255745234235
255743730652
255766655682
255747044541
255744518737
255746069822
255764473535
255744243433
255766125290
255754353717
255753044756
255748203036
255743547856
255743387188
255752687246
255752595871
255746119766
255769171332
255768373128
255769082100
255769876602
255753744815
255744824192
255742399894
255747251273
255769710362
255765828047
255759163503
255742729391
255754085697
255766804635
255753545462
255744337564
255763978418
255763845184
255743050235
255767615015
255755503560
255767215168
255764229796
255746873443
255747675891
255764381189
255745658691
255753263800
255746723695
255768955864
255745888717
255767219796
255762009763
255758460898
255748407976
255748643749
255744693834
255765561260
255766345884
255754742487
255747676754
255763828979
255762777509
255762241777
255743266977
255756731981
255766312036
255759833356
255756003988
255768719816
255756187433
255744281722
255743888963
255752049675
255767111886
255758054970
255754752719
255745775553
255744279512
255758031743
255759571921
255757043121
255753557135
255755079334
255742367608
255767444504
255757523296
255742762783
255742666504
255758088299
255747387435
255769228156
255747945018
255743105122
255762816292
255747732557
255748037949
255763016587
255765036782
255742030867
255746571598
255744186981
255743546084
255742289089
255744375313
255744727355
255746194265
255755407629
255759780973
255753816959
255765818420
255757458876
255768085933
255762498815
255768095256
255743866867
255747634062
255767358376
255769315367
255759059046
255756731430
255762756846
255745445399
255769339347
255755797751
255743665825
255745448182
255758586049
255748488782
255766223744
255764563336
255747509086
255763874161
255764388396
255752481502
255756646289
255744641093
255752666336
255748183116
255758354519
255756830588
255742017072
255755162908
255769937185
255748160833
255745963593
255757877257
255769804442
255756843173
255759477554
255757660176
255746039908
255767246534
255744229373
255758727700
255768685480
255747641225
255748064271
255745040023
255759744250
255752150829
255769474957
255743747749
255748328662
255755774048
255745129485
255743705244
255743245424
255747351060
255743048535
255768500404
255757118054
255758067842
255763262394
255759644696
255768391124
255769551520
255744090345
255744759214
255742688602
255757272217
255768738124
255756909670
255759207682
255745642296
255752034843
255746467275
255753112263
255743602193
255756631848
255742731643
255745892577
255759280244
255758638316
255742755761
255746425091
255764904935
255746413616
255752500294
255767280541
255752033181
255765069765
255743382585
255745230847
255746564541
255762084030
255763957396
255763150674
255765192606
255764336345
255743049867
255748016446
255752281539
255763198599
255755077762
255744466627
255753738323
255759018780
255747934831
255766678328
255742067714
255746411707
255753622897
255759366299
255762666967
255766293409
255759691443
255747221504
255769677839
255757620027
255745657142
255743356430
255766961745
255742608212
255745581478
255755322417
255746204480
255764045475
255755912807
255745520299
255742764394
255768679380
255759492962
255746818451
255765903997
255763540573
255769114317
255742355164
255745322132
255762623486
255748210190
255746531852
255755462523
255746658500
255759586887
255768681851
255747062039
255765570583
255758332188
255757592164
255762816563
255744769445
255744164843
255755232232
255755938604
255752984251
255748727462
255742531956
255769850641
255758342437
255756257546
255743840260
255768710292
255767473900
255764830677
255745608716
255767542917
255746195356
255764910847
255746915060
255758208619
255744454275
255764303406
255758588251
255769207545
255754280685
255742100158
255767865950
255758762379
255757487291
255755711806
255742904479
255742716275
255747105697
255748762345
255768960799
255745434430
255768894102
255768894604
255744958904
255742348934
255742791690
255748055889
255747284413
255754038444
255762349506
255763377779
255769876025
255745315519
255753494758
255755926046
255745669612
255745971139
255765057157
255768775383
255755466471
255758613651
255758951591
255758406871
255763403809
255756954525
255746257848
255766986948
255746045319
255746626312
255742675871
255743280436
255742568628
255769364050
255759453142
255757158607
255769278742
255753764465
255764784222
255743676334
255769435857
255752975848
255767541233
255745503689
255757747345
255745807662
255742637462
255759151596
255754949972
255766284123
255752265489
255748061136
255766483379
255769722170
255748368300
255746596473
255758964621
255747186570
255768547247
255762207294
255765575784
255747364134
255746535344
255746705592
255745982183
255746624839
255746080274
255768606100
255746990425
255757236153
255748073938
255744583426
255742053615
255763867971
255752581430
255744874041
255746024854
255748440524
255768161902
255753725008
255745712892
255769058464
255754285968
255756260498
255756398920
255742005683
255743431824
255743782302
255742182196
255764741200
255766402467
255766595444
255746312545
255747583710
255765456604
255764107724
255746522236
255763168281
255743272812
255767047771
255746288898
255763143240
255768858905
255746588746
255756083357
255765957658
255747650964
255759974161
255765987258
255747993553
255748393385
255742144758
255744734591
255746129134
255766484225
255766447587
255756270464
255748039026
255752379008
255746327378
255752362123
255753815087
255753837221
255745720056
255762486524
255764348821
255769219360
255748414460
255747029090
255756364452
255745424961
255745650323
255762173362
255758427142
255752057737
255753969823
255742696635
255766151981
255763428629
255766364441
255768002579
255758118530
255763389042
255757716523
255757145427
255746159066
255745118916
255745030336
255742557449
255746441119
255752767322
255759397571
255768372688
255754952114
255768002391
255742774244
255768079516
255758502358
255765493904
255765774312
255742787845
255758517384
255746066361
255765914722
255757324323
255744662414
255745178975
255756553058
255759645833
255744551662
255754515627
255743782072
255746993500
255752049946
255758717281
255757248358
255758461434
255754646685
255742166852
255747328843
255759480547
255762693238
255747688865
255743999454
255747696058
255752105607
255758629420
255769623056
255758404441
255746442738
255742536142
255748721709
255745330342
255765644875
255757472921
255767821218
255743915121
255752649370
255754323174
255758238708
255746517036
255766225425
255757088535
255767503641
255759834832
255762434407
255766144767
255743394291
255763430360
255742279438
255743889449
255762714278
255744061174
255762148707
255763720409
255759841386
255768694341
255752319283
255755675388
255766239080
255762103478
255758056514
255766556212
255768778876
255758170559
255745061046
255759710521
255746442021
255752588340
255758198394
255744918108
255754479355
255758656018
255745386806
255752719148
255743367177
255742400816
255747555650
255757300452
255748235708
255769199835
255763725548
255747271066
255743609277
255763893335
255766961285
255747634756
255765465807
255758317724
255746779977
255754002873
255759424592
255746715219
255764847325
255768718417
255767599590
255744003023
255748409543
255766289849
255766513646
255762492622
255758475962
255748663691
255743783855
255744909583
255747717703
255766983453
255745643052
255769889769
255744477699
255763061896
255746332213
255753706390
255768637822
255767224273
255745475317
255769252640
255748391383
255758101859
255744939107
255757066809
255766646076
255764337804
255757817848
255764173573
255752407541
255748077914
255743874524
255746359488
255763172851
255748711916
255756888162
255754383073
255756350446
255758050873
255755743667
255757075389
255746621976
255766823573
255742352751
255767593284
255755451818
255742147938
255743223851
255765046721
255762624427
255765999277
255769121297
255742530365
255763272457
255747266021
255759319294
255764021229
255765401520
255752061892
255743346461
255768495318
255744499565
255766065669
255743006616
255755622754
255759134523
255758031253
255769215523
255767906482
255768209589
255764889975
255755865090
255752071932
255764451829
255746102771
255754434394
255743736616
255754308670
255756721082
255767876342
255744106525
255766140933
255757492100
255764887577
255767458597
255753509183
255765967333
255752057782
255755512749
255747816114
255768020279
255747898997
255752004298
255752897849
255763804760
255745413739
255759445204
255754618347
255764541828
255755344289
255768053780
255765038735
255768898318
255757387561
255757660549
255764548199
255763548255
255753671985
255767204435
255759669639
255742730594
255747365009
255766512889
255755297779
255758621385
255746047596
255752460149
255754808337
255756326547
255766156304
255756832698
255752808548
255759696243
255769025441
255765401754
255752386561
255767551156
255754207106
255743446389
255742690922
255757499879
255759303871
255757971435
255753909176
255744072414
255745189561
255767685549
255744045813
255757142146
255752720671
255764161351
255767845861
255743289952
255769394201
255762570491
255752515686
255762541939
255769057396
255755914932
255769439924
255767285669
255745132781
255742065886
255754512571
255769335637
255752953943
255759213888
255752474322
255764860109
255754984112
255766330010
255766785447
255763535840
255766350514
255743090269
255746733079
255769728335
255763300102
255757174429
255768234884
255748198571
255746577074
255744418920
255756720126
255742371426
255752739504
255764763087
255769940960
255764361405
255762342783
255758681573
255758503763
255742260568
255754444198
255764596655
255759692836
255762526849
255746952789
255753899262
255768049616
255744336395
255743933541
255755495653
255756485879
255756405469
255762150514
255762550094
255766616940
255767438219
255746203460
255747309903
255745530618
255768674958
255763280872
255747763522
255744258007
255755090319
255757098090
255765386339
255757560716
255759742174
255743357783
255745776472
255762643643
255768036404
255743343982
255745649540
255754091006
255747707599
255763232754
255745357045
255768223605
255744241197
255747795899
255758256000
255742114865
255759126857
255762772534
255742767841
255742424514
255746717951
255745270414
255756279856
255757475685
255748705636
255745673795
255768417127
255763311639
255762858883
255746084518
255747996085
255744086211
255769162652
255769402661
255758691443
255746000925
255756351211
255743807106
255753995939
255767967498
255756446108
255744292951
255756820941
255762786775
255744412594
255759074088
255763044925
255747345918
255742677994
255752799502
255753247949
255753297149
255744755367
255762636817
255762954219
255763834377
255753908076
255758480764
255762773802
255747315868
255766949282
255769966604
255744006778
255745606145
255752403148
255763482677
255766501428
255764394693
255742078236
255768780977
255745274524
255756957356
255766499193
255769095904
255764144148
255759643636
255757107845
255764081755
255745964831
255753591368
255744584605
255747957967
255742954624
255762297072
255746152500
255742015563
255753393528
255767086905
255759575193
255744503239
255752516418
255742559932
255766218990
255767742870
255757744196
255769187653
255767237935
255747830677
255744988908
255756837845
255756542467
255746694086
255742026794
255745779000
255765152642
255764283578
255742621537
255755073944
255768078374
255769896736
255744968565
255759925442
255769377183
255765057768
255762289500
255753843945
255752504938
255759560257
255754580157
255755282971
255746286613
255757110410
255768119468
255756208507
255747879817
255743003358
255759672947
255745059623
255742621141
255763166167
255752537732
255747453134
255762441168
255756684574
255759713478
255756786690
255767245922
255742235417
255764104054
255742306944
255744741346
255763904799
255757841830
255742867521
255757481803
255753048135
255743811273
255756852320
255754361832
255768249151
255745275806
255743369576
255742258394
255764003776
255762280630
255753148258
255747247785
255753198952
255756821372
255769390215
255766918192
255758635170
255756708465
255746319228
255763357660
255755200404
255753713710
255756287624
255743433052
255743375966
255764988075
255765028874
255764072094
255769721173
255757133168
255767604344
255769659118
255754513365
255766445646
255746164503
255744043193
255744093993
255762330293
255745766448
255742557072
255764951555
255757970409
255759910106
255742278856
255752939024
255755050960
255744956145
255768238543
255743822203
255745615263
255746083711
255742044759
255758224527
255768422187
255759610374
255754076277
255757434906
255757690878
255764341756
255767299302
255743685084
255747981228
255756172225
255764815907
255748182238
255748095473
255746224869
255764075318
255757584130
255767365982
255767645578
255765111096
255767819799
255758191401
255748637782
255755960354
255759562216
255766879249
255767148428
255768017416
255759943362
255757837276
255746232404
255763325645
255746940544
255768348030
255768789078
255766130311
255768487498
255755210488
255763416678
255745983776
255754073736
255767975398
255755028600
255766612033
255742081475
255753637173
255763215028
255758397389
255765655219
255758377184
255763822507
255767184649
255747506708
255742433186
255763943851
255767658464
255745378770
255759310791
255759929022
255759260978
255754495024
255759909225
255759775875
255742744014
255743799151
255762225724
255746973075
255759462115
255759815002
255743260908
255747893148
255742663599
255742867896
255742282860
255759235436
255769115923
255744906025
255746095370
255742334134
255746077111
255768976821
255768833123
255742935474
255744711286
255752808773
255769240607
255747553203
255767576119
255744110729
255769277883
255759438702
255765443510
255756294405
255769093461
255744884996
255758424254
255757878439
255743093181
255747416677
255768829190
255746441729
255744236547
255752808191
255758238458
255767123285
255758671550
255758508852
255746535583
255742859461
255764681064
255743077920
255768599973
255755327726
255752782395
255747113260
255759862441
255764786839
255742471052
255769834395
255768696426
255769689163
255763097858
255763582582
255768616817
255769415167
255768386429
255763185430
255754347041
255758040295
255753868800
255744878987
255769891841
255758984487
255766445871
255769720044
255759947347
255743223416
255766339094
255748081467
255754063527
255765147746
255759811489
255768091429
255755100894
255766949508
255769917340
255769468248
255747974994
255753245629
255753205593
255746612573
255762027111
255766170923
255743256376
255742826077
255759330949
255757315276
255766247479
255742726667
255743826538
255748706438
255753808272
255767807376
255757368711
255764023527
255745586597
255758672072
255763265444
255753956268
255744154919
255763336217
255745326153
255764777012
255746963719
255752545705
255745843828
255766363808
255744772820
255769059572
255764089023
255746926116
255746782147
255756527730
255745289305
255768668861
255765287001
255764993389
255756162034
255768297707
255742247685
255762039094
255758988364
255759799264
255764636705
255746859133
255753070630
255769440703
255759749560
255762488446
255743393939
255743016757
255753050689
255742272339
255752321575
255757833699
255766159941
255742072866
255754615635
255745670184
255755678988
255763162731
255765136256
255762992936
255766189951
255743208397
255747173052
255748057219
255754324388
255758497195
255766309756
255764760485
255767105519
255747230820
255747665638
255767758586
255757534073
255744490805
255757890259
255769157112
255766887214
255753757651
255743650598
255766106975
255767586312
255748394179
255744037848
255762937818
255746968277
255764826668
255748488278
255769010144
255759510123
255765555396
255758182477
255756463110
255756399049
255769132504
255748014746
255745595993
255743704381
255743924560
255753795436
255763013389
255763990181
255744301452
255746110158
255745028986
255748753098
255744523620
255762545547
255767210137
255764127537
255759891412
255755765826
255767289844
255757834871
255748416576
255759014485
255762346280
255762376188
255742396473
255768524438
255742475419
255758107482
255747154460
255744980678
255759950102
255757613818
255756708846
255768336179
255742669313
255769783797
255747473361
255762872915
255769336435
255756701458
255755676807
255745602782
255746284028
255763570487
255765951707
255768772045
255758345521
255766087248
255768454634
255746662396
255769582378
255745774224
255753997027
255744180335
255766203932
255747057011
255755353303
255744823079
255753258500
255763162665
255759888798
255764103254
255755236006
255765585216
255765119961
255747823623
255756367177
255757424462
255745546021
255754094306
255757354926
255752260250
255766803427
255754308132
255769311458
255742077623
255745089940
255748268249
255745039645
255754913733
255763286992
255747760292
255746385714
255769065258
255754520563
255767387684
255747017802
255767699429
255752928218
255758794223
255758258460
255745008738
255756265528
255765178234
255744499043
255742463009
255745577304
255767698303
255747041566
255769879170
255769948566
255765057156
255743128539
255745398869
255746634297
255745847682
255743000391
255759015887
255759082160
255747265466
255759258169
255752531070
255769605868
255757287882
255743035276
255753129308
255758774402
255762140873
255762468308
255752234713
255755799886
255743223562
255745961969
255747414453
255765461808
255768698184
255759690600
255742069332
255743751539
255754772665
255742447450
255743534958
255752255613
255769604885
255768019978
255763734965
255756585927
255759180127
255765739439
255762167571
255764440763
255766337537
255752990153
255743013140
255743011097
255758095380
255757255162
255744683868
255754275569
255763389073
255763414803
255769019018
255759294402
255766364688
255765309778
255766906450
255763946066
255759891130
255753733000
255763172902
255756898558
255763061216
255745315698
255746320045
255744966230
255745616431
255768508484
255768230471
255755984013
255755665085
255758700395
255743613385
255742208784
255746143944
255742011643
255763412811
255756993540
255767597350
255759600426
255742250214
255753287314
255759496230
255746064756
255744736848
255754063439
255759006557
255742255708
255766032562
255745401947
255752973905
255743734240
255742221188
255755523771
255744470345
255758100285
255747894606
255766227366
255745538436
255756820070
255762679319
255765251018
255757315083
255746329387
255745101273
255743465311
255754027234
255745990455
255769258648
255746969119
255765538245
255764403951
255768518766
255763049669
255746305609
255746978824
255743728799
255743650872
255759240117
255758582256
255765492521
255763496182
255758739773
255746667385
255753404151
255763565159
255744373726
255765672252
255753689593
255746853698
255768125979
255746997622
255765143208
255745273885
255756469444
255756638639
255768900290
255769012044
255742362373
255756228877
255748287067
255757304586
255753656011
255763736091
255753354699
255745520281
255746454236
255743554153
255754647421
255747732002
255767954017
255769633688
255742692269
255764342459
255766672536
255745526809
255769474748
255757356540
255759290600
255745547378
255764955117
255763887378
255753117834
255766250501
255755863571
255759433267
255758382019
255752251624
255747638906
255752058691
255762020381
255765822065
255769823471
255742336948
255763555605
255753849830
255744834373
255742506296
255752603610
255767671447
255747544717
255747144430
255743907464
255768559746
255766502772
255759424712
255743839270
255759621886
255745621720
255768052568
255742338710
255748356027
255768667361
255757407906
255754434572
255768014857
255769342545
255752592278
255766281444
255763951128
255764518442
255747111005
255767066274
255765108118
255766565320
255757886427
255755496186
255762186607
255766933841
255756885241
255745237124
255754433447
255769521512
255763321073
255742571474
255759754470
255752479300
255769465759
255742150653
255743471071
255768967819
255764331588
255768080881
255769261671
255762597931
255766250866
255762438630
255754591818
255766237042
255753254336
255765861498
255759978933
255758417759
255743429495
255758781988
255759002162
255742985375
255745576268
255765338019
255755669493
255742473928
255743357239
255748257659
255766335293
255745336849
255762963216
255765874193
255746567610
255744571281
255744541681
255747029251
255767003331
255759257515
255754907848
255745492530
255758170279
255748038081
255744737750
255747739330
255767349223
255755038401
255758078204
255755578216
255747385711
255763202361
255746745711
255756628034
255744971670
255759659053
255747050163
255769392554
255756454119
255766847599
255764185998
255762253749
255766181812
255757874317
255747864248
255762252549
255767606849
255758382842
255769428480
255759764469
255764556435
255752205299
255747122230
255768162482
255747592170
255768043861
255753122356
255753717180
255746909960
255759248291
255763302206
255745176634
255769936695
255756272212
255763992826
255753234880
255753871119
255762926124
255758117765
255765120886
255758454195
255753574691
255746358241
255744073091
255757135804
255743664138
255767243926
255766587092
255742701786
255757033049
255767062157
255753289349
255743431495
255763088319
255755262818
255758014041
255748226348
255743348820
255763374559
255769032046
255742253135
255746534074
255765526798
255743262556
255744448122
255762414164
255767772341
255748119963
255767151147
255766145220
255748694112
255765936017
255754672213
255759108054
255752194045
255768609400
255746971967
255769578659
255759274777
255768825381
255752720820
255762555993
255765004819
255748688264
255745678864
255758460522
255754634897
255762444954
255746675159
255764429178
255758751567
255743202270
255742070590
255748201956
255753227231
255757396318
255759529110
255745285133
255745890642
255769153593
255753085301
255744910655
255745285846
255759339012
255759871630
255766674255
255763505880
255768421282
255769175753
255744902793
255758488001
255769745397
255762617087
255763975907
255743841319
255746840694
255764667682
255746598259
255758007691
255754615080
255757630121
255769661780
255758381512
255763447656
255752000532
255767734680
255756418821
255767180198
255743385389
255743645689
255746279271
255743918757
255756447470
255764975982
255758057509
255743918458
255766392469
255745280443
255743021891
255754695264
255759016042
255765554798
255752115234
255762606457
255769571591
255745451429
255746869260
255745687793
255745812642
255742090007
255756564538
255742412414
255755750845
255769535395
255767515894
255742157391
255746709457
255762765769
255744903023
255745457946
255757528831
255765608982
255767304782
255765574636
255747710404
255768396650
255756044365
255765420815
255768509214
255758630149
255769699529
255755730494
255742350847
255745190819
255757174419
255763352831
255767474484
255745335306
255756848825
255763008658
255752960949
255748400727
255747831789
255747539502
255752827354
255766119378
255765841181
255764866516
255753111563
255767902027
255765119437
255752650539
255765169233
255745844729
255769088456
255755288934
255764283493
255745484399
255759311674
255746000377
255767741982
255747325635
255756200109
255769299793
255746243323
255747706835
255747285970
255753693415
255747687764
255768801432
255756742631
255753534766
255746477492
255767614525
255748289162
255764705297
255752015947
255746962731
255742946030
255742091835
255757454394
255742872186
255758703085
255759150347
255764787391
255769616323
255756247297
255742726869
255745133850
255746291390
255745896420
255742329269
255756542919
255765145814
255763202829
255753195137
255767559823
255762365793
255767953649
255748615423
255752074960
255742912485
255752074463
255742275943
255748127768
255764720457
255765414080
255759981799
255754589369
255752628608
255763488076
255768621835
255747936058
255747930808
255744174927
255758354320
255765705929
255769611098
255748704482
255759246281
255744031826
255745714082
255764916243
255745635657
255757066764
255747682089
255745856321
255769527486
255765822146
255756978707
255756723941
255743241302
255742332228
255745512774
255768810468
255762690132
255763499446
255758622040
255758395861
255767864018
255766115695
255767821745
255768297258
255743812824
255762563537
255757329029
255769034813
255748177992
255763813517
255755118342
255764663219
255745187792
255766264038
255744284509
255748312546
255765361775
255752111469
255742152627
255762915507
255744446777
255745403683
255742655220
255769247692
255752649430
255744030476
255744062808
255766692312
255768593776
255744535846
255767820837
255767941337
255742921881
255763569359
255766771650
255755405243
255762522962
255762646177
255769893481
255746465288
255768843692
255742873595
255744754114
255759983250
255759190327
255745142071
255745666474
255753908489
255747328524
255759703262
255742568835
255765332390
255742188474
255744088356
255754929970
255742568534
255769923677
255744081372
255768357197
255747376853
255746289107
255768650697
255769284499
255763837141
255759341821
255768558253
255752071755
255753325378
255742936550
255762558867
255745282808
255768677930
255745284036
255753242797
255742998312
255759290578
255748428433
255762804182
255768161108
255743478733
255745448521
255747910431
255763230941
255769733719
255746647807
255765783503
255766475843
255745915537
255757164188
255745288649
255763040420
255768000720
255746807541
255744675385
255764953626
255762179218
255769116704
255746615698
255756412342
255742534046
255743493792
255758572332
255769372985
255763739801
255767000782
255746747911
255744013810
255765523582
255765503884
255765935545
255757069094
255766952962
255754588566
255757928504
255742815932
255746083167
255763753983
255758604834
255767330086
255745523523
255746083666
255752526573
255769461558
255762216057
255767350761
255752972433
255746107612
255767218678
255756363369
255743588724
255762004505
255762953940
255765962403
255763025878
255743688194
255742836686
255754279731
255747292598
255767663671
255753658388
255767109704
255743956605
255767004010
255765845226
255744255236
255744512854
255767026572
255745329698
255752829708
255759621127
255763275832
255766602958
255757456580
255769270952
255769856245
255755562680
255766187660
255762993134
255754673298
255756411799
255742912632
255748206084
255762795939
255754896255
255758959313
255748741817
255764581374
255743670224
255762308897
255744415693
255748762160
255769990238
255762101220
255763003392
255742983770
255759193972
255767954014
255742953370
255742531698
255757559003
255759963275
255759829334
255754849337
255755470043
255766934767
255764624209
255766695653
255767222729
255757361523
255759233391
255742115263
255755420168
255762370892
255745305519
255765782748
255763589663
255755021938
255745975670
255742652604
255768514266
255759435012
255765328824
255745400785
255752576246
255748414323
255768760265
255762601991
255768095167
255746088805
255744778728
255742733280
255756846063
255765360906
255769460519
255744611564
255766860601
255763390006
255759095273
255743211388
255747989231
255743527461
255762774496
255764398723
255742710284
255747779408
255764992358
255742832599
255757915920
255752618757
255756029775
255742280557
255748444787
255748017561
255757378321
255743378724
255755408975
255766122002
255743545667
255742797666
255753751570
255742703834
255764674161
255744186579
255769579477
255743330443
255756303308
255748476710
255742002780
255745752623
255769542497
255769196617
255745019135
255762630127
255755041249
255769146912
255742583919
255762217205
255766451960
255743555399
255762175328
255767115255
255745384523
255759942440
255753871680
255742616710
255754645437
255758652229
255752556529
255767401883
255758755311
255742839236
255766673243
255742306673
255755237170
255752444316
255753043219
255754673191
255747219025
255765971370
255765579559
255752812957
255768414529
255747841979
255762185154
255746414219
255763008965
255743573052
255756926081
255747624086
255757470526
255757342331
255769263117
255764694873
255748500792
255755975778
255759695146
255767365435
255746103245
255758724704
255746423520
255768473010
255747627069
255768305556
255747100812
255764651011
255745697338
255742142328
255755381194
255763047533
255746603359
255744017043
255744984542
255753881360
255766860648
255746644785
255745587730
255769733192
255762423684
255758308929
255742840106
255746330925
255756011187
255743359174
255764228156
255753098479
255746689607
255755224799
255759038028
255744334808
255748207311
255768968909
255764095585
255746914509
255748361911
255748662747
255748437730
255752185902
255758290173
255759530404
255756851485
255764125679
255755072983
255742783408
255757632259
255756596188
255744103094
255767165479
255753002783
255746010996
255766782275
255756566224
255759493718
255754340269
255769628343
255757887854
255744835146
255759666099
255754340067
255744550638
255744024706
255747688317
255743453623
255767972081
255756889021
255754035245
255759540719
255752783846
255765996529
255744131695
255769231882
255759941168
255754562838
255764368832
255745308274
255765278340
255757685273
255746369393
255743072462
255744718148
255768669771
255757744831
255748389623
255757642695
255748326518
255752474310
255767528046
255757591225
255752616307
255756490496
255765057441
255744017829
255757846258
255745510773
255742357820
255763067847
255747548484
255753775420
255758379063
255752806870
255744904028
255748314447
255748069361
255756565188
255758143696
255746035451
255762454900
255752115159
255762760677
255745850869
255745880469
255767729922
255768292194
255755368180
255742151111
255762358284
255764125770
255752778650
255759638525
255742180947
255746255246
255748288022
255745840557
255753138588
255763776481
255743759956
255768754174
255747506595
255767180260
255758111903
255748106984
255743963216
255757311573
255763724578
255762915103
255742804598
255745796450
255748409976
255762586437
255745292809
255767563302
255747260640
255757027200
255766083021
255757940790
255743542506
255744937961
255765131454
255766720023
255755433406
255758972083
255765525172
255746988112
255745056148
255743099948
255756206934
255744929729
255767533791
255744852326
255766853360
255748015495
255766567921
255766630495
255753606978
255758960668
255748495630
255746334468
255744662032
255764965993
255742636166
255747358655
255757764536
255766139656
255763826222
255759775815
255744341145
255757726754
255748639509
255745961563
255766920838
255757616995
255742245564
255764554968
255769564969
255756598704
255758090167
255745434990
255746666053
255765152340
255768277739
255746052393
255753938289
255747470515
255748300241
255763760723
255757567974
255762511459
255745679437
255744639119
255768130423
255764250637
255747889040
255763458233
255746773031
255744837781
255755539691
255745345157
255768301219
255743655528
255755669990
255768362653
255765913782
255767134185
255755984008
255768965856
255754651456
255742531158
255743864781
255753843799
255767958435
255746981042
255746221306
255747088253
255767023196
255743632870
255765105039
255763847531
255767789820
255744788948
255748721253
255767191272
255745472545
255742499827
255759717773
255763751321
255743701425
255765368586
255763778905
255742245837
255744234467
255759522024
255763056979
255745295419
255758346078
255767150873
255752006556
255745630903
255763285346
255764152850
255765372019
255769367662
255769480357
255745954062
255764182450
255742170021
255753942152
255769867307
255765459495
255744040560
255764232615
255766782347
255752000756
255745923137
255745824321
255755773325
255769852978
255762760806
255753343169
255748699453
255762522361
255753662634
255763457621
255747964072
255767062042
255745748177
255757930532
255769159147
255759211146
255767251643
255743595993
255755150315
255745789143
255763781397
255758228490
255756905927
255752868869
255746920937
255763051479
255765308479
255757160650
255743375943
255764890675
255769289057
255752963397
255768386718
255747514240
255764436599
255762468171
255763902173
255759354346
255763784189
255746888770
255763120290
255743196156
255753110883
255757967837
255762180362
255764144533
255747862135
255769209508
255758599946
255768360351
255768280863
255742595131
255764669313
255762827351
255745078563
255744030010
255766121934
255768491423
255769246733
255745686755
255767100605
255747066004
255742113577
255746948302
255755825836
255747382630
255758010990
255768534411
255767493446
255769943207
255747726163
255756170831
255755981595
255762743087
255764218122
255742362083
255759907468
255763292976
255765538531
255765596634
255763518431
255769676380
255765475912
255746111975
255763986765
255743898511
255759095629
255744528252
255768428528
255752435744
255744002336
255767956572
255742001265
255743027095
255744645016
255748767537
255759439855
255755079797
255763428057
255752243375
255748433647
255753069844
255759130164
255742227432
255763051068
255759908975
255753861693
255743080007
255768784026
255758493554
255747170232
255752067955
255769252256
255746457307
255758171162
255745877990
255742959648
255753923766
255743870473
255746159200
255766202692
255746535281
255769764907
255748657758
255767195527
255746712274
255769316172
255746322743
255744967648
255765281452
255748172569
255768711202
255753191512
255756456006
255747928772
255753141118
255753773151
255766367309
255743356176
255763168650
255747986668
255765761149
255747483046
255745244814
255765950267
255759586353
255768977924
255759717216
255767691765
255764782547
255764856110
255767330362
255743532422
255757139397
255744594350
255746910940
255764861859
255766432634
255758252421
255762422383
255748049423
255759087366
255769390033
255755242854
255753937533
255763868078
255766473860
255765129446
255764550076
255747697406
255757282011
255766271880
255757156230
255745917200
255765329662
255743564693
255746039247
255743633842
255742003781
255756850408
255745339149
255744501151
255746727437
255758601262
255752291165
255747309997
255753505205
255755947797
255769551867
255745283442
255762458315
255742662384
255747925114
255748071017
255762068812
255763182046
255747270528
255742794636
255752035605
255752343166
255768766447
255758377026
255747318063
255769066239
255759319394
255756973329
255766555983
255766841248
255769662199
255743128714
255743972573
255747354281
255747441205
255763212298
255759757880
255768828557
255744978480
255766832084
255743460834
255769669474
255755387154
255767669452
255764629157
255766938984
255753453234
255763219284
255766183750
255744584667
255762597222
255767213348
255762152542
255763982045
255757869276
255759805221
255745552778
255752515914
255758132336
255747074962
255757958497
255752711101
255756857887
255769415250
255769465955
255744467591
255745887449
255743042388
255765459323
255745335737
255743043804
255753595546
255745546167
255758028763
255744382023
255767978036
255743108013
255745547813
255748179189
255763225756
255768722088
255742026312
255744590117
255746936677
255743226262
255745654112
255745276062
255766661068
255756206648
255759210208
255753905622
255744232630
255746671905
255746626835
255742520469
255744411789
255754561503
255758215066
255765351896
255745492285
255746347373
255743869736
255767985193
255747473720
255744096853
255764744062
255768915932
255763471933
255766924132
255747771172
255765251780
255752510357
255767009523
255745075269
255744687848
255765773152
255757994779
255768269625
255768935274
255752618427
255767397830
255757172646
255765348800
255766845383
255747270292
255753389036
255759886078
255767879341
255745595198
255757979628
255753795109
255756823292
255769491708
255762610622
255762708020
255762161510
255744487331
255762643963
255743356981
255762870030
255745104385
255748727675
255768442726
255765528862
255763308088
255763475862
255757133550
255745109624
255752224715
255767620746
255742336828
255769896374
255752508485
255758993449
255762186290
255748713218
255756799550
255768057961
255754487368
255759467764
255753032593
255765879351
255746051024
255756753844
255742524988
255755868488
255766113531
255753984355
255747320490
255748138621
255743581826
255743232135
255745244805
255748639797
255745837397
255757129934
255762302800
255769442191
255769570823
255742621738
255767884407
255767590843
255743187171
255764874007
255752446104
255766661023
255764065585
255767280415
255752293137
255759600320
255746992303
255752802978
255744141684
255748741385
255744996999
255757305152
255755488526
255758151854
255746009670
255762977411
255766044862
255769770059
255747702443
255768079782
255759672618
255764689186
255742903095
255765994451
255767696105
255752363286
255745453757
255746960377
255747834481
255759429231
255759813140
255748235065
255747638368
255747807942
255769564524
255746072140
255768104921
255755647821
255747364548
255758567839
255742058559
255743579647
255756902701
255742258436
255744807534
255769960798
255765938217
255742679382
255747560522
255758593869
255745666906
255748071516
255743609555
255757300954
255762586833
255763403265
255764993962
255745836221
255755070069
255748703925
255766478658
255748141168
255752254060
255764146820
255769977892
255743625234
255755496595
255759239923
255766624885
255752480891
255762563224
255745247092
255754374823
255752689417
255743166719
255758483162
255759839952
255756417181
255769308916
255757100134
255769478897
255756512635
255746171023
255764813776
255766136052
255746794692
255767262007
255746072098
255765742500
255766649281
255765912947
255769588453
255759855491
255744468460
255753499296
255768474875
255747344152
255744029300
255759446054
255769710634
255765044814
255745052724
255764847719
255768171827
255762059067
255758700468
255743277578
255744781726
255754989107
255767593150
255746527041
255766211225
255768823098
255769275332
255754012593
255766376392
255745987162
255762235681
255754256141
255766544202
255769161948
255763386926
255748218147
255748268749
255746899856
255752452177
255768850931
255755734681
255753814248
255762111982
255747433398
255758716661
255745451097
255764126107
255753108965
255752654290
255745644608
255764902885
255765692558
255747664182
255744281444
255758272028
255755359875
255747742795
255762645090
255744961576
255752227069
255745851120
255766606966
255762293881
255762783564
255759897995
255743961575
255755268019
255766776562
255765720236
255745951979
255753961400
255762369753
255743824123
255765047024
255748478738
255767581060
255756882643
255762320021
255769731478
255752353678
255752921396
255748602915
255746020799
255765044944
255742062788
255757253421
255769989748
255764438028
255743141147
255748363673
255743795634
255763761811
255768625764
255759656180
255747381649
255764552772
255765780523
255747362801
255752457213
255743614969
255758611567
255759797981
255753311016
255747193484
255744571721
255759797487
255746881146
255763939905
255769710727
255752913480
255747175919
255755721262
255769055610
255742454630
255765746312
255768141024
255747323372
255768880137
255752482999
255754236266
255766134428
255757324799
255745054183
255759207637
255743896926
746485160
255745806797
255762669429
255764773264
255755282634
255755150530
255742134256
255763137235
255759742763
255746582289
255759828312
255765260116
255755476906
255759808315
255743549498
255743282882
255763100987
255766348018
255769919574
255768656425
255753694631
255752491234
255765102639
255768249010
255756742557
255754046310
255745507868
255746844449
255767021586
255766417246
255769564880
255757408165
255747756954
255753660271
255752273061
255755803094
255763143704
255744613650
255747502270
255746899960
255764718474
255748702434
255747156034
255759697069
255757090078
255752225748
255745330940
255744402572
255763079763
255742811580
255763034862
255752554778
255747180557
255762007855
255768683976
255765901756
255769385001
255768159489
255747187284
255747543613
255745070832
255746839194
255746859494
255743800375
255769266630
255762011062
255742560131
255745664523
255748111623
255753617536
255758583787
255764612079
255768046196
255742489937
255743970495
255768375451
255768375752
255755452394
255763795268
255747638000
255745250263
255743607300
255742030652
255766087143
255763839011
255758322546
255744122803
255747112803
255756410933
255744157478
255743097848
255755184726
255764987360
255747622910
255755184420
255758130048
255769749672
255746808172
255756678451
255758203368
255747926870
255769007800
255757225264
255765300102
255748659880
255757255901
255764897795
255763235630
255745306157
255769946364
255745433173
255768968473
255768918173
255746300886
255744241297
255765531139
255755548291
255742045680
255742484673
255743693535
255748358676
255759048273
255753369518
255767684353
255767816825
255744575469
255763801620
255768779192
255755884519
255755965318
255763225460
255766989851
255746716799
255762845561
255745536991
255742622145
255743708943
255766047748
255742521578
255766826738
255753338261
255766380491
255758678917
255747674846
255754298433
255754810857
255745642219
255768317945
255745532945
255742807192
255766556949
255748379623
255763206832
255745132159
255753981196
255758539022
255745690534
255748291206
255765190924
255769222653
255766968296
255752372276
255763160759
255753897789
255745727802
255764707750
255754257108
255769278860
255759416384
255755539505
255747654881
255765525811
255743922452
255747523800
255757169150
255752846054
255752664734
255765347653
255763096668
255762917957
255742402091
255752720316
255742547260
255763219756
255754685876
255764465116
255743343870
255748210222
255742901938
255762495507
255768859028
255769436665
255764775997
255742852414
255748294218
255742343642
255759198717
255759215884
255742320205
255746668662
255747549733
255759824227
255747304700
255748315585
255758243950
255756824618
255745837315
255748150340
255767314865
255746609806
255743503135
255742896499
255747814885
255763730165
255747447328
255753092660
255762380041
255753042460
255762176473
255747728478
255762257315
255763173807
255752991385
255765990849
255759653242
255764106449
255742041215
255746352328
255764989029
255759087615
255746054351
255755320859
255758398235
255758333250
255765130811
255762719527
255769971674
255743345868
255747719542
255743656734
255743290836
255743578730
255762303834
255769843876
255746684283
255745939757
255744228548
255764219929
255768209264
255748479797
255765079139
255747700552
255742248060
255764005399
255763004250
255769122795
255764192095
255768917079
255764453601
255757733608
255765040727
255768122036
255744545545
255766056205
255757939579
255769490982
255742526855
255743871419
255756969959
255747836711
255747288931
255758167752
255766711022
255742422870
255752145084
255768900904
255769268812
255744857864
255769237970
255745504890
255745893937
255759919242
255746528676
255762394931
255744979618
255747245253
255744376980
255769829772
255745811886
255742975360
255745584244
255742938153
255766177595
255756047788
255743228150
255759873234
255752212461
255745116247
255756364842
255742724644
255764342440
255745655592
255752859133
255746145899
255747482283
255765818272
255746063042
255762977031
255748189790
255747934774
255742419186
255769496926
255767329167
255752749390
255764771718
255763482853
255744301232
255764708414
255746288142
255763534711
255758099843
255769738414
255747764511
255752576480
255754346041
255748414830
255743432942
255746910641
255763307968
255767114344
255756805019
255767204042
255768495295
255748662429
255756838221
255758106840
255767371817
255759205769
255768341113
255768440798
255762513691
255745634565
255758162840
255768103497
255765740797
255767754424
255742672100
255747956712
255768217191
255764915757
255769177665
255765795982
255765652790
255747221726
255752503976
255764303930
255743309614
255765600134
255758384497
255767916689
255747242304
255746295533
255764926689
255745240092
255769770003
255758582392
255746494319
255756183434
255744353646
255766296530
255752584030
255754587940
255769127798
255765492106
255767871928
255764916524
255743473775
255743703134
255769286315
255763043263
255744925302
255757016389
255755035196
255748621710
255757571910
255757695167
255745871892
255765872015
255759564581
255757488495
255748622497
255744154263
255743543249
255768561242
255768926254
255746721456
255765499468
255745552947
255753463479
255767711866
255743616892
255743517364
255768445092
255763187574
255768612676
255747924835
255743105309
255744053199
255752317035
255743570601
255764624060
255753533457
255744394816
255758253725
255746796820
255743310365
255744453628
255766358818
255754287629
255764587822
255762361239
255765522835
255747169574
255746318769
255767580555
255748189161
255752297761
255745330235
255747596279
255756353431
255746616905
255753521395
255745870628
255766914297
255765441239
255754424894
255757576250
255758198992
255744572017
255743611852
255744819407
255748086550
255767346310
255763880783
255748669437
255746580379
255757143672
255742439966
255769582750
255755228913
255742519049
255744922994
255767872417
255747361991
255763287189
255758638563
255743473205
255758531864
255754614101
255758149064
255756579719
255769922251
255766191826
255769280438
255742649540
255765085411
255747447564
255763976449
255745612940
255748772160
255742899386
255746641415
255762890468
255748295537
255744217748
255752755348
255765855057
255767728984
255764757622
255747112765
255755073689
255763990746
255745173541
255755418034
255765480977
255753643479
255766658818
255766126491
255758476863
255746606125
255753389508
255753461825
255744645781
255768329093
255768457321
255769716552
255753702512
255758732910
255742195271
255745638943
255769288521
255755801213
255769778731
255757379837
255745268786
255748242620
255764884436
255744159320
255742993518
255752108597
255752546086
255767740905
255742050733
255752368177
255745407102
255747594140
255743683385
255769099455
255762896346
255767654700
255764554206
255752863380
255765624128
255744311765
255752715130
255744826348
255743058478
255757981345
255762520081
255745363866
255768719895
255759944973
255754451309
255742586916
255759487072
255746460273
255762785927
255769585828
255754227340
255767311174
255743838852
255762902243
255748291356
255744905432
255744311024
255759611389
255745107567
255748278817
255743268317
255758487650
255768676323
255768696023
255765452564
255765853764
255769667856
255745997441
255748764146
255754286953
255744511921
255745803629
255743258363
255768399601
255743543347
255765757684
255764233826
255748129813
255765787284
255742932808
255762917578
255759682159
255766232995
255744594201
255757765828
255747725029
255747542840
255757578357
255766550883
255766184776
255763017126
255753088928
255766584442
255765067299
255763950741
255768750385
255745740771
255742717556
255742683725
255744238404
255748362401
255764164263
255746455156
255768757855
255767908133
255745096637
255753213972
255745219539
255769978235
255745978638
255745874903
255743875296
255745718411
255768507226
255744405692
255742477652
255762663749
255759922390
255744459238
255767454034
255766126482
255745136465
255768387534
255768076450
255768099637
255757768726
255759431386
255753898391
255766290079
255762302129
255742533752
255752756589
255746829161
255767014018
255744830135
255748159561
255766776300
255744242170
255754541109
255758983045
255765261024
255744495068
255753610167
255754915861
255748380640
255759990816
255752543803
255744538309
255765656366
255743300741
255767159274
255755371864
255755489541
255748264810
255746314435
255747200358
255758602072
255748318279
255744010164
255768713105
255744516797
255763233993
255769929862
255748701042
255743487708
255766441002
255763361069
255758036021
255753871932
255747555882
255754067168
255764911992
255754017562
255745423073
255767839086
255762760049
255763344091
255752275322
255746591516
255747513094
255769829288
255754745486
255744032009
255769027025
255758378483
255745488213
255756032553
255756747107
255766685751
255762895558
255758194484
255747410052
255768179512
255762489345
255746062344
255768091833
255748767778
255742192125
255742942153
255743960472
255743009231
255746039238
255755180937
255757295953
255757905388
255764968906
255746557623
255766019210
255766409373
255756548280
255752283806
255753987206
255756340658
255765177735
255746829518
255763462328
255765104390
255743547411
255757056144
255759026444
255757696910
255762664807
255747377183
255745052207
255754625708
255754046447
255748158138
255764388622
255746822435
255747708110
255754606573
255756541871
255744088103
255758723866
255767421389
255742682330
255743579200
255747956008
255753195005
255747013983
255758703563
255759651472
255763208864
255769662899
255762885736
255768011831
255742924817
255744271474
255759189834
255762137099
255765816011
255756992708
255768145383
255742295300
255747845757
255743559950
255756370363
255766173577
255768955139
255757782875
255756751255
255762551750
255764152973
255765134916
255748096124
255763902779
255757124199
255756992154
255766085618
255752931272
255764864193
255756751640
255744217126
255758990029
255752056872
255763768091
255768568212
255769196184
255747957614
255743081410
255766166548
255767520643
255746844814
255757400811
255746347034
255768618950
255752136451
255743844460
255763780761
255748339421
255743874862
255769895433
255763785122
255747708799
255742194419
255752999289
255745255925
255756316667
255756433718
255747834376
255762203126
255752688411
255759298340
255765588520
255769877979
255744521836
255747361975
255763861670
255756836389
255766818778
255745448103
255742705623
255744889308
255745905833
255742690940
255748371843
255765739903
255768073424
255757542402
255752672268
255742057065
255767641175
255769837206
255769727793
255743463430
255766296106
255752350705
255743160777
255769927428
255753552659
255742150868
255742788951
255767429589
255768594124
255758320626
255746689711
255742210413
255744117796
255753724251
255769437211
255745708875
255754850263
255747624163
255743368764
255767574330
255752922097
255743427621
255742275504
255746152829
255768772937
255744583587
255755072813
255764739902
255747216987
255754604750
255744480201
255759244929
255742337309
255769562729
255745584852
255763259440
255762133825
255745227906
255745408041
255743458745
255756671458
255762156066
255758685289
255744943735
255745465900
255742550262
255743475502
255747077312
255765060757
255745628657
255759448037
255769780062
255745615897
255767123282
255767752682
255752314861
255747158379
255759074219
255742425102
255755504805
255746340904
255767642796
255755158663
255756177901
255762326348
255763892294
255757374091
255766967605
255743011962
255746958468
255764890232
255746980496
255758270951
255757615148
255758665038
255753151095
255742244971
255752166506
255743450115
255763263455
255742888179
255742057257
255753371193
255745231224
255759488771
255759488975
255743354873
255743981637
255742074981
255752028609
255744226742
255762172700
255747163489
255744123689
255745242553
255753558207
255746846453
255768156974
255747152089
255747491506
255767018489
255769327913
255748715230
255759408028
255769201972
255744292648
255745225458
255746285524
255762699744
255742180830
255766375670
255766150934
255754845559
255747765218
255745024993
255744596402
255752153753
255747302669
255746473916
255769760177
255769853119
255742042503
255745920753
255765883940
255756682331
255765043054
255753107624
255769443194
255756723717
255767525572
255763535109
255758737566
255744785642
255757019880
255764153222
255748074015
255768398663
255745138173
255758472143
255762117674
255767859606
255764947740
255766594607
255742553961
255765510024
255769463313
255745093839
255768579288
255757408873
255762184829
255746147457
255755490201
255767397953
255752978132
255757007253
255743266428
255759257950
255766292059
255755228301
255742101208
255743785978
255743034061
255762648722
255757157278
255746796539
255745884292
255755982435
255743164318
255748209047
255745768018
255769361306
255757422456
255747387930
255766472060
255766669362
255766359430
255757546298
255755636423
255743010876
255757524517
255742477576
255745940832
255742687754
255765039138
255766974300
255754549303
255769847389
255742095444
255745503541
255746013249
255759072923
255745375478
255758778330
255767519995
255758213630
255767555588
255747324322
255743374196
255757479689
255765425386
255753868857
255765788624
255762522406
255769310880
255759526514
255765026053
255756317916
255769349137
255754602859
255762862884
255767187756
255746110014
255759148185
255748135068
255748223542
255743722619
255744367769
255743430591
255765479318
255745670924
255763429389
255748264399
255769569379
255742067234
255745484584
255766086736
255766898730
255744274774
255748609603
255746552662
255769435514
255765031338
255746447139
255765362127
255764693401
255746613057
255742040247
255758375724
255767592729
255743131736
255762088956
255765633629
255764587666
255746867228
255753493448
255766045503
255747986873
255753688629
255757116851
255757862224
255759832420
255745571793
255769247315
255757895333
255746956274
255742237825
255765722374
255743827457
255757456488
255748022156
255748231103
255765877242
255764442370
255765290643
255747845655
255764296373
255746777833
255764481987
255757292175
255743187381
255752661748
255742566912
255747587669
255766660004
255759489077
255747978396
255769679878
255747495252
255759463429
255743226809
255747410188
255746451242
255764084989
255767092487
255745366650
255757958692
255764195004
255746753059
255748227805
255747269418
255764387563
255745859906
255746862639
255765964711
255742117354
255756488257
255758424038
255753056305
255769324942
255755445928
255769473661
255763319287
255742784309
255768045398
255746951231
255746537423
255743620293
255769822102
255764480457
255748703584
255742552407
255747330205
255767763413
255742943261
255744758794
255765970814
255748197051
255764903340
255758600199
255743995111
255757248913
255762330449
255768223462
255752632488
255747533604
255763892974
255759524068
255768239427
255763812741
255756914063
255769959592
255756704199
255759921259
255766266545
255759921057
255744057808
255757514010
255758580693
255745685371
255745009649
255757183895
255762580490
255748761175
255759796793
255759311429
255754264251
255748650547
255767578437
255754340035
255767446113
255743088403
255758396849
255754682351
255744227681
255768179480
255759964219
255752200564
255768579787
255762764286
255758007771
255757072561
255764812932
255746667430
255752340361
255744407673
255748632151
255753003455
255757153553
255742928744
255743888585
255745373719
255765108735
255765762828
255767719179
255765388964
255742049050
255768753469
255757623319
255764899692
255767889692
255755279475
255768682846
255756861938
255752891951
255759600481
255768095645
255767039894
255743965136
255742138154
255755951336
255745269489
255769269008
255744750649
255768069374
255747942449
255759277958
255754469722
255744675862
255765799846
255759480069
255742442866
255742077675
255747703886
255745108575
255745238666
255744845047
255768671338
255745846818
255769664339
255757647813
255744652748
255765938629
255753878604
255742196601
255753219236
255757149109
255745916921
255748201054
255757043969
255757697532
255763936860
255767815237
255747433989
255756841777
255759667230
255757977826
255767248324
255769907191
255753960623
255765061855
255769139788
255768847641
255744698060
255768450177
255766636367
255742585204
255762816715
255753419191
255754041214
255759646018
255768755539
255752990003
255748319507
255752990205
255763006813
255748237793
255759812350
255743913443
255745137048
255754668891
255768237347
255748612583
255755240442
255744761202
255744111711
255742969176
255758004220
255758594964
255759483648
255748229731
255769627914
255744672454
255744095142
255767669785
255756769332
255765859599
255768649878
255756302252
255762779784
255769985378
255744687191
255747962677
255745660570
255762749384
255742248274
255757839005
255748247529
255748010946
255766436503
255754692796
255764499920
255763753318
255752138378
255747763995
255763390850
255767724543
255766568545
255742943065
255765862017
255753584754
255765296323
255748251182
255769520464
255767590920
255746283579
255745685053
255767268889
255742195352
255767240093
255748696828
255768278207
255753426061
255763351908
255757531285
255743616004
255754362998
255756218117
255766297999
255767004490
255742434110
255748136901
255744510063
255752572477
255763235164
255758482089
255768882938
255763504132
255758088058
255752048020
255746856753
255748263181
255752914533
255758424265
255746066550
255758217717
255769095679
255744636680
255765106888
255754072616
255763975926
255743866833
255762506241
255748288826
255769465373
255756603549
255746464929
255744611472
255757136688
255755509524
255746483238
255753879998
255743542526
255744013330
255748234731
255757101489
255766881063
255763511574
255763172990
255769837533
255765871994
255763889215
255746285109
255747802933
255766194792
255762279189
255743431894
255747615216
255744625216
255742123667
255762306731
255763269969
255768303134
255746746057
255747478170
255763201274
255765189033
255764726786
255762742951
255746891516
255764978367
255762697497
255747118027
255762235760
255766749150
255748429832
255763878394
255766082880
255759905400
255757377878
255742747926
255769808281
255753284269
255758027907
255742965777
255769885438
255748165832
255745993593
255747477289
255747208662
255763050405
255746014395
255759599764
255742476577
255744622870
255759820783
255767713568
255742384232
255762299362
255757175216
255742968978
255769558490
255747933072
255747939732
255769231827
255755192488
255763577813
255748278466
255754583548
255743586124
255766833774
255766392823
255757834756
255763047576
255768007876
255748333033
255762259677
255767400316
255763077976
255744352904
255768525123
255766134685
255744136411
255764551060
255767916128
255764906817
255769462731
255767777167
255767602093
255752547463
255744507467
255766744040
255745401984
255769956618
255767945261
255757818947
255759112565
255745295224
255753223403
255762867099
255762895474
255747057060
255744786317
255755747162
255747053301
255746599941
255758613427
255755005917
255744943515
255743158889
255758606572
255756481940
255759338232
255747951780
255763945790
255744148608
255763570070
255757930166
255762410366
255768522152
255762086131
255758969390
255752675921
255743391024
255765537234
255767888089
255767931343
255748453630
255744758175
255745206221
255759978278
255767941150
255753824668
255747985554
255746244867
255747191527
255767629759
255746789021
255767974842
255763378507
255755115986
255742265825
255753290736
255753195386
255748466218
255757304311
255759158473
255759981056
255744992162
255747932866
255766044336
255758427158
255744619833
255744856306
255742456096
255756289115
255763497307
255769533931
255763854061
255748739956
255746255055
255759509394
255742272555
255762205407
255747220822
255764296255
255758572644
255755972640
255767286255
255748443889
255757867261
255748140444
255757995024
255757945727
255746932071
255746671557
255768284263
255752582769
255768723685
255757073663
255763839016
255757142025
255758043607
255764371846
255747485606
255758234579
255748454500
255762522639
255742635241
255768737703
255759048607
255759942422
255764618325
255754842402
255765797201
255746500352
255768376833
255765356936
255743463647
255759922287
255762262157
255757982384
255748253441
255759974040
255745612630
255743627822
255767631010
255766787753
255744141210
255766952965
255742791829
255765522301
255742513820
255743010522
255764833198
255756180995
255765540445
255748326332
255766501937
255755796770
255752402478
255769451160
255745170032
255766353976
255763941706
255769681520
255745090417
255765084592
255769805909
255766472558
255759691679
255747220211
255765321401
255748190478
255757277723
255755669185
255743002129
255757242031
255748748683
255756959532
255769024657
255755751051
255758128775
255755922800
255748311236
255755378133
255765693754
255747936184
255768083790
255744873968
255752475057
255743459111
255757121789
255768273562
255768397851
255742141357
255766217451
255769969741
255744610956
255744085327
255742763337
255746423171
255753404593
255754931169
255744849007
255747907050
255758054185
255747173726
255752833784
255766687915
255742087345
255744930109
255743522357
255747337258
255744034388
255752566479
255762293297
255768357405
255756350311
255767968625
255744545197
255759449095
255768377152
255763164946
255753171984
255744268712
255746695710
255746694564
255746188444
255747339640
255755389224
255742175696
255752513093
255768259775
255762656062
255765572774
255744281224
255767926996
255767335883
255759749942
255769353336
255747903697
255767988302
255759911636
255769173866
255747791754
255747759764
255769746555
255746047325
255747075299
255763874385
255752788605
255765604064
255768052918
255763426518
255764404443
255753488266
255745989447
255758265313
255758979001
255764860482
255746018049
255766036202
255762530968
255756120077
255744242691
255768624278
255768298881
255755989645
255759866527
255747282492
255748161571
255765675429
255747825679
255767466835
255763038628
255769134490
255763478643
255756703165
255743658925
255744565336
255758086178
255756463739
255766131356
255759002640
255757464147
255752167733
255767320931
255758672869
255764931276
255745874671
255759139362
255766828353
255764803872
255747538871
255767710251
255748713514
255748250383
255759680320
255758174225
255754758389
255743791968
255762184357
255764307124
255758785383
255743216908
255765665789
255757553625
255759647135
255756678869
255768816825
255744504550
255742398803
255769610830
255757313808
255766808936
255764315558
255764365657
255766156290
255744006341
255746973862
255747016541
255765458920
255765641216
255752326283
255745752680
255756539524
255764800241
255762336243
255748080248
255769377003
255768697507
255762830812
255765198109
255756775344
255755861982
255763708738
255766714665
255758764645
255762860460
255764386189
255742510492
255743119695
255742694543
255768961027
255762193507
255754249937
255744139752
255743887648
255765723792
255743378269
255758482559
255752342674
255758771576
255769151729
255764707621
255759582586
255759685639
255743788637
255745988479
255745888962
255758411201
255744407556
255747361572
255748399351
255759341652
255747721249
255747611164
255766283276
255769512868
255764256855
255759195347
255767912337
255759483196
255767668744
255767616214
255767666314
255762099542
255756957864
255756321174
255768447384
255767073261
255743372011
255759068141
255747423019
255753147879
255745555723
255762145395
255757498210
255743028938
255753880594
255745450228
255767485085
255759170402
255756280145
255745899257
255756575448
255764441472
255768015528
255767926176
255759000546
255769244010
255748684276
255747550425
255768261206
255746924994
255762639346
255763778208
255747619675
255762603817
255766586521
255759124046
255755019800
255763238817
255769600643
255744883081
255744966431
255748324550
255746220362
255759963730
255769908798
255762948858
255752177944
255753205151
255746006776
255765305236
255755962317
255743228325
255769171344
255742517028
255745150262
255769442782
255764462163
255766475589
255745866829
255756360401
255744353439
255743059748
255743089543
255764561981
255764055342
255747139103
255767909013
255767345774
255742391137
255745535375
255746920907
255758133127
255748009294
255763527928
255768320627
255767581214
255757711558
255748454368
255742177824
255762406378
255766864346
255753685448
255768265872
255765617385
255747582932
255744565236
255758238826
255768523954
255758750811
255759306539
255747424596
255764534589
255743660303
255753474436
255759264235
255766387324
255754832310
255768082540
255769665802
255759816372
255767960849
255742925161
255759617067
255747667250
255748338332
255755860336
255757282213
255748144226
255767835984
255744737368
255756632942
255747252547
255754459043
255744042666
255744015728
255762066148
255746769104
255759745373
255758135191
255768535993
255755089836
255756720208
255744260956
255768005913
255753466028
255765080428
255769056957
255764085024
255757915944
255766165677
255745894533
255759099609
255763325190
255764026596
255766431835
255752610745
255758201117
255757689291
255742853887
255759077024
255743030472
255743350483
255764467792
255762407162
255753410523
255742527597
255765114959
255762182110
255745854391
255743144453
255763760395
255747694651
255753281882
255747794793
255748313885
255746570719
255758176547
255746781479
255759553499
255762551281
255759855052
255748747627
255768614462
255765466406
255746991563
255744627817
255763187438
255767665389
255747617817
255745854444
255766617207
255747966203
255757028498
255769322067
255756862439
255763128607
255755258623
255744880115
255759856009
255758674265
255764238844
255743576692
255757499258
255742213909
255747808491
255759469958
255762648209
255755295834
255744388479
255744239988
255768922418
255744295051
255758287055
255758533522
255768334289
255764384173
255765916647
255758723811
255744660381
255755755919
255752196505
255745777156
255742529735
255766632949
255766446943
255752408390
255757154926
255754895288
255762242965
255754828181
255769254462
255755694580
255754699422
255759629622
255746927477
255743566465
255766759609
255748702144
255753443086
255747292272
255744702433
255746890785
255747041504
255759063497
255747503129
255745730752
255755393065
255762104718
255744513724
255767743901
255767665629
255746177285
255757593009
255746461650
255758202919
255768649038
255763378909
255768286830
255747727358
255759548891
255755657339
255762494420
255759696417
255759186629
255769862457
255748068644
255753594520
255754769289
255744683171
255764273913
255745519270
255746987108
255758976532
255765189759
255752425077
255764952186
255753971732
255759326259
255752259981
255752815851
255745336834
255746284935
255747937368
255746837707
255756752749
255745313251
255754645629
255767679505
255746379214
255747635690
255742176287
255742531753
255745443606
255759558035
255759486947
255762685489
255763227548
255764726012
255768101884
255768945926
255747599730
255744030862
255754822176
255744050063
255756905939
255747549132
255759244475
255745731872
255763412866
255768025057
255769716527
255769576542
255747077190
255767823895
255765905113
255763955513
255746049347
255759044141
255747439171
255745639150
255745504064
255762295739
255759717430
255755195202
255757569793
255763419833
255743371537
255766184279
255763322794
255766431947
255763820329
255756218608
255753047271
255742170495
255754970671
255752071417
255753401510
255744084805
255745741066
255763776424
255762120856
255759473159
255766782921
255767138640
255769931091
255759347621
255762571765
255769478407
255752339909
255752363776
255768839519
255755352645
255758408225
255757577597
255766843377
255768282964
255758713139
255746732641
255743326113
255764043062
255767166239
255746022394
255767083569
255764051428
255768626543
255747528282
255748704059
255764399613
255744607968
255753957875
255768642605
255742079949
255764802488
255764375730
255747532751
255744714406
255742581521
255763331688
255744290637
255742424428
255757605735
255764036098
255766077555
255769261132
255768233355
255753879898
255755254890
255752473424
255769500786
255742291653
255743920142
255747577833
255742975833
255744330660
255762417189
255762771215
255745082091
255766782799
255752121238
255745938846
255766239471
255757470966
255763853341
255768388223
255759052093
255762312478
255743059578
255743811937
255747990651
255764235791
255747206418
255764033282
255745997091
255743625384
255762745543
255755560521
255744981113
255744531811
255743565999
255746028666
255768190741
255745539496
255752234254
255743451899
255752061688
255763294054
255742044933
255745289828
255765613402
255744764259
255748270213
255764772520
255746145226
255756515756
255743489404
255763084387
255762996132
255756292588
255747829152
255758685528
255766194590
255756282578
255766129788
255745003861
255766529817
255764853759
255753798280
255748630140
255742450963
255752722789
255745115624
255769801274
255764442689
255758426905
255767428359
255763243038
255767486901
255748255843
255765139392
255745697921
255763119797
255764132438
255759364274
255743581100
255766886240
255762579442
255748318058
255755466109
255758679170
255743442170
255758072683
255769167518
255742243525
255764395716
255768578219
255745477739
255753538674
255757380931
255758592136
255744223278
255763079401
255744871963
255768697277
255762254861
255745608134
255746945083
255766015312
255744661531
255759660037
255769652095
255769339074
255746095946
255747192928
255769215635
255742931450
255757899446
255747906948
255764783147
255765775225
255743699905
255762103287
255762821822
255744682379
255756240685
255763947761
255745182112
255765477647
255743220802
255742582716
255752657857
255762066132
255769934603
255747655128
255765802923
255744279911
255742701556
255769209438
255743498033
255746526480
255763456697
255743999478
255767766128
255748359659
255746071634
255766085726
255743735818
255745244734
255768967135
255758042024
255765456978
255765493705
255762915001
255762036956
255763965380
255757732809
255768173457
255743733409
255747046155
255769003667
255757987036
255757957635
255762854183
255744172447
255752921120
255767827004
255759150283
255767477930
255762931019
255759775182
255742219469
255744212232
255742630509
255755288151
255768679278
255757659790
255744769286
255768054967
255743658556
255768849284
255758100485
255758658868
255755995161
255747669017
255769779794
255748325159
255743445498
255757962653
255769749164
255742542698
255744561036
255748678298
255768839364
255747185197
255754236079
255768913627
255764912744
255765177411
255744002574
255752558748
255759024387
255763107911
255759920215
255744213382
255763031103
255758306037
255743609921
255747203083
255755722237
255767092754
255766651151
255769961518
255756174247
255765157196
255762212649
255752483207
255768252378
255743998517
255759514687
255742965537
255759306239
255768244233
255759441678
255743367303
255755202304
255744553661
255759046790
255766566888
255745357403
255769502581
255762079066
255756542428
255742429852
255743953793
255744759734
255758596581
255744121390
255742469747
255762873149
255745115013
255745146952
255767783761
255759116691
255757745927
255755516547
255744801864
255753330584
255748081933
255746182357
255748284334
255759405175
255756318485
255754279178
255764369194
255744796898
255752996657
255769801440
255766240681
255748747321
255753709689
255767007590
255744481814
255753973260
255768947858
255747344802
255743239098
255747333740
255746750482
255745005531
255744782129
255764138909
255747638853
255765538051
255743225759
255769727378
255767370023
255748169678
255769013570
255769942018
255745291036
255764902056
255763154243
255757433424
255754941512
255762532536
255744774085
255762561152
255764380838
255754985993
255769428087
255762036528
255753861888
255769559335
255757533484
255746894618
255745858836
255748255686
255744562330
255742533410
255759676060
255752493969
255755947879
255744054870
255767743774
255759577688
255748153246
255759178895
255766454153
255759357725
255766751915
255757107964
255743068150
255754339538
255754997115
255748086101
255764258447
255752601679
255752744206
255762542091
255757454189
255757169324
255753944200
255768743369
255743290333
255768740462
255768287256
255748164613
255756761951
255746858644
255747772415
255764867740
255767690194
255769269549
255752645375
255744969887
255759797458
255766799574
255765078724
255742384871
255752168006
255753864679
255762831852
255753876319
255745411397
255763288648
255764010627
255769614299
255748123493
255769737809
255742723096
255742798670
255767000479
255742874791
255764621262
255755690179
255764217384
255742594961
255759905201
255742107835
255754604312
255743574398
255758770708
255743702438
255764225393
255764205597
255769888406
255762201292
255747272304
255769187093
255742142840
255758078069
255743767696
255763045815
255748004449
255759927741
255748139535
255767795339
255752581061
255755381771
255745489667
255766809368
255765833418
255757667608
255755355463
255743584393
255743436334
255764673208
255766428960
255759894023
255767066259
255755286420
255768282049
255755023111
255757265597
255762191932
255745744172
255763332196
255766118708
255769755467
255768002382
255746473273
255764385208
255765465386
255743054217
255769934485
255757620142
255748060091
255747067011
255753585546
255746659571
255755867986
255756274664
255744374289
255763062592
255742125180
255767877449
255763877205
255742774084
255754813330
255759481605
255755178020
255752716065
255767728798
255754057702
255763425005
255759615364
255763292213
255746253705
255755535816
255763461364
255766393580
255757066397
255759807047
255767837791
255743793264
255744025812
255768764309
255762608447
255744829383
255744241867
255747558944
255763061967
255752654979
255755014246
255769390829
255769725671
255746877921
255757373275
255758059419
255759395561
255756733465
255759698788
255769113984
255768533381
255768583180
255747032495
255742501563
255746509428
255752842864
255753691355
255747892808
255742456165
255757512131
255754522131
255746174391
255757552112
255753975946
255747358035
255768079479
255753210094
255758096152
255742410468
255756271442
255764924023
255756601430
255757367384
255756988024
255763740929
255765394422
255755344949
255756633799
255758101238
255743746917
255756724082
255762979802
255742982210
255768236329
255752049458
255764068716
255759877928
255746027293
255752176050
255765056613
255769816647
255756494984
255768465624
255768203677
255756996965
255752259093
255768134228
255758159228
255764275131
255766244273
255752536561
255754084801
255763365201
255768356872
255764260583
255758790144
255746929438
255767254062
255753692714
255752636426
255745035716
255762427569
255752546648
255759093293
255744933232
255745814247
255747084130
255757023793
255769133414
255769177380
255746878784
255744094130
255747698525
255763036558
255753661999
255745758353
255742555023
255752552264
255743033978
255755821917
255747140451
255746076759
255768534168
255744443878
255765359363
255758102081
255768934322
255744750209
255762271209
255763009146
255744408302
255768520942
255763269588
255753655159
255752873568
255768971719
255742657812
255766454525
255762033022
255747624146
255742506626
255763949064
255766560626
255746823941
255759713885
255746816794
255753464026
255759282114
255758292329
255759576178
255747505655
255748206247
255763505978
255743032759
255753963622
255763543953
255768430661
255757117834
255742869337
255758524382
255756017033
255753722843
255762734061
255754612882
255759982780
255744347773
255758599549
255762097200
255745046382
255752989278
255748346030
255767738958
255759805283
255748141938
255744257162
255756623236
255748141736
255759859447
255742914427
255752001579
255743147549
255742170153
255747639528
255746017767
255745006997
255747287912
255747100985
255757370498
255758197610
255754516902
255744149737
255745624974
255763394915
255766409423
255762009903
255764351817
255765463362
255745033696
255767860797
255765387224
255765799052
255758693067
255765707626
255754979819
255755439418
255758658375
255768330972
255753693714
255744225638
255743506580
255745496183
255765645739
255753146354
255769688007
255765173787
255754235140
255754642268
255754948504
255767639578
255769713626
255758468104
255744740647
255744021385
255744790747
255762128425
255767723539
255768574900
255767900496
255758577240
255762182644
255743851784
255743635989
255742858364
255769970268
255742362126
255766428224
255765633753
255756424847
255743335542
255745595020
255769943790
255764994322
255742085627
255756016077
255745206010
255763348984
255762531248
255767676232
255747239944
255764240609
255742751166
255754288841
255768191433
255744961511
255764902656
255744909099
255759081987
255744152074
255752614704
255758775298
255769932656
255759467569
255763021259
255764353756
255764383356
255746141644
255759317500
255743170145
255744073740
255753813278
255743260190
255767438967
255742980836
255742348966
255758471311
255753890846
255747630110
255746716657
255764927048
255746923866
255767297396
255763805312
255745112986
255742584676
255745040446
255752060559
255743564353
255746194880
255757515480
255743284460
255754602531
255743280368
255743468625
255747163375
255762273856
255768881107
255769380383
255759926311
255764320683
255743586942
255743026808
255744853170
255759334369
255762913782
255762226692
255755412683
255768426256
255745895703
255754777298
255767567292
255746971671
255763722089
255747271023
255743875756
255762342417
255757902879
255765841940
255767581918
255748003615
255762572661
255748666183
255765400358
255742345970
255742114995
255742745126
255746736834
255764749272
255758080587
255763834665
255759513492
255756879760
255767557124
255752464811
255748230039
255747303613
255765594942
255756616851
255765507439
255766871904
255757932898
255746836002
255763182801
255742371228
255742988195
255768369948
255755715930
255753438196
255758468399
255758570152
255754862175
255762184224
255767240349
255744129324
255747119324
255766229556
255763288651
255763882352
255759023329
255764348345
255769882386
255769308543
255762669433
255748235661
255752208913
255764536814
255766658741
255745752941
255764877287
255769323902
255757750085
255756971849
255758659346
255765650893
255752549859
255743364524
255744542004
255742005524
255756469189
255748645757
255758689945
255762732595
255743286089
255756951166
255742253949
255746009348
255759633060
255767527961
255746145692
255757294411
255762707209
255746900240
255762962195
255768079326
255768303178
255743061958
255767964135
255748146908
255744777412
255746887095
255755640377
255752758681
255759642959
255756748212
255752876939
255745838645
255747882598
255764949153
255753261023
255768348496
255753358690
255745194083
255765009409
255768450843
255758288993
255744889819
255745612196
255744140133
255747670193
255752608769
255742297181
255752911292
255752804070
255743486887
255767606234
255752465423
255758098456
255747521643
255747329006
255747613322
255762372356
255758438526
255742005298
255754017712
255753225367
255753408292
255769492501
255744392093
255746940742
255768581484
255769027183
255759373197
255745256321
255768851860
255769553416
255745234096
255763466554
255745256523
255766270775
255766201048
255762083156
255765576061
255768969126
255747639104
255756338900
255768827099
255744780962
255762357455
255752315008
255744386287
255754370793
255742918934
255759759479
255752899777
255745271753
255745271457
255762973746
255742108391
255748430815
255768037113
255764109328
255759300629
255748572426
255769951323
255744693863
255766476922
255745834981
255747331171
255762188582
255764707926
255767926776
255767850234
255759545687
255755428266
255756912660
255766159680
255753171222
255763297344
255769815926
255753073241
255765471695
255764338656
255767761762
255743485826
255762296561
255765938341
255747948419
255742070672
255742544889
255767299736
255763920465
255753637724
255744052831
255744170944
255765970463
255752921943
255765090490
255769132666
255765759889
255745290327
255753762491
255757546065
255752051469
255745571651
255767314761
255756655980
255769241753
255762772311
255752450236
255744783637
255766646285
255754088358
255746052254
255757748084
255752758896
255743302244
255769489622
255759147822
255752923956
255769685652
255753562725
255752458618
255752163239
255752062531
255768313245
255744034595
255766210245
255755155506
255753929159
255752744926
255768064526
255744959409
255753907513
255767079404
255753428423
255747823506
255757970581
255748176236
255753537578
255766342753
255758217478
255762018730
255747343419
255754496685
255743342691
255743739998
255747870963
255746503305
255763347361
255744812517
255755876516
255763261241
255759377128
255742086774
255742221602
255765260642
255765403189
255755756859
255758749251
255748356519
255755506953
255765305911
255766236713
255767681334
255765663072
255758152460
255754293406
255746806295
255757611991
255748339262
255763721057
255754506184
255759627848
255762974655
255768912641
255769505110
255746853362
255759440661
255766988018
255766489811
255763843206
255769916761
255753686307
255764393882
255758616203
255744965142
255747467641
255748758197
255747442395
255755564889
255769200584
255744832708
255764053907
255763051972
255752299092
255744636629
255768437995
255767237761
255758791387
255769941899
255768757256
255745036435
255759067835
255745086038
744304454
255745856232
255747150446
255747520461
255756165581
255753863043
255745697895
255745266969
255769054924
255752557889
255759694749
255763954793
255768591708
255757197659
255763988699
255769063860
255769339457
255745368728
255762127040
255766616744
255758512271
255743015969
255769201819
255768871183
255748091417
255768263029
255758184404
255756550648
255769408786
255755850817
255759116149
255744405536
255746782175
255742335960
255744343165
255763478005
255744287922
255762948840
255747150710
255753280600
255747577672
255758788832
255742726407
255763157668
255766965434
255754658423
255765788399
255742506462
255768056368
255767525509
255762444531
255745459898
255756728008
255762856610
255743249089
255769753279
255746921114
255768687207
255743826897
255745752431
255747229618
255743233052
255742479182
255742381650
255758385536
255762825487
255766170404
255769306495
255745503852
255757303851
255767841878
255766092191
255748752788
255753036385
255757611792
255759699598
255769687968
255752937011
255758747655
255768991385
255758688775
255752272028
255746936536
255745808296
255768172388
255763162588
255748750443
255765199347
255758794557
255768223942
255752566303
255762070589
255766413303
255746508180
255766541272
255743014393
255748195440
255769184645
255753337519
255753218963
255746271326
255747135077
255754057025
255757133188
255768574080
255759615807
255747266695
255763388278
255744346279
255757496197
255759968278
255744683215
255752053828
255762586845
255744802421
255744706390
255746452319
255745695369
255763484396
255745212845
255748326126
255747135403
255762855511
255767290028
255759894305
255747721703
255752487278
255744374609
255762459003
255748646430
255763040110
255748278580
255746937539
255745960779
255743152840
255742953197
255768643139
255747150233
255756874195
255753054197
255768564463
255746286931
255747140107
255766678154
255759746829
255744888706
255759817106
255768495811
255768914420
255764962410
255743339663
255765139514
255743197592
255744024931
255763104338
255742080493
255746369116
255744549096
255743504714
255769381013
255768871539
255752695767
255743321405
255758155890
255764301315
255754766133
255743207601
255744791693
255745352845
255762561461
255747506696
255765079239
255766780174
255764517697
255763293947
255763293742
255748646755
255746919189
255746878808
255744812547
255748085692
255753221866
255762250733
255744056961
255769693544
255746535275
255759407412
255767543892
255747709939
255744780511
255746999869
255742810167
255746055846
255765886487
255743785694
255759377077
255769489369
255745890839
255769001529
255757014049
255765883919
255764274404
255768529869
255752814693
255747994929
255754959310
255758496517
255757787630
255745973969
255755553658
255747286506
255742377953
255766068842
255765902217
255745313997
255752546772
255759877743
255743924266
255763885730
255764599701
255743232139
255752500994
255758464727
255742216597
255757374816
255746529640
255757961841
255768285445
255755899038
255747430953
255758450663
255743048158
255768881586
255748330178
255759152746
255768835991
255756248820
255745182103
255758538449
255742191526
255757667602
255768574383
255748404488
255758637633
255744453570
255746338211
255746427862
255769027441
255747469294
255758965045
255746302228
255744790784
255764428441
255752944013
255748367506
255762821904
255744399448
255756504691
255768927834
255745066173
255756581452
255768103764
255759856055
255743602441
255767581804
255758314068
255759055722
255742544026
255757390979
255746002894
255759052262
255744900671
255747156357
255763915877
255746664991
255769966119
255742596647
255758132361
255747687151
255765629418
255745581619
255759228260
255759816443
255753476569
255762603168
255763510479
255756047883
255752383642
255744550329
255756929819
255767789175
255747802646
255763293617
255757835074
255763812304
255768501004
255752327141
255763571603
255765289370
255744147031
255756352462
255766876077
255755060172
255742111634
255764843682
255762043300
255742743031
255765259770
255758200997
255757812444
255768263044
255754099206
255762412060
255748097797
255753007325
255752677390
255744214944
255764782289
255756357825
255743955030
255764030725
255745247709
255763296170
255762696203
255769807794
255762713833
255756518274
255745015509
255743237561
255764978478
255745860921
255764441665
255742500874
255763459829
255767594321
255763722664
255747587481
255743413150
255746930798
255764184182
255769402609
255743704244
255762566080
255752666525
255745595337
255743580632
255763106409
255757608373
255759049830
255759436213
255744783328
255745642263
255747591557
255758729484
255756278037
255757926183
255744811505
255752999866
255755815293
255747600012
255762076782
255753923293
255763581013
255766513296
255743172909
255759759443
255752738078
255763149739
255754286722
255745221894
255765267379
255769922666
255746400739
255743725315
255757606959
255744714964
255766636186
255746001737
255745325736
255746095808
255768239675
255762990757
255766762306
255763843619
255755496385
255742684559
255759681816
255748330509
255765846810
255757185158
255747121393
255742110642
255753483596
255747101899
255753655045
255756368299
255747860576
255743985288
255767631469
255752826396
255763185033
255745864746
255756398311
255756595410
255754358011
255769593298
255769816634
255757398811
255752945953
255765163293
255763934152
255745550857
255768103693
255765181641
255757715077
255753852770
255756411412
255758985118
255744672450
255762508717
255753391550
255765993258
255762829885
255769657347
255769451485
255747374310
255743382319
255743457445
255746218719
255758359833
255752289580
255768560468
255768025112
255745252514
255767034779
255765759738
255766656224
255768510168
255756420459
255766230488
255752591861
255748185400
255764543163
255762089984
255742657297
255755468840
255758722357
255768393578
255756907862
255767562738
255769435067
255764814922
255747773752
255756612559
255747647031
255746948750
255743199353
255744286214
255767093728
255758716012
255746646985
255746254641
255767427513
255764262688
255752655917
255742846249
255743008975
255762510199
255763072916
255743108687
255768783713
255746334372
255763381453
255764559614
255746915397
255758087714
255746578990
255746061650
255747204689
255766108681
255742824634
255745547584
255748764566
255742333431
255766399221
255767619374
255745000369
255769365083
255745569633
255748283394
255744678980
255757481395
255742657438
255743256648
255746279060
255755476779
255743045882
255768094859
255747878802
255759076952
255757026956
255744158582
255757424141
255766105812
255758265268
255762595410
255762813970
255743998051
255759548623
255764967682
255748723288
255763171327
255756333613
255766151898
255747866868
255764282646
255768505774
255743266531
255747720192
255745394577
255746998221
255769245714
255745876788
255764215011
755332105
255759492498
255769552195
255764485228
255743442633
255753147092
255746681986
255765369266
255752133715
255762006583
255768472603
255742386242
255767144662
255742684713
255759088468
255745823692
255767360792
255753750018
255742484837
255759691496
255744266389
255765891050
255752784844
255742307292
255757953361
255755021973
255742460207
255747405178
255742410123
255747037345
255764192233
255767816693
255752091649
255768276354
255752350133
255748312674
255758126915
255765133559
255767950026
255754288306
255742679747
255746059903
255768854244
255744169869
255763256071
255766137341
255764909041
255763286671
255742074561
255754751331
255752801878
255743909756
255757625050
255743469871
255756998729
255769638665
255764038460
255767692078
255766218737
255742315796
255758424700
255766416886
255759983471
255753710950
255764479081
255764133049
255766980235
255742779248
255755365937
255748443820
255752493046
255748085837
255758412902
255767643356
255769869122
255762803146
255768348279
255747304059
255765832588
255748375636
255764705690
255765371369
255753292026
255744678109
255744616065
255753066681
255766336483
255748376939
255769374891
255758354695
255767860081
255753911680
255742135568
255742982411
255769693121
255746922528
255769304756
255763878347
255753652001
255763114167
255764024877
255769974058
255765389630
255758550314
255769190580
255746186506
255759478368
255759079377
255766174938
255758646329
255742190591
255743525506
255757800901
255768642930
255769069231
255768672533
255769635080
255759719774
255747619859
255758461763
255745500143
255748067694
255742957885
255757231107
255746728253
255752562645
255767228540
255747922743
255762378039
255745283127
255768812244
255758624210
255765049413
255746865518
255745442191
255745153091
255748133541
255765494370
255753890502
255759974107
255752377054
255744924067
255764583316
255747581280
255747239506
255744536594
255752738971
255766559326
255745285436
255768721831
255747965237
255769144691
255763913910
255747952638
255746340922
255758726053
255748701687
255765391560
255754990910
255763391594
255755928904
255758726942
255746762007
255748468646
255755336457
255765341268
255747593501
255754922869
255753109240
255742238560
255742907138
255747861134
255757427686
255748246659
255762003491
255756993382
255743964955
255746783394
255745727566
255765364169
255762009791
255755660843
255752812527
255762531244
255758246535
255752982862
255757425912
255745795357
255747419263
255762661642
255759475682
255766537947
255748444759
255767151309
255747998411
255763048769
255745950833
255764362558
255768847986
255763933053
255753676233
255754476228
255767969035
255748464504
255747118288
255765102662
255743759340
255767958613
255744950320
255767970819
255752527145
255746994875
255765261134
255752894040
255742442507
255747563726
255758538070
255752103041
255754578047
255745536468
255766635183
255762221222
255766637364
255747181869
255756855771
255759745888
255742904891
255755232641
255765837292
255744785209
255746802021
255769986146
255747588544
255759694393
255763146093
255748229667
255767880212
255768147485
255764612869
255746505977
255768136718
255764890212
255767001755
255759824314
255758093887
255768136377
255742075863
255764020944
255758975829
255742211284
255767767798
255752480036
255743233969
255753520322
255747459893
255766367132
255752504839
255745385453
255768227633
255754282771
255742812930
255747061470
255747394431
255763255462
255743178234
255747406113
255764705104
255768541727
255742000269
255748305432
255754881986
255766538255
255763568469
255767778131
255762870484
255742791223
255764805634
255758705038
255743062273
255763220822
255756185159
255752803181
255769198905
255754306954
255744271076
255746404213
255755527548
255765275384
255744073594
255744703521
255762529605
255745895443
255768473860
255743295549
255752842378
255756216749
255757150631
255765816212
255748274029
255747827337
255769475219
255757622608
255748007216
255765974105
255742920932
255746086077
255748329978
255745829083
255746108527
255754089237
255766161320
255765139758
255746694282
255762691395
255745230499
255746350516
255767880923
255753427781
255747651072
255764182710
255765091151
255743649967
255766678882
255747397502
255762606839
255755650897
255747996046
255766144377
255747293515
255743567771
255757271224
255767832835
255752834570
255746012813
255764656108
255764000247
255745094317
255759461293
255752424895
255743592507
255752900917
255765147554
255747135984
255746558173
255758131445
255758061194
255762836820
255753074889
255764398205
255758024482
255742773093
255753657635
255745841433
255746199696
255767032781
255746343429
255758788290
255763355337
255748625611
255767935005
255743904486
255745861251
255762747656
255763280581
255758976170
255767935082
255765490812
255768916617
255758391891
255755998309
255747020968
255767220832
255762343984
255752033316
255742668227
255743662408
255744298293
255762838077
255769232798
255753333488
255754423241
255763970651
255767100356
255746541690
255742484725
255769610086
255753544478
255767515757
255767038028
255759442335
255754942661
255762871315
255746775483
255744248290
255757862333
255757690266
255766432198
255758389168
255763433844
255759234821
255766887667
255745623529
255742436854
255768841888
255753198586
255744536490
255759651023
255762905831
255752751844
255747187009
255747984646
255759275406
255758709067
255763539664
255765529267
255764994791
255756289023
255754767221
255756303890
255747217250
255756771020
255758443136
255744362393
255755026253
255768042305
255744227250
255763860847
255745256496
255768337330
255758627224
255752249941
255756629910
255745299116
255755820340
255744166698
255766367154
255758235113
255757099364
255744056129
255766855624
255754327479
255746590927
255744290321
255768475260
255754643740
255765635440
255768204426
255757142951
255769242966
255747105938
255769483662
255767452889
255769438317
255746960158
255767413764
255756331954
255743545727
255758591051
255764344557
255752663289
255743798309
255757177130
255746356118
255753798470
255746643148
255756731584
255755918967
255747106515
255747787743
255752336822
255763876368
255747949284
255754885003
255752454114
255758315638
255742146700
255754885208
255765934726
255752329323
255752346754
255766921571
255758358687
255742520735
255769789241
255753804064
255767372747
255752553993
255769579295
255756396314
255765278797
255767405598
255764555857
255744191047
255767740253
255744316753
255759951927
255745062704
255748730957
255752180907
255757223761
255748319312
255746760189
255747344973
255743711139
255756626157
255762031505
255762326671
255745203094
255742048565
255746877247
255759396005
255747654116
255757070096
255766564113
255762754138
255758467106
255762317133
255746449532
255742591999
255747154485
255744020022
255768750931
255765573806
255744707234
255768343441
255744657763
255744275615
255755564139
255746907157
255745838936
255744062316
255747698784
255758310871
255768422194
255746741018
255764935492
255752431391
255758456791
255758742421
255759369345
255759260884
255758006411
255756356291
255768420482
255753042874
255762789632
255763434307
255764401238
255764401033
255753690227
255745238338
255745683230
255762540383
255744170106
255764447823
255746685190
255755085204
255744446627
255756662105
255756945885
255746482048
255742075628
255759689231
255752209726
255742405668
255756542667
255746284393
255746264922
255766023340
255746217935
255769844655
255744338177
255769724380
255742154587
255747240896
255762517333
255756456261
255752592882
255754969261
255748200066
255762600138
255759843152
255757176445
255763336295
255748570208
255767526319
255768265642
255767026191
255764364816
255766922746
255764456220
255764486625
255767863451
255742945326
255742908899
255756008067
255769599613
255764481653
255763597272
255752517711
255752654260
255764051641
255747117573
255769411553
255758225354
255759056705
255756004825
255764778553
255766328422
255756394044
255747245116
255766205254
255752255427
255763279716
255752285523
255747655215
255758277853
255758069435
255752985669
255768304528
255769241608
255765330968
255757202295
255747182414
255745828216
255756549078
255746092816
255747853582
255753713089
255768757407
255759002307
255752148413
255766611127
255757221948
255746696252
255762048348
255745991961
255762078444
255746009519
255746797584
255756040036
255754668106
255762659562
255744555184
255762383221
255764179717
255747545689
255757579161
255762702460
255746741759
255765292781
255758021014
255752580953
255764230253
255758305195
255768963951
255744636533
255756394602
255742848770
255757076121
255758645373
255769008214
255758707784
255758618998
255745286223
255765342827
255766525705
255745185611
255754321856
255748025506
255747619274
255757172010
255747558667
255768817496
255743078918
255743373990
255747315095
255762618961
255742229289
255743552259
255748334760
255748347065
255767587099
255768208567
255742656546
255756580715
255762386964
255753163809
255768678038
255742016211
255752995455
255757846107
255763944624
255743433117
255757480337
255745538530
255745578274
255757862078
255763184907
255756404805
255744490595
255765101355
255743592801
255746958885
255756404504
255759326058
255763988549
255767832418
255743443850
255742584550
255753775021
255748491262
255743309225
255762332348
255745090594
255763878773
255743102856
255758160768
255759671953
255764750246
255748446046
255764513057
255758223351
255743152972
255765271154
255769846523
255755500455
255763057489
255743662569
255744226062
255768038167
255742699404
255746359452
255747164042
255745608333
255754452485
255765840980
255766009036
255742000235
255748470112
255766103619
255767408289
255745002533
255755904411
255769198297
255768219801
255747484919
255755081719
255743457644
255754054230
255755368168
255769064824
255767132999
255767350939
255744943624
255745889496
255758014602
255765765510
255766718562
255746256181
255742226259
255769254026
255745805160
255746567525
255744519542
255756739588
255753785905
255743373562
255748668453
255753309720
255758710253
255765606915
255759440350
255759773343
255753050245
255763013561
255743685822
255747519206
255752280427
255745305115
255766708756
255746058978
255747203672
255755936492
255768783284
255742398615
255744417249
255759252313
255742872480
255756725454
255759665433
255767643616
255763110894
255757259375
255742655490
255745478567
255745834135
255743864934
255766612989
255758969524
255758235227
255767178254
255752482912
255755295527
255759887306
255745587110
255746355072
255768760199
255742394347
255756451826
255762645696
255763991214
255766818785
255756018874
255768836455
255762497300
255764138038
255746988298
255745738226
255756264843
255748184746
255766577241
255754879546
255765100881
255755726692
255752692226
255768754480
255742825386
255754211139
255747834399
255743467978
255748447378
255762348971
255764786836
255742801843
255757219342
255762219413
255746872613
255754957801
255757875459
255759125112
255747413993
255757345110
255752429587
255752486848
255769212834
255746275582
255743817294
255768838668
255767651858
255748046453
255745366255
255762508168
255746246088
255768865860
255752983541
255756561712
255752963825
255757643301
255762621793
255748135172
255742294307
255759368959
255754865336
255754543575
255758018347
255742326018
255742860080
255759203148
255742239353
255748633939
255762447199
255769512101
255742369820
255752032805
255769817246
255768572799
255756760539
255767939722
255763202932
255764501865
255742088500
255745493941
255762591573
255742265558
255767271487
255745034952
255752804062
255758325355
255744424536
255759228668
255744900611
255752146423
255743187959
255762762209
255759185932
255764765670
255766737608
255764095166
255746783583
255755425607
255768331430
255747528598
255756846493
255768085078
255763216299
255762902644
255748491532
255745681702
255768296193
255767598131
255765336474
255765799815
255754288647
255756773531
255765356674
255763254935
255762640026
255758685143
255755769678
255752343744
255745444170
255746636334
255763168679
255752001775
255768745152
255757335709
255742960793
255747036955
255746602944
255765575722
255745145430
255743401381
255759510984
255757897459
255744861854
255756720803
255748308029
255769662696
255762498601
255748221904
255769489114
255759564544
255743180765
255758697800
255754056826
255743444706
255769636447
255747378327
255764282047
255762758354
255745464906
255766412750
255745266317
255742007326
255766585266
255745891541
255758035856
255764003834
255744891099
255755680332
255744179870
255743716461
255747705041
255764022363
255764002863
255758096556
255745283998
255743725406
255769139654
255746234390
255748153663
255759198475
255764402724
255763277482
255747748342
255763975005
255763377657
255768332538
255758302752
255745019739
255744232888
255752022381
255742841561
255756557817
255742883385
255757925623
255763757095
255757179397
255748201521
255755007726
255768078463
255753631109
255767588557
255755167696
255747693696
255759516157
255745420836
255765057482
255743453852
255746796537
255762097750
255757531267
255742533863
255743231611
255767187275
255747199510
255768085696
255769138454
255764108454
255764197275
255765323203
255758421879
255752949540
255757655116
255769810207
255754995211
255748719263
255748758857
255769593961
255768229011
255765748754
255766780386
255769175406
255765697842
255753869994
255746485319
255744210714
255757024636
255767310997
255769517890
255745307144
255743556253
255746881491
255752697649
255746919746
255769239556
255769803279
255747965625
255745808306
255753192774
255753980271
255744557811
255768608128
255759628214
255742741194
255745405252
255753178905
255756743280
255747539774
255765879405
255766518312
255744217788
255759766375
255745360976
255747027312
255758169548
255745915519
255747738579
255764948092
255765526964
255745350739
255743400587
255747539429
255753548062
255744579527
255752160780
255765990166
255766054243
255762275418
255743171061
255767289517
255742855122
255748118213
255757858673
255745333905
255758793736
255757588400
255757285447
255746039011
255757857748
255754765141
255758513188
255762350407
255742266385
255758563784
255743125628
255757151022
255767042041
255747372236
255758658747
255747938918
255768061550
255747543704
255758188519
255769075857
255742605705
255752440255
255745651817
255746748595
255768451112
255768582989
255743828356
255744211528
255747951815
255767568782
255767848342
255746295823
255746456173
255768436855
255747872659
255748461905
255764190561
255767565979
255746207634
255764444764
255754618350
255746947044
255767454164
255763180406
255757545215
255747720589
255759515515
255758334443
255765919263
255768392542
255748372268
255764375213
255745701708
255743455939
255768350031
255752255679
255757567844
255753720742
255742512929
255746750501
255746750305
255769328125
255767424834
255767949913
255764989317
255767177657
255758566357
255743448058
255746299500
255754994279
255764163616
255755524951
255743780774
255754684589
255768936964
255757278740
255758572383
255765277519
255762532337
255747409878
255745231598
255769430636
255747173576
255748177029
255748396558
255756012680
255766080725
255763373569
255743822321
255767282318
255755505938
255763244688
255747605962
255757308652
255743921829
255744359596
255742971121
255766201189
255764474549
255747894449
255766288893
255762671411
255743378277
255743874084
255743378079
255744722560
255746379792
255752186628
255759276623
255762380373
255754516202
255768694749
255763831291
255745696559
255746276874
255766705584
255754257054
255766053976
255746684472
255756587197
255752394212
255766402507
255744974886
255767495548
255743825753
255743239813
255764978653
255759223467
255752348264
255757432975
255769156360
255767662721
255769652922
255765125417
255757184172
255747315965
255763135311
255746822135
255767947429
255764678661
255759704964
255744190912
255753717713
255742785720
255765171509
255759972952
255748141813
255745506746
255753157797
255759812117
255757453997
255767539836
255747553198
255763011442
255748244920
255756379068
255757355270
255747897712
255768796243
255756648067
255764525882
255743283462
255769027985
255742757182
255758558971
255765364782
255769734045
255767057685
255747856113
255745694537
255746268261
255748753315
255766189746
255754811645
255744739604
255759891640
255766413267
255754949753
255756526033
255743005345
255755897280
255753827386
255746542665
255752245448
255766743277
255762828058
255744354022
255758891462
255769463874
255757271324
255757877033
255767247488
255768338104
255768578144
255765324323
255762697557
255754419607
255742014675
255746568301
255746265638
255747444723
255767509198
255757859636
255757617378
255752249265
255752223393
255763343828
255766761561
255762637978
255756008687
255759772215
255764646827
255746967719
255759362595
255764708271
255753480560
255768715885
255764477247
255742022526
255763785685
255753525712
255765631365
255747435093
255762407672
255753691763
255759428112
255745926468
255743991075
255769135334
255753639305
255745045340
255747074462
255764095361
255766268213
255742335530
255768604913
255743753591
255743886613
255747245866
255758450296
255762703473
255768066925
255746569489
255742403983
255768782128
255746085067
255746455255
255755231077
255769799814
255748436682
255758586110
255765763096
255747200230
255767163255
255764528392
255768908490
255764236167
255747005295
255746556434
255747595300
255746248523
255743281982
255753136410
255758403489
255762876899
255747391964
255759533480
255764755071
255744378405
255766750904
255759324345
255743862602
255753800625
255744339387
255756407937
255742221760
255747563704
255759645252
255746186259
255746574802
255753149538
255747733019
255764976789
255767408576
255745161993
255742956553
255747326590
255755191076
255744912098
255757999680
255744883037
255757178440
255758961720
255745598466
255767488792
255752628969
255758312982
255742381982
255755722891
255763341054
255752629377
255752751830
255768533024
255759126955
255748348627
255766224948
255758002755
255753347581
255758441162
255759814873
255767344693
255758396533
255752821295
255766542644
255756870910
255742062863
255763869825
255753966165
255767651516
255758090547
255763560685
255759173519
255752688006
255742870305
255753220356
255746482903
255769047241
255766194851
255746523299
255745245356
255742670136
255748691131
255745089617
255742736756
255769472983
255767294056
255742537469
255765433707
255769492281
255756262275
255745105102
255767268554
255752590300
255748700078
255745475902
255762101297
255768716962
255766004387
255769207523
255747733245
255752166955
255763017655
255762962798
255765835889
255762963242
255745255871
255753107539
255744099655
255744745940
255763207803
255764040062
255752752122
255747513229
255744523229
255745907972
255745005374
255764416140
255767406540
255744892312
255745927770
255769818239
255767986888
255759836454
255769868890
255744841274
255747986162
255743431161
255755917943
255762367272
255769327558
255747247136
255762905132
255745608872
255766139414
255762136177
255743673369
255743857877
255746837057
255766189114
255762360485
255742650660
255767400703
255747216432
255755056740
255764381709
255743358582
255747191584
255742453393
255744680687
255745632218
255764451073
255757211719
255747101276
255747421906
255742551366
255746587630
255765614653
255756795445
255746776618
255762874723
255753119518
255758179213
255762100987
255758179015
255763596162
255758615200
255748373133
255767783985
255754608000
255758095041
255766470572
255764980665
255745450139
255742348594
255758100980
255757206124
255756023829
255756898834
255755110083
255768130738
255752656662
255768922678
255743080015
255744064402
255759642433
255743592960
255762804570
255754856745
255769441205
255746725553
255769246729
255745620310
255763530967
255756072067
255759430815
255743850744
255743414948
255752634200
255745605533
255765827782
255753376078
255748283663
255747029332
255754316486
255743987540
255758959399
255747991265
255769199376
255747147901
255744797895
255756897406
255747918517
255759025792
255763968306
255753254674
255768085614
255753316788
255768695461
255744635443
255769955320
255745286988
255755074665
255764189532
255756632739
255759909526
255744154903
255742515304
255756063100
255745757650
255747627090
255753411478
255766457126
255766709133
255745783638
255766251443
255743071257
255764918654
255756786708
255747911512
255758703267
255743232334
255744010910
255757612519
255753395385
255747262599
255766441554
255746265713
255765567772
255756978071
255763274293
255755830834
255769933010
255767891424
255748617032
255743945510
255765487159
255752212829
255744620429
255766482995
255753011907
255759343286
255763216884
255753826938
255768437792
255768727805
255743270444
255764102874
255743126487
255755023142
255745718612
255742625216
255752262999
255758124146
255744103601
255753353919
255758568908
255754035489
255743265525
255744383623
255742352175
255765083876
255746155753
255767954651
255744380796
255743799652
255758448089
255742185332
255743137521
255768089702
255764968566
255758704116
255762876917
255752981318
255743014447
255746520255
255765550771
255748092646
255757981570
255753822613
255758324080
255756519547
255746647212
255753039993
255742433652
255742603781
255742626346
255742264645
255746721654
255747222907
255754042608
255757678389
255744967408
255762853826
255762567366
255742356532
255765083410
255753948377
255746680040
255762340862
255744783532
255756605976
255769521083
255746866177
255755258765
255753822166
255745908211
255756393249
255744106608
255747593733
255763025563
255766809229
255764498947
255758501057
255743714574
255762846074
255746313219
255765135634
255742213640
255746807763
255743391346
255765579749
255759937948
255764568267
255768867613
255758013393
255755952719
255743634306
255762556761
255742821108
255759436634
255769892679
255768786380
255745429668
255753784940
255768335715
255758489032
255752458147
255766940067
255768156901
255765756095
255758035665
255767304907
255756057871
255745559247
255769532272
255752727883
255745772985
255743522331
255757105952
255748467491
255747976690
255742004486
255758237815
255768385300
255747745878
255752582067
255744658333
255747134632
255755575112
255763249138
255755801386
255767633225
255768722218
255748169743
255756623023
255755679834
255755076240
255766590962
255762211761
255767620434
255767531267
255745045388
255757965657
255743160189
255768533114
255747228962
255745852556
255769491072
255748135860
255743761529
255763143685
255767293400
255755723726
255767066732
255762617379
255763483558
255743918174
255748036604
255745541479
255745096406
255745076006
255767769817
255743221914
255756524471
255744513459
255763591771
255744417428
255742902228
255752630669
255755856214
255756879851
255765644314
255745738294
255747367283
255758395843
255742715441
255756979970
255769464503
255763515197
255748003690
255758425328
255762170114
255744475694
255767377594
255742715190
255757972032
255768095962
255746425826
255744787143
255742017251
255763286875
255769799050
255756180612
255746793595
255747072466
255744052369
255747248852
255768291675
255753644672
255767748056
255758249868
255769696839
255743871148
255752955539
255764349989
255746190197
255767211150
255753333989
255756730660
255762406516
255766333430
255769627936
255758541584
255743051553
255762882135
255747813584
255743282236
255748132447
255762829492
255748356348
255744134308
255767362964
255743858523
255756727646
255763297652
255768062638
255763355141
255768200542
255768234021
255759878967
255743602505
255746428839
255748632903
255753670776
255763068734
255767503444
255769916199
255764368647
255752503164
255744688352
255759700750
255746860736
255765709512
255745844519
255747091497
255766322671
255752004098
255768446865
255759976652
255762730412
255745808948
255765878271
255765040007
255763973595
255758269270
255768374313
255755416768
255758956022
255746885687
255765163714
255757403762
255754008631
255769659438
255745085880
255748463999
255747908212
255762587850
255742459782
255763371509
255745035287
255764823304
255746313011
255759517214
255747418361
255752859814
255756890855
255769870504
255752338042
255743580390
255758066856
255742052271
255756611611
255765115444
255763223633
255769433907
255758405564
255746976540
255769902773
255744418219
255744748124
255769718638
255769768538
255747758487
255748420397
255745009295
255765302885
255748459399
255764123335
255754260521
255759968961
255766935890
255764393682
255745489256
255765667268
255758460110
255769541906
255742610804
255759719563
255762526050
255769323679
255759416677
255769949384
255742134766
255766133100
255744351542
255745038000
255753644221
255768921976
255769766667
255742508860
255753764299
255766377997
255742095090
255758447193
255768438873
255765060497
255747018851
255744859581
255764984089
255743351568
255766013585
255765480285
255745676466
255752227096
255746446393
255756575114
255766210749
255752402214
255758961858
255763939487
255757585542
255757357493
255742941344
255763296825
255747583938
255744455723
255763374502
255742489974
255754937378
255742832194
255752246599
255765137309
255744016612
255764627341
255743923157
255758523763
255747725735
255743903150
255747378467
255746010373
255762068061
255747950915
255754979933
255755888676
255754951491
255743017799
255744244776
255762895959
255769176440
255758705029
255767105709
255744953127
255742935797
255756454237
255769233930
255766487103
255767537475
255764585316
255748369343
255759422428
255767217930
255744705615
255767352882
255764392483
255747568281
255743035352
255762068199
255743874506
255768684799
255742411628
255765504887
255746616621
255768841077
255769836983
255763295861
255764222961
255747823866
255742301942
255768562296
255766538807
255747550210
255764502319
255752910629
255753024464
255748763513
255744838335
255744323982
255745016669
255765706946
255746109329
255762975453
255763143389
255744112590
255742654440
255747255592
255768389297
255769113693
255769609747
255752428068
255759925267
255752428263
255767820589
255754401320
255748570125
255764964933
255769832180
255753513558
767519175
255769674556
255745449441
255742396536
255768627737
255766497336
255758383769
255765164104
255759950222
255759252223
255742224995
255752626695
255746737698
255747669434
255744629633
255768047578
255754025760
255743331813
255748221689
255747121877
255743331517
255756213672
255746288715
255768909720
255769121104
255744792812
255746840155
255756330933
255752311079
255759073069
255758173414
255753477871
255768873117
255744857214
255744302903
255768973841
255757107700
255762992503
255752115222
255762235622
255748757527
255769763872
255765684505
255767925126
255756637875
255765383429
255766467397
255762491114
255747906535
255764427995
255756357864
255753252308
255742019688
255746085625
255746519997
255752622309
255756087238
255764829832
255767869134
255745076033
255757195686
255759165885
255754259694
255744309342
255743742957
255759137373
255744138345
255757241051
255743329459
255763262618
255746907237
255755085680
255746603663
255766095083
255753121614
255747072197
255746879478
255763973323
255742973226
255743936614
255759405775
255769355321
255748732794
255763260759
255766975142
255748174541
255744265389
255742932794
255763391174
255764412885
255743595126
255743326131
255744611243
255767310812
255763763636
255762646876
255762280416
255767573951
255747654387
255762132328
255756670416
255763974344
255753236255
255752402636
255757882566
255767570224
255768575298
255769223491
255753822227
255755080714
255762202376
255753831194
255746352003
255758693804
255748394486
255766308832
255744703977
255765173154
255746035588
255742258176
255752818387
255744421924
255747479178
255758645006
255756030066
255769632492
255756927792
255769267407
255742975492
255742529868
255747970937
255756953169
255748767919
255746691383
255756841209
255767196138
255763074280
255768139810
255743351617
255743572490
255745231304
255765080935
255765306031
255756337051
255766219177
255742548025
255769300694
255752313684
255764504321
255755078618
255753806201
255742066051
255752968670
255765079473
255756780669
255759990167
255763575286
255764671804
255768330480
255746763529
255747947398
255745177985
255756642876
255753584747
255748039663
255767767076
255758978334
255762122457
255744475618
255745199756
255759838915
255742155173
255758333845
255744858817
255746635085
255769051825
255765090387
255763458558
255758691661
255762291708
255747604674
255762144234
255742858040
255763008663
255769468816
255754482200
255757199544
255747064958
255755186997
255769781503
255746487320
255762482174
255747099360
255764830415
255743043006
255759163647
255768312771
255745206883
255758124209
255766254937
255766916572
255752212424
255746147248
255765854730
255747630868
255753469568
255742913176
255753405251
255753014889
255746769279
255742438140
255755877468
255745197916
255746135396
255748205006
255769219917
255759030967
255767881388
255746499838
255742743749
255752941927
255768347392
255767028107
255768042871
255757439006
255744909487
255755690752
255744560816
255758346685
255765669235
255769146832
255744661224
255759336846
255769454662
255768126758
255743040170
255748322681
255752351649
255753358756
255743982498
255764410697
255765194213
255747111836
255758069751
255747635203
255753307060
255758342556
255758595638
255768517672
255743446568
255752352216
255747916807
255752766574
255768152559
255742047948
255768485125
255756325737
255744122818
255753985924
255743780598
255767049140
255764347027
255747730026
255752567538
255764452736
255755197877
255754501530
255744714711
255746987808
255768543171
255768841262
255766862569
255745475111
255744654193
255754294936
255744121499
255746097809
255759382596
255759352796
255763227137
255752377027
255744504591
255769728773
255747924558
255745322344
255762531648
255759206024
255746857137
255766918316
255754280041
255769817610
255748651332
255745304666
255745671234
255747169647
255744375224
255744907628
255765339215
255752359823
255753830824
255743937289
255755929674
255763260792
255758670309
255754653045
255752200166
255746094840
255746082344
255764072765
255742642955
255768966775
255745791221
255744830183
255752903490
255767484256
255745309405
255756644184
255768645301
255757828110
255745514372
255762966445
255757517147
255766925205
255746096829
255748351270
255746170757
255752090828
255759442662
255762477099
255742172193
255754350824
255763109944
255757253498
255768237929
255757334720
255763290369
255754038398
255766988426
255742544921
255746885247
255755172277
255746221227
255765734327
255764652750
255766224010
255745135832
255766596678
255768893049
255752740078
255759937226
255743616220
255747366535
255747407572
255742106499
255759755750
255757055712
255756439623
255769336927
255743733885
255745577820
255762366596
255758628397
255748465049
255745212618
255746845642
255769696627
255767253209
255766402939
255743841660
255752368749
255768018925
255754284654
255747633794
255746020969
255745929334
255744666394
255769147798
255769563062
255747010549
255766408919
255759452279
255752171498
255747048294
255758481087
255768623040
255755471889
255769556106
255757234992
255742021396
255743798367
255742483006
255747213559
255748080651
255762265659
255753174492
255765861427
255768263030
255759828603
255755519371
255747189853
255743663674
255754898403
255769228517
255769824957
255747854187
255757296815
255766127388
255742325741
255758140029
255743241292
255768394857
255752215681
255752265578
255742678061
255748750969
255759086210
255743073751
255759416224
255747365146
255742031231
255748607284
255756944283
255759068432
255769724403
255745536837
255742405949
255758094350
255768975172
255754281675
255747283076
255767461996
255745316254
255753219741
255757306157
255769576662
255762148272
255756435990
255742434241
255745201194
255767054262
255752987444
255743687050
255766152405
255762609512
255759869567
255768182666
255768334097
255769923873
255763197546
255765601724
255753900997
255764462462
255768142374
255762132204
255759561671
255759243714
255767557285
255744032958
255744783511
255747490687
255747792542
255766543278
255758105625
255764378359
255753551381
255756612854
255746969419
255767164060
255759489996
255759278014
255747283509
255757133411
255768199532
255768782235
255756016639
255743345543
255746482825
255758219838
255742908873
255759654007
255764042318
255756853220
255758019265
255744060715
255769800460
255758516774
255756675674
255755010041
255742760658
255747486572
255752068565
255747800914
255756717232
255746993428
255768694489
255769864993
255745750589
255767037623
255765982299
255754073355
255764516961
255766210889
255767413655
255742261092
255753070489
255747056449
255742178620
255757425482
255753154391
255765968012
255745676682
255765081435
255745214147
255742663402
255742007805
255754407286
255753437704
255747127090
255745659094
255768940647
255747404565
255763211107
255759812078
255745131276
255759201072
255764530778
255756014134
255764365414
255745985915
255747036725
255767796556
255765090680
255769858715
255767775337
255759325187
255753123184
255765388256
255743761790
255762795730
255769814861
255753799193
255763318554
255758249244
255762995055
255753128464
255763256892
255766205462
255763158032
255758485432
255769834833
255747224843
255766053210
255762117344
255769401943
255757246981
255759818718
255767616229
255769656606
255758214031
255747353602
255747873680
255743414881
255747428875
255743812231
255744562930
255765787005
255748657209
255758951511
255763767420
255748657007
255752689293
255766131510
255764549694
255769933929
255762533687
255767192707
255747586861
255744914040
255744758863
255753765516
255748713689
255762556685
255758258744
255769933217
255768345637
255754329910
255753090416
255758718858
255763258132
255757963845
255765326562
255752449769
255747176678
255745843686
255765570452
255769681524
255763470575
255757113409
255769199138
255769334693
255759737474
255752035180
255744025671
255767107752
255757436843
255753780004
255752866478
255769640906
255755784668
255762241921
255767202289
255743636286
255767181560
255768821070
255746521614
255747050376
255767456895
255763407232
255765497930
255768303912
255764384552
255769582315
255745102434
255743782461
255766600034
255752353685
255748655206
255745974632
255758026582
255763311488
255742789619
255746594403
255745994334
255753856459
255743985013
255754282904
255766551275
255759207839
255767504144
255757248610
255745414251
255742791982
255768337357
255746949218
255752431012
255754824559
255767785238
255764609953
255753062337
255759693007
255758063138
255759693209
255743055702
255745232092
255759720929
255763310047
255765567548
255758292687
255748493414
255742267196
255746704272
255768779864
255759747024
255742884498
255742830299
255769402758
255747070682
255766076770
255768195552
255762949172
255748609740
255748105236
255754474117
255746897806
255756856358
255745642665
255763278019
255742425683
255756033445
255768685954
255758644395
255757461775
255746942518
255759521853
255769463128
255748416777
255765750338
255764087344
255748021421
255757710945
255759140966
255744453466
255747411957
255754769172
255756066442
255752818634
255745126440
255762619016
255747127516
255765744209
255758123590
255769749169
255744124173
255766911625
255756746055
255744080712
255743934284
255755116264
255747040312
255747284833
255746546767
255769742356
255759980425
255766175233
255756555371
255757864302
255757500375
255752301019
255755472558
255766775337
255745039720
255752482282
255763346276
255744979314
255765274356
255759542577
255746589172
255745167700
255742604740
255758135926
255746559272
255765127990
255746641641
255763137593
255752662546
255753586029
255752530840
255748045451
255766913697
255747156477
255742155914
255765088514
255762996372
255742929006
255763014428
255747837095
255757635196
255769451789
255763132491
255763411829
255755084707
255752887602
255763107938
255767759792
255763127932
255747303711
255766555832
255766752749
255765539442
255743906279
255767789699
255768558262
255756575276
255745290704
255745121295
255752213279
255743093836
255744589305
255746126149
255765747221
255743564244
255759487649
255747437319
255769489875
255767737403
255744695519
255745391511
255742736738
255759252340
255763807735
255747822973
255752898195
255745056396
255742614899
255765105754
255764447337
255768562151
255743860848
255748390570
255768443394
255744288716
255748334525
255746981207
255762444841
255747757001
255753959190
255758313334
255743010651
255755225385
255762069225
255755354901
255754777043
255747743973
255742277121
255758774613
255742674866
255753155947
255759222794
255762857817
255753690673
255766346965
255764271523
255758797083
255766178931
255745137884
255743979844
255768305616
255752105069
255762990574
255748413312
255764045538
255753053200
255767396946
255743725969
255756548900
255757867146
255742271215
255747356005
255765285427
255752499007
255747448634
255757343685
255742134513
255752676800
255758453342
255755429432
255753559150
255759060459
255752842209
255757370627
255742948042
255755553773
255745082101
255759205585
255755050803
255757131450
255755432301
255759205381
255758246429
255763911271
255756251848
255747164243
255744402364
255756183525
255762473994
255744258884
255747916777
255744837552
255747879301
255769289781
255745058695
255743515306
255743796080
255742875742
255757443538
255742845342
255753036042
255767650926
255758266691
255744274350
255748153303
255759782798
255746852737
255744663645
255746852932
255748380908
255768153289
255758456628
255769170970
255758043499
255744021254
255753419189
255742684936
255742763927
255769222450
255769781381
255755446729
255757924846
255769862549
255757446540
255763334944
255766101355
255758662260
255756482299
255756305424
255756471942
255758109110
255745267650
255744283736
255767466995
255742647944
255742983783
255766423561
255758149258
255769238198
255744722321
255762407365
255742092706
255762999861
255747136014
255742149867
255746253268
255746233964
255744753322
255747075489
255766603821
255768008291
255746955179
255745821665
255744935111
255744865467
255765949970
255752576123
255762355501
255743387194
255752757219
255756458728
255769610826
255755166439
255743470670
255753947711
255747265472
255764730261
255747096330
255742500224
255762797713
255763442568
255746370391
255745820450
255754643174
255768343107
255762998764
255768373205
255742898201
255762998468
255744153069
255766502950
255759321790
255756536334
255765163746
255768776396
255762143499
255742918043
255767173380
255756556377
255753187900
255762926683
255764183584
255762175629
255763976376
255766637271
255756670793
255752137478
255762920635
255746186845
255747758149
255764221450
255744804650
255756635512
255762877153
255756366791
255764017037
255764435913
255748195552
255764243205
255764471672
255759104626
255756363047
255766815735
255762691498
255758533448
255757124090
255763137896
255755809070
255753911796
255768458828
255769837541
255747327611
255742014668
255754407851
255762231069
255743611829
255762764630
255764901735
255762608450
255757400329
255742030742
255752961841
255764353416
255748464827
255744095688
255753789112
255764446575
255765542218
255767436129
255746535647
255767509660
255769979340
255762642142
255765069822
255769030054
255746185791
255746455720
255747638135
255758437185
255762487574
255758082266
255745544699
255748486204
255765382581
255769501487
255767826297
255755477062
255755181002
255745644942
255745453065
255747132654
255754037411
255747440266
255764104430
255756444572
255747002098
255767396295
255768467390
255759910308
255742071806
255747960564
255744779046
255746409111
255767256339
255744521231
255768381937
255747899232
255752532334
255756001354
255769255625
255768195693
255745939826
255754369487
255747972195
255752607258
255765190988
255769757872
255743399191
255767811022
255755844474
255758950614
255769946902
255762461929
255752336559
255748570694
255757159987
255758385957
255746457089
255769649812
255755782305
255748292587
255764044425
255764615378
255743686941
255743693335
255743623120
255768963925
255757628983
255745188928
255759174906
255763322880
255764271821
255768442419
255767051394
255753527141
255742219390
255753656122
255742161938
255757518861
255747018770
255743685638
255767284348
255764294348
255757710046
255744279820
255763823614
255745397346
255763942349
255744033849
255745286616
255748093432
255759185343
255746406774
255746900038
255759133321
255747915309
255742342400
255758298706
255746148286
255766288848
255764650793
255744515085
255748018111
255744763647
255745423607
255754690163
255745862008
255743775904
255744014031
255759785326
255766308102
255755533108
255766908994
255753801307
255759374068
255745798549
255742003297
255744616624
255752494862
255754056122
255747235514
255746683232
255769844316
255754252201
255747149186
255759945760
255762380577
255742974827
255768752063
255762584957
255747949585
255757277083
255745108212
255745466473
255769936742
255768936056
255743501058
255762662602
255764493953
255759539601
255769948957
255755868627
255763931018
255744167972
255758506244
255767074127
255764885660
255768964890
255763492103
255743445322
255758354085
255765173698
255762686571
255748402203
255742855826
255747914812
255752355277
255769092185
255769507872
255756800939
255745872133
255767694782
255764083474
255765068733
255747098977
255769319514
255753382073
255747521585
255745456600
255766683668
255743476166
255753190653
255759689638
255758242293
255758256205
255766935829
255743038747
255765524876
255742463757
255757943086
255742876934
255742598760
255746055982
255747191002
255742752188
255754036038
255762910144
255745695856
255755321599
255743323391
255747568776
255745213650
255744757891
255745263955
255765842232
255757645273
255762020953
255756306021
255767114257
255759190387
255742303323
255763930236
255747419986
255766827153
255744235218
255759883172
255758249006
255753323901
255766951048
255744548703
255745735112
255755760249
255747197555
255745465659
255742790101
255754058836
255742154590
255746240206
255766976428
255752986233
255747365662
255742771448
255765195068
255758466581
255743307908
255752330788
255747403698
255744573147
255757098123
255752476931
255745134484
255764546424
255748452034
255747029081
255748412003
255762458695
255743675330
255762968429
255759630817
255769950139
255769253768
255743482294
255758679606
255769408936
255769613911
255754233658
255768057526
255763002231
255756862105
255765072183
255762568202
255752606524
255745464210
255757351305
255753325914
255756853310
255766817394
255759171995
255752597662
255742090302
255746472699
255753762967
255765445778
255752883550
255764012675
255758480207
255754437126
255746632448
255764194106
255754508306
255745083947
255759955466
255765846200
255755625110
255759744521
255763598805
255768528602
255764507256
255756779987
255764764726
255767567552
255758571851
255762822382
255767347411
255758171439
255746082477
255746052577
255744580315
255748080990
255753631588
255752368052
255746313814
255765941033
255746541738
255746591631
255766236941
255768856283
255764621916
255768730474
255767565514
255755755148
255756435659
255747095302
255764055490
255754251508
255755251347
255757241800
255752078217
255746349774
255763244130
255755865483
255769071961
255767962941
255766092132
255743760343
255755421230
255745850221
255769748707
255748052654
255743461220
255766441345
255759435058
255753824675
255769402164
255747180583
255762360556
255746529373
255742779462
255743211945
255752513568
255769226624
255747870875
255765336070
255769725640
255769025611
255767635202
255743031354
255766953130
255748610839
255745335859
255768521239
255763115908
255763115406
255768024050
255754304481
255753035480
255758673895
255762519211
255763063243
255759379004
255743997547
255767799524
255759945120
255767240545
255758062853
255768247161
255768908348
255744819357
255745070835
255759238671
255748030435
255767982898
255746312315
255744582372
255766421987
255746468713
255763789259
255759000153
255762858208
255747286307
255769580163
255757846019
255756647214
255746212245
255746412134
255745867830
255742153741
255758558485
255758294785
255745144143
255768065275
255759553934
255753651924
255763291083
255758180888
255745638292
255744163011
255759035753
255757631550
255756483793
255743660073
255765630559
255743064914
255748423021
255748649407
255742475188
255765004446
255758327689
255748694767
255763140638
255752888548
255766102518
255759472704
255763295135
255753470288
255769622324
255758334139
255762009521
255759981173
255759239372
255767550702
255763752435
255744670879
255767580802
255744194118
255744158624
255747717783
255744804822
255755561229
255744727783
255765490394
255758119911
255754906130
255759051449
255745201937
255746138679
255742283283
255743760796
255748076344
255748120908
255762857177
255768945606
255758714920
255759508613
255742318402
255759708233
255743551693
255755775985
255746575556
255766016439
255767627961
255759311242
255742837500
255753066588
255767082991
255755812272
255744227798
255747949165
255743397487
255745393827
255747850339
255747734387
255756720758
255753077073
255769643215
255752380186
255758660806
255769610806
255747791278
255768724800
255759172262
255746715247
255746042985
255757363221
255766235631
255768860111
255769519125
255742062245
255746010447
255754616078
255757045509
255757761629
255752817762
255747419530
255753012857
255746350151
255754014511
255767897460
255744825425
255769069745
255748428448
255766378532
255756397590
255764679055
255756972546
255752820134
255764238171
255769345553
255748089134
255744205010
255744412929
255762159773
255745216851
255755217267
255744041920
255763354626
255744975833
255762859771
255743703550
255754294503
255747894391
255747955633
255745065253
255758553473
255769328038
255767167385
255765985807
255753447316
255764292656
255743338024
255765777337
255747212145
255743089643
255743059043
255748243292
255746765615
255746626103
255762208405
255766658569
255747198690
255766766850
255763871389
255758236099
255765175154
255769895395
255748065151
255766774746
255763149408
255744107990
255746302908
255763876487
255764715778
255748572421
255756298069
255762900126
255765541744
255748470801
255769593451
255766716737
255754459040
255768871764
255753611785
255757414627
255759981498
255753841378
255764749911
255745637174
255746959583
255754389202
255762419089
255766329114
255748295006
255743849311
255763271033
255748316920
255765989441
255766784295
255747932388
255742492018
255762001088
255755104561
255766721001
255758191289
255763803255
255745069991
255765116227
255747744746
255753449897
255765600760
255755682466
255769464832
255742297705
255758452633
255747352551
255762361762
255743376420
255747761775
255756022487
255743145199
255759926762
255743343003
255744756216
255756516579
255764738620
255753161597
255748046103
255765480133
255745415782
255756770347
255747573032
255747978760
255756434483
255759174600
255763108636
255765515368
255746156698
255748170456
255742366266
255768761628
255764131870
255753258851
255748364408
255752781657
255767093114
255744596696
255748624417
255745385404
255768339358
255747592852
255763594577
255745035018
255765743576
255759286352
255762826617
255742818186
255766869563
255748353187
255768661443
255748349953
255744549683
255757010410
255743530929
255746546114
255767254688
255747139693
255762587358
255754509974
255759265126
255768886981
255767207084
255767618163
255753153904
255766965236
255746095929
255768178030
255748251590
255762902933
255763268199
255768479013
255758713478
255747124467
255745237901
255747400305
255755851104
255758757959
255767665029
255764163008
255747449115
255744800095
255742996506
255746388711
255747059979
255755382869
255763156514
255768061363
255752810706
255746079269
255763146774
255756311179
255746426677
255744787770
255743093208
255742559654
255758731104
255759056931
255743800151
255746522370
255746507471
255769189165
255745136037
255769898211
255745394646
255758275728
255755885820
255765596469
255745394148
255745377405
255765821665
255752297488
255742874840
255769641195
255755073013
255768025922
255762397230
255768059315
255748227138
255766128594
255766667152
255755691899
255758148703
255745349606
255756673559
255745689962
255742242557
255763503079
255767724149
255745563492
255757878988
255759500189
255767985359
255743581577
255742061930
255768297646
255757555382
255768467320
255759525682
255758359561
255746941523
255746838399
255763296192
255766533719
255759183035
255765886975
255756468008
255743718737
255746834774
255759978928
255742770731
255756391668
255766541889
255753238890
255762014965
255745281943
255752608990
255769277964
255768403492
255757150982
255753484147
255767843195
255752970495
255745885700
255753202328
255767461561
255743961852
255763756041
255745517642
255754621247
255744893469
255746013504
255743225162
255763956057
255748460862
255757629230
255746134716
255748243048
255743659917
255758293816
255747684216
255745051635
255758293314
255764313026
255753639796
255765806854
255763821639
255747273811
255756268557
255746807476
255742861386
255742587611
255759142524
255742341819
255745293977
255763585021
255762164817
255769712122
255765145936
255743000128
255747553881
255756861118
255752053525
255757679265
255759874175
255756496337
255743674366
255764774007
255745640891
255758797200
255762342729
255765653548
255759338107
255743912938
255763342173
255763905385
255762804038
255747716472
255756506615
255743778222
255747726650
255754320651
255757310651
255752626161
255744642812
255758431820
255744491619
255763218481
255768363849
255743554077
255744107711
255743047003
255744648607
255762738957
255747725165
255766419735
255742881925
255764093971
255759960022
255752499243
255755975658
255757740413
255755191254
255753147121
255765162430
255746075388
255768807445
255764390010
255746117964
255759677122
255767380010
255743687371
255769320710
255763897645
255745179538
255754869559
255764340914
255759285097
255742722268
255768590413
255768735427
255755193218
255743043912
255766657734
255768432191
255757939173
255764498627
255747404958
255747362100
255769892671
255752460263
255759861257
255742495578
255742103856
255759214207
255767275078
255744495838
255745833121
255768648986
255762396547
255764028966
255758647162
255768010467
255747567993
255746933844
255766133283
255759944759
255766187375
255763731713
255745508147
255747126024
255763223917
255746354430
255746592137
255763990871
255752118832
255745873459
255742421256
255762559351
255768265919
255746432169
255752848626
255747597809
255748060942
255752370111
255748602946
255769652610
255746594319
255754632460
255762233307
255746682338
255762283829
255747860298
255743512490
255755898744
255765512636
255747892585
255746135415
255743753264
255754384849
255762839812
255769344749
255752213147
255763188673
255765439567
255768386191
255747801612
255755229683
255764327522
255746999586
255758635726
255752826488
255766289840
255748010266
255747569674
255768269116
255762535069
255754521776
255768405404
255762714996
255748017899
255765272604
255768036976
255742049566
255756202558
255747221441
255758321992
255755221299
255759732033
255745050905
255752480813
255755383489
255746559527
255768374663
255768640550
255756820500
255742813586
255767921867
255769876343
255754737397
255768098765
255753240165
255765446474
255744539042
255763518215
255764744898
255756081044
255752019154
255764626720
255743203342
255769571300
255742759278
255756518760
255765251069
255758184768
255762183995
255748655878
255758558846
255754310334
255744826295
255769570572
255748285408
255746872201
255764268280
255752647147
255752356799
255745137995
255746949189
255746388596
255763297484
255767576429
255758350704
255767753158
255746334892
255769907847
255744242872
255763060947
255762788382
255747249647
255768384254
255745685415
255753446026
255764545573
255758450914
255742050911
255755046118
255742030218
255758652809
255744317294
255767713820
255746767422
255746270286
255747327497
255766683533
255766319999
255744981680
255745729172
255767385155
255755236152
255768184871
255745998389
255765472678
255763719194
255743054318
255742326003
255766600318
255748712368
255742791080
255746780759
255743282521
255744545391
255764864669
255756736951
255766057476
255757073496
255759063397
255746747691
255748669109
255769419683
255768859200
255763375733
255743692423
255768671796
255742475335
255753221643
255742428308
255742122162
255748045398
255765007271
255765015922
255748299117
255764219980
255768123453
255746476990
255752281598
255758674690
255765104825
255752729851
255756799569
255759237287
255752901246
255743561363
255752038775
255756586312
255768039468
255765079868
255757394047
255764781067
255763913425
255769873785
255743950314
255765584025
255743818299
255746400056
255744156988
255744020715
255744076443
255755780770
255769866982
255748098603
255758655061
255753743961
255746569804
255758280718
255765584591
255746630234
255756667663
255767189880
255755147451
255758687304
255743847369
255755153330
255763397977
255757354314
255769579316
255752399387
255769652821
255746178588
255743087046
255744179745
255744494284
255766574971
255768847386
255747963237
255743140621
255747484284
255758736150
255759465000
255763026564
255745847036
255762616487
255754884347
255744656680
255759492231
255748227602
255766169347
255764983170
255758196531
255745889839
255758169829
255754349466
255767218363
255763180648
255744830473
255765371217
255753708157
255764001304
255757357060
255752940107
255755343337
255744885777
255746721300
255758465637
255743646798
255747082566
255762785398
255753738185
255755455423
255766829433
255744146205
255766512611
255765451358
255755492652
255765431158
255742645639
255743251055
255768961271
255759402384
255748329782
255763575386
255747345208
255766647281
255764990259
255757282490
255744057549
255752120685
255759969203
255744273921
255752603058
255765092720
255746757430
255766224476
255748310032
255767315068
255769335266
255763161938
255752409838
255759811927
255759493863
255762767638
255748450439
255766322844
255762236574
255753164758
255769963792
255768671727
255754930523
255756552688
255755692119
255765455034
255766100218
255745501156
255758439090
255755499399
255752936433
255767171456
255744488647
255744445297
255765837328
255756848225
255747773380
255747685716
255768882089
255763428524
255765543133
255768583733
255769898242
255768845331
255768845533
255753467193
255763226990
255767456722
255767965263
255752989874
255754980237
255747824100
255744144374
255767230493
255743140569
255757580625
255753453611
255756311383
255752721018
255747584544
255755289607
255766632041
255742221077
255744917112
255744644473
255764078988
255754056030
255769564917
255769581323
255759730294
255769506398
255766775921
255753459455
255769347914
255762598078
255742333709
255758683011
255757330069
255759515662
255763558716
255757255734
255746377245
255764588449
255744755565
255743222690
255744243215
255753924926
255744852647
255769035445
255758624788
255759506935
255766141899
255742672107
255742518774
255754941464
255753884873
255746773536
255752228338
255754324764
255769821681
255752340829
255747595554
255748762793
255742823983
255763971686
255765313430
255754273227
255765356379
255752064376
255757283727
255767516546
255742371937
255747706006
255745078449
255765720579
255754813545
255746394068
255742248414
255752684768
255756833273
255762669348
255763478262
255747562738
255759641047
255768545555
255747463531
255758714010
255743950807
255767178608
255742172233
255747057880
255768225301
255769776804
255755000065
255744451973
255754558562
255767142407
255743154797
255765389709
255759069205
255769891728
255747810362
255745881867
255765803960
255757590945
255762704276
255752314978
255743802449
255757837759
255753720851
255744345887
255758282037
255765316832
255757511985
255768249568
255747869188
255746990637
255756852866
255759727823
255752223521
255744232390
255758463450
255759097428
255743372652
255744546094
255756951344
255768929340
255742990079
255746185030
255768025130
255764070904
255766456200
255763846892
255742067969
255756257346
255762108904
255744539100
255747182616
255764737118
255747910919
255746787070
255746522462
255765615491
255763431261
255752201277
255766194069
255768900907
255762364341
255766035983
255746469185
255758088939
255763261280
255757221086
255755094029
255743134833
255746150045
255755172816
255767236072
255763989996
255763377140
255767695993
255747273298
255753696710
255747195421
255755154141
255758108774
255752360495
255763272330
255748267745
255753426383
255755184084
255763011883
255763716230
255745200190
255765762114
255756578829
255744663092
255744397145
255758655686
255759725421
255748172868
255747689446
255753808343
255752601195
255757489524
255754966559
255757199414
255752138810
255748456617
255762011326
255756690848
255764154302
255759476324
255765176235
255747825755
255756911858
255745538267
255768615556
255743140268
255767742188
255769879050
255764264520
255746114630
255767884883
255747270582
255765479465
255766388063
255765029868
255743095467
255763538679
255767748282
255746886685
255742014153
255743079196
255765339072
255766584397
255755965345
255759861212
255762276353
255748063604
255767372676
255752004376
255767849364
255742285543
255742760697
255759111313
255769643696
255755314631
255743847505
255746603431
255756971595
255756085922
255752898765
255769975477
255764367214
255767430785
255758645949
255743845006
255756509363
255764303547
255747576848
255752766476
255747819635
255747733014
255743388530
255768753158
255746788071
255745579446
255746061890
255747120734
255747858420
255758003005
255747807843
255755073741
255742682115
255769757414
255756628144
255752710435
255742768694
255767897175
255742533068
255747933246
255764013126
255762917504
255768028791
255757812799
255753024191
255756819353
255759003745
255764088636
255745164081
255766522397
255766046661
255769515675
255742084916
255758332516
255765254535
255742208998
255759158393
255743919114
255756503223
255766689757
255759112737
255743550551
255752569957
255764879199
255767224974
255757732713
255769166584
255744277434
255745485583
255744550595
255753454888
255757169263
255753796593
255745800187
255768558305
255768365195
255769276474
255767052368
255755786542
255746097132
255758201219
255759137349
255743386982
255743321268
255748384893
255762984444
255763437561
255763232814
255768751875
255742143824
255764560017
255758454414
255743251143
255765876026
255754330854
255753234602
255757381360
255768878886
255759678757
255763562679
255759875275
255752755111
255747631575
255768542276
255742895527
255746003622
255759747580
255752214990
255753807861
255769967892
255766057378
255768642407
255743093772
255744578061
255745914143
255768761041
255764590644
255745594284
255757148697
255764405601
255767105028
255755283244
255752289749
255752530674
255763493917
255766589624
255768645524
255752021077
255745598342
255765950577
255755841903
255744254077
255756251536
255756335583
255766815285
255765156343
255742680621
255756847237
255753496531
255752929317
255743278911
255767314202
255757853452
255745714099
255753119913
255768671507
255757740545
255766443859
255758698884
255767019635
255757388020
255758179398
255766188542
255763114699
255763164396
255742175826
255763949090
255745295298
255759017633
255756476804
255768011936
255752241439
255755708592
255743752962
255757429799
255752521912
255759755846
255748116942
255768966099
255766382566
255752877854
255753355088
255765183410
255746759158
255763950245
255742535256
255752020313
255754814701
255759689305
255746783586
255765480201
255757034985
255763522180
255746693688
255747813129
255748734371
255752156771
255762946928
255747904774
255747686001
255756042068
255757283538
255745266452
255748725543
255742081091
255764973709
255743246454
255764886866
255759527935
255754370965
255759388110
255767961467
255765591812
255745349313
255747174935
255768591455
255752337954
255756484469
255768929018
255743598720
255747095146
255759285027
255763029946
255765445174
255766137305
752259388
255743833144
255745803245
255743512703
255764277481
255742200971
255758507391
255752764583
255748148751
255744472815
255758598125
255746334133
255753529584
255764510833
255758539784
255769260930
255758317737
255745263978
255757898962
255767885071
255758559061
255763231476
255768330605
255762232872
255758053100
255752568189
255765761710
255768862612
255748257167
255759324081
255744795036
255763275376
255753993364
255766695971
255756300937
255768498420
255747044094
255746743820
255765054089
255747186134
255746291793
255753085313
255768560827
255746206716
255744166151
255752325414
255766301392
255747465445
255748381972
255758128315
255767814759
255765544086
255765629923
255752054498
255744047294
255746698742
255743520532
255756495565
255768855211
255762236724
255762802576
255748104808
255758715651
255769409274
255744213887
255755917328
255744889331
255748383075
255752726313
255766429245
255763280924
255767068358
255756594467
255747054838
255765032677
255767446223
255743237250
255767476120
255764486623
255763903286
255759427320
255753881944
255764467836
255759744860
255759685289
255766320087
255755033121
255748353386
255743823264
255768210270
255746828339
255763088041
255759919693
255767515667
255756285787
255747823871
255743801201
255747322188
255768054484
255769463398
255768917706
255765906967
255765380171
255748373298
255752178205
255752204317
255757563213
255759882325
255764387287
255769878694
255746296717
255762986571
255747315097
255744583507
255745223906
255769982552
255767979375
255753913519
255742498057
255746580688
255769478061
255767441968
255768387497
255753096294
255752613027
255745249274
255763216927
255765825600
255763817091
255757041250
255758403677
255763527795
255769438212
255754967736
255747210496
255753137715
255746251062
255746341871
255759184985
255767568464
255753765265
255743322007
255759778103
255759147394
255756519758
255742031194
255745711007
255754920493
255767280512
255742804374
255756080109
255758391136
255756460691
255767657175
255747370557
255744438875
255755810435
255768962067
255748127417
255768133773
255757935660
255765114084
255759761786
255758954266
255746822399
255748336563
255766844582
255752480828
255747694369
255764751366
255765081631
255744750951
255754088241
255762189176
255755513583
255752895329
255764182444
255745658018
255764986264
255743933968
255756098558
255759275183
255764403523
255767124465
255745595282
255766310128
255768771775
255769669184
255768239693
255754897433
255758159219
255743274958
255764432019
255743516665
255744666982
255769965898
255762117360
255752712036
255754894108
255747808614
255745038845
255743851816
255742118294
255746363847
255742243872
255768013784
255742845841
255742489684
255748246089
255766963936
255744308596
255757189925
255769738759
255766629653
255758376355
255762572011
255768949143
255742762053
255752521697
255745519478
255765005119
255762372756
255765286184
255742112296
255758605675
255745881109
255753284703
255742477781
255742184395
255769583627
255768189834
255768889906
255757653044
255766962538
255754929748
255747744701
255765416542
255757476019
255759416419
255747675069
255757230796
255762068847
255758173796
255748728485
255757718329
255752536171
255766388781
255742852395
255763106612
255745784086
255752656562
255756797233
255743746400
255753017070
255756949636
255743248510
255756188353
255744122209
255743278718
255743561613
255763538458
255759485275
255744436589
255764049385
255762044529
255743026768
255743704112
255767598074
255766334203
255747456959
255745484411
255757321437
255759703337
255757741666
255759341337
255746073949
255762312597
255744079532
255753192310
255767493796
255744229846
255768030347
255766298965
255757550155
255764220098
255747959308
255742655344
255759510279
255766134423
255744941467
255747912112
255766201519
255766779840
255743834044
255762303373
255742827643
255745472806
255753556305
255763256703
255747677658
255769147069
255765996243
255748055613
255769142015
255754744388
255742692314
255743735858
255742574942
255757832137
255758474672
255744683147
255758092828
255752121160
255758138838
255767277903
255743175330
255742613273
255742035128
255759615764
255765933374
255742663689
255766006521
255759307492
255745335498
255747990166
255756598187
255769399860
255764209735
255742867867
255747025729
255745128824
255743737681
255743878414
255743295438
255765864880
255755235233
255756746517
255748740716
255768624595
255747578451
255764823704
255742084426
255757560250
255769374270
255759639563
255744663641
255747760736
255743497031
255759348636
255764167401
255752786761
255759518786
255757163480
255758703348
255765048507
255748179568
255757668408
255753041461
255765644551
255746474804
255744980688
255754544681
255769690106
255762083808
255756742295
255744153264
255755856094
255746750877
255747210155
255759706450
255743359027
255752317893
255744220155
255762758180
255769882475
255743753032
255769387223
255764955856
255757970358
255754960594
255745906356
255745593852
255768494383
255762336767
255753045698
255765449717
255752018928
255747173820
255768065381
255748208286
255743297142
255747918095
255766458179
255742906701
255745267742
255757394327
255753759597
255752059579
255745791052
255766330929
255753339787
255753493880
255769518035
255753842862
255746852584
255747238766
255769985611
255763398354
255756577836
255747803955
255752484257
255745469607
255758794043
255766953778
255742178391
255753401941
255758352805
255766080591
255742406676
255744704225
255755090781
255766715915
255746637169
255746353221
255767320703
255747117955
255745601875
255757050972
255767815076
255768461937
255769067614
255759942169
255757390116
255745978171
255769024029
255764441361
255769301489
255754848009
255762489324
255765615653
255756283861
255758376230
255759643772
255762984723
255769196297
255759894095
255763434327
255762754102
255767489869
255745087657
255753410584
255744780242
255756884417
255763434794
255765063339
255745158183
255769167490
255756438538
255744656267
255747488632
255763320661
255762000317
255762732963
255746994170
255764911650
255746068985
255769536476
255759747892
255747297099
255752930063
255758565299
255745183202
255746587140
255759412131
255742674039
255748196532
255757819914
255762293845
255758315260
255758005497
255758651094
255747330783
255769241345
255744072982
255759498573
255753376794
255746315634
255763984804
255759955790
255755018773
255759705450
255743283323
255765079623
255747800876
255768083948
255768320870
255752391312
255768168149
255744951543
255753379760
255768332255
255769462440
255757332685
255747128706
255759332314
255759925478
255765548337
255744547421
255753502504
255765578778
255742131506
255763885701
255743579207
255752384107
255766120786
255753269486
255769666126
255756381691
255742232772
255742326545
255744489091
255763834840
255747539421
255766863394
255758341519
255742029792
255759377431
255758647055
255743237813
255754336630
255765734782
255744359955
255768774284
255764646448
255757627596
255742083844
255754277493
255759458069
255753882326
255752468957
255759210917
255742619952
255743431715
255766176668
255763509760
255758696681
255747553407
255745392557
255754462156
255764805038
255762676858
255765814911
255768288174
255768359910
255769195812
255763510213
255743089551
255762536124
255746998583
255753906990
255766259088
255763866089
255758594709
255764998343
255755816948
255769883723
255752696861
255743309380
255755502211
255765263938
255753732814
255747224351
255745328634
255759432325
255752990413
255759126719
255747711144
255757654851
255763389721
255763851862
255764380233
255747583558
255766048454
255768695529
255764400395
255756831534
255745021522
255747365668
255748621569
255744284177
255753431192
255758567556
255755000835
255758534492
255766728525
255746908520
255763741089
255755933310
255746083035
255755647057
255769606457
255756802349
255768259683
255768156710
255757308845
255764268552
255767347601
255766337594
255743805456
255762859861
255743477686
255744994350
255752218003
255742657421
255759067576
255747440145
255753928610
255742714037
255744571310
255746987844
255747941422
255763328722
255769061594
255742020420
255759878831
255764331012
255743236012
255744055071
255752736859
255765669863
255768470614
255746188879
255756058940
255755400660
255754411381
255767001629
255769091529
255753960172
255764451767
255752834033
255747873781
255765079908
255758107093
255767953612
255763716456
255742425534
255757420871
255754835193
255769958222
255762992346
255767089961
255758512737
255759473456
255767923047
255744463787
255756228115
255745193459
255755818658
255743632502
255755118301
255764443024
255756820467
255744506889
255756316908
255757638577
255766602472
255744777979
255747570166
255748231896
255768926462
255757296629
255744338589
255745128860
255753545405
255754256522
255742996539
255763408924
255744112187
255744704528
255759025286
255745326761
255745099226
255746211461
255759374453
255767968557
255766672844
255766451382
255762813647
255744339146
255742038973
255747922194
255753540728
255754406084
255745045743
255766993595
255767070751
255759090368
255768376148
255759411474
255743377557
255746416586
255762704000
255746664756
255746482406
255764082119
255742804211
255744644135
255757122235
255755434316
255756074713
255744816077
255763407005
255747307702
255745050642
255746415166
255758190551
255769144094
255743095607
255767765805
255769798238
255753070771
255746659695
255747174255
255768278835
255768248737
255756914497
255743242916
255742515056
255758149309
255768261031
255746807352
255764649248
255753554044
255769590378
255768046029
255767317681
255744054824
255742601083
255762188635
255766129219
255747198583
255748692249
255768292469
255759281720
255759219012
255746933942
255748247367
255754747089
255745126096
255758411695
255745306088
255763797441
255765728363
255763237460
255748412050
255766532792
255743275251
255747513500
255763452217
255766398569
255759601551
255744615193
255769329607
255755707882
255764137502
255759809066
255758262427
255747285417
255769049765
255767611550
255769667482
255744254286
255766604829
255752052311
255767671762
255745511230
255758622799
255756781551
255759504952
255747714495
255746999798
255768917125
255759918547
255759624237
255766843928
255757201104
255753786390
255744074148
255762483057
255754557318
255743580748
255752181331
255744289458
255752685958
255767427099
255766632418
255762321997
255758786487
255743200743
255744995284
255758533393
255758959259
255763036576
255752129224
255758267669
255755932463
255744595930
255747707151
255753171236
255744662204
255747107194
255758548217
255768341329
255748253219
255746803173
255764268645
255769630929
255757303922
255766063328
255752467818
255752260966
255745735068
255757801391
255764027149
255754489293
255743352810
255767053037
255767128706
255745275176
255747894149
255743969872
255747006025
255745584126
255744308847
255768135309
255763068897
255753053158
255756939781
255746838311
255758125306
255744571865
255744286319
255744489002
255762411140
255754494256
255764818133
255755755173
255743752034
255743732433
255742387019
255748712336
255745165933
255747884244
255767680537
255747328704
255743553934
255743515599
255769035515
255753966747
255752043922
255745257624
255746217633
255756233042
255744175023
255758998475
255743631024
255765010162
255744028040
255768566716
255763089423
255766828389
255762617195
255744438769
255748413091
255742265076
255746989945
255745720869
255766222688
255768264051
255747104685
255763445433
255752343122
255748487184
255748048475
255769137096
255744249581
255767308455
255762074220
255757841939
255759432607
255762359953
255744096344
255746938913
255746885528
255766916327
255756295603
255763734950
255743910426
255752113652
255747764952
255754371864
255746771144
255745327463
255766271509
255744855390
255753144316
255742131430
255742103477
255748440008
255757949031
255764807616
255764827613
255757209692
255757763305
255746717740
255762732657
255768321667
255767805835
255763494387
255748749726
255746451924
255765977134
255756594240
255745708061
255753479183
255756695677
255768908227
255743234384
255743411032
255753069863
255747815983
255759186910
255746215760
255758502716
255754271234
255767245279
255745954360
255748258705
255746338794
255756928945
255762933550
255752099388
255765565689
255764322310
255744964218
255768937428
255756094648
255748743719
255744156391
255769332810
255762629239
255765521317
255744603512
255769482385
255757260336
255765732133
255742331905
255752713196
255747034878
255759154488
255769125156
255759134687
255743391998
255767920753
255768164789
255747841514
255757601378
255753453543
255763482625
255768412825
255752542103
255755768539
255758226553
255768503586
255747491958
255742969853
255765722594
255745932869
255742745263
255746512340
255747181530
255764402303
255769482003
255764589533
255762773584
255742035047
255742225991
255763047172
255766335727
255743590652
255747065890
255747826402
255767066495
255759497285
255743841092
255758658091
255752280873
255765075198
255742658280
255744795513
255764327383
255769512532
255759899849
255759567169
255746578173
255744319264
255764503133
255767623368
255746975707
255757828896
255767667948
255748570104
255742117356
255744669512
255745550202
255743251476
255765070380
255746133507
255764120215
255754292038
255745735445
255744973137
255764763530
255744415600
255742859098
255763560937
255764213258
255756824486
255753949952
255748285834
255769040971
255763730461
255747937409
255756731078
255767972468
255744677499
255752095153
255769476046
255752991208
255755030136
255747338732
255764195090
255752210693
255742602911
255743542008
255759084915
255757083045
255745405032
255744597753
255763082432
255766020617
255756438920
255762487683
255762139264
255759815469
255744097580
255764502825
255747834687
255768285818
255746521593
255746119091
255756523527
255758264009
255743692274
255746079128
255753036492
255768506607
255769471936
255748419305
255748028056
255748477532
255748343037
255752311298
255747081067
255768097335
255748122552
255745526908
255766409199
255758667628
255764377037
255759310554
255769534088
255759697244
255765007993
255747691957
255746611980
255765826461
255743074944
255768731222
255764504088
255755898308
255767844721
255769033477
255752744792
255756747372
255757089821
255752963669
255763731951
255744578468
255742722876
255763019016
255768932459
255769866694
255746034762
255765551010
255743043888
255767717908
255756926628
255752652309
255742491604
255765970101
255748300960
255764401634
255754694877
255765609563
255747022881
255768715719
255742305717
255764590210
255763747715
255746262308
255758970521
255752564410
255743458244
255765515363
255747365470
255743110292
255768673150
255747687665
255769067715
255758081822
255758174721
255764038035
255745915583
255762057237
255765816224
255747577757
255745906837
255769167243
255763095532
255767842189
255759696940
255765065036
255744974801
255765031508
255764006195
255754527784
255747954601
255756179016
255764243448
255745848096
255742074762
255746869151
255769115149
255752214932
255742110768
255757870592
255763013750
255742928931
255768160132
255767331070
255754770190
255758105243
255755955192
255762011231
255756015236
255767337539
255746010929
255743502126
255744189595
255753773800
255743607735
255758779016
255742595446
255742470493
255752671642
255762553601
255763819425
255766021597
255747942805
255766805779
255747921149
255759077375
255747410542
255767809133
255752408464
255765181724
255748385045
255752629513
255767711689
255742677924
255763429459
255742626769
255757999010
255768379932
255755636411
255742314733
255755764199
255753655756
255754994909
255756213369
255747167936
255747642780
255757022161
255744698263
756007803
255769670072
255746128167
255768845513
255743580153
255752464687
255768875913
255743835051
255743241885
255767952504
255763443685
255767463110
255748421595
255752722743
255746654726
255745479910
255758549057
255746124288
255743941761
255762690442
255752338075
255758229898
255759288339
255745071134
255743706582
255748081834
255768446270
255742671176
255766507366
255745213914
255744242895
255766934614
255764462750
255754202354
255743027359
255758767032
255757511661
255748430108
255747538751
255754759137
255762535606
255744544137
255764826010
255768402854
255768958835
255766746459
255763773603
255764920421
255758039667
255747185644
255767310793
255745601052
255756317268
255757543136
255768620725
255762481541
255745935910
255758135734
255759615931
255747939718
255748069575
255765745583
255765912937
255745569216
255745757345
255745007817
255767801051
255767944576
255744306329
255759976020
255754376696
255757332648
255747633451
255753055813
255752000213
255759267946
255765277957
255748277571
255752673992
255767786553
255759251834
255759886410
255755652140
255747714568
255744168964
255742607757
255759916643
255747726137
255743660607
255744547266
255758970655
255767741054
255744366709
255744375150
255742325604
255752308235
255767610719
255763989517
255747675133
255742907445
255764620719
255762913904
255745358541
255742784047
255745638841
255747982171
255766638005
255744427631
255768298244
255768021253
255758462023
255753770865
255762415782
255756966723
255752281230
255753549233
255754876650
255759609045
255753295820
255753174675
255757454683
255753750694
255768096376
255767417366
255746632041
255765587149
255758324954
255744461128
255762559546
255767981444
255764991444
255766452064
255765387098
255743571130
255756670822
255762819175
255743098078
255769763786
255763272124
255747671162
255768411085
255745541778
255767135250
255767185358
255747102162
255765957580
255769587230
255764370430
255746757273
255757062881
255763800032
255764540393
255768128915
255765861588
255765508595
255764988590
255744781702
255763558295
255743570176
255752713243
255769857357
255747741222
255742385062
255743953281
255743049487
255747943444
255757197414
255747052194
255753095666
255765971233
255767665655
255742293850
255748230063
255743185476
255758643199
255745125176
255757291191
255764903790
255752632715
255754560967
255766661848
255742056285
255747139991
255755045684
255747189091
255769033438
255763351765
255746454237
255766610332
255764981751
255759336165
255763999166
255763754745
255759733017
255764882684
255768305398
255748258630
255744780869
255759864530
255764688617
255759787143
255744140180
255769951777
255746944171
255747262589
255744996742
255745143901
255748133904
255768538272
255746828744
255746383132
255763764579
255747078849
255743993357
255752330448
255759721457
255744413576
255747274831
255766051233
255769264927
255765288824
255765390206
255756706751
255742136482
255748082216
255746979881
255746815849
255762969384
255755389488
255757032802
255747842907
255766521893
255758668559
255766150312
255759966708
255755754892
255764639079
255768426774
255748748248
255757265370
255748034223
255768531634
255742639836
255742772296
255747992215
255757610028
255767954437
255757534015
255744323234
255752659299
255765455659
255742347537
255746298932
255759144025
255765619091
255747924438
255756618068
255754654163
255747450045
255765351289
255759400381
255762631716
255763376901
255759626147
255748643421
255748123154
255754577280
255768626396
255746657327
255742937507
255742761261
255744444894
255744796821
255767281303
255755714534
255769939611
255743281787
255747980761
255748129628
255744547224
255747537220
255766819245
255759954631
255767679644
255767465197
255752181711
255744606788
255757874375
255744862665
255744196138
255747240892
255757894272
255759377507
255742841583
255768786290
255752755209
255766133398
255757468813
255756492627
255742982533
255766841038
255753596931
255762765804
255743321309
255744938116
255754351981
255754381581
255759260776
255757363797
255747377275
255765667174
255765843677
255754032329
255746992947
255769908602
255748456304
255746734148
255742919153
255752600223
255758015024
255767294795
255748066538
255742507444
255757373703
255769176471
255755473016
255755646770
255745295728
255742005167
255747566602
255764578056
255756090929
255755429774
255763487462
255769678575
255766587966
255763251518
255769107847
255759253178
255747310213
255763267332
255742357492
255752466856
255756301360
255748673404
255746418229
255744668815
255765879697
255768782325
255754699545
255764963114
255759021642
255769973119
255748320525
255746994487
255746468877
255745425182
255768798976
255759400741
255743938607
255767371934
255753614066
255767445188
255758590329
255768934847
255764212239
255755567850
255767061463
255767379415
255765784710
255742731972
255766462780
255742170415
255746054789
255762827100
255767592551
255766413192
255763150084
255756944128
255759304217
255755928181
255766835043
255748101267
255743882980
255747726343
255746032526
255744795590
255769940125
255743107275
255752261721
255764027623
255763181544
255765662398
255765142576
255762393642
255762065626
255759706265
255766694751
255757946148
255758711208
255768762979
255762182345
255756173760
255768634927
255759232909
255747906203
255767582641
255746366389
255769432404
255746992896
255765266136
255746104081
255743369636
255748133037
255753219683
255766604524
255769473217
255769795820
255747761969
255755188830
255767116280
255746800346
255759667340
255758971514
255753961318
255745319407
255765513675
255746167894
255746711247
255755665435
255752346344
255764757824
255764147055
255757372171
255769618142
255743355540
255766785965
255769282905
255746065612
255746690929
255769478293
255759243427
255746403772
255759026430
255742126678
255747989092
255752859194
255766541842
255766623089
255745435725
255743471858
255759655310
255748149906
255765930338
255764123124
255768266295
255742299282
255759293821
255752354245
255743092446
255752498624
255745766698
255757361823
255763310661
255742179139
255745775736
255762047921
255765129742
255763460378
255768976653
255747502180
255745814154
255744903439
255742800440
255754317048
255766962632
255745192494
255764680179
255767627889
255769987395
255766775205
255742246468
255766119769
255762010136
255752944568
255758767719
255745046177
255742153200
255763494084
255765744025
255757471300
255745450317
255747990876
255758274530
255745606725
255742093485
255743957520
255766739095
255768657190
255756347415
255742875954
255763125564
255769978162
255765127410
255762781718
255755918746
255765358405
255763212824
255764270804
255754514650
255748312164
255767681088
255744434977
255759162891
255758698779
255747898213
255765496845
255743067010
255748765407
255747634479
255742331975
255755531211
255765584959
255743735000
255744858916
255752121245
255754825135
255758969381
255756187386
255747471720
255764969343
255769748378
255762745784
255744235726
255742298759
255756559102
255745877036
255767921528
255767629793
255752361350
255767994469
255763231415
255765276571
255763124606
255752382857
255744754325
255763459679
255742189759
255742919151
255759433783
255744430659
255745513129
255764254429
255759864321
255744809348
255767816506
255753284610
255742195473
255758063439
255742675603
255753349525
255745845001
255755915202
255747946092
255763402338
255769712850
255742280911
255744825938
255767142262
255768254584
255762987654
255744203433
255766935202
255745745058
255746710181
255746542677
255743458872
255767013023
255768518726
255767440471
255755689699
255757994243
255742953047
255754823165
255744317738
255759461550
255756451452
255765971399
255747940136
255767520511
255754577528
255745689059
255747735049
255767226930
255762297412
255748137112
255769255366
255755485958
255753809175
255756926656
255766447058
255752152855
255753761918
255768501760
255752752563
255746479530
255745793725
255753708101
255754770586
255769328379
255747979050
255763822729
255746744931
255766368628
255742262929
255745526230
255769279246
255744189887
255752548511
255763169499
255764223106
255743809683
255752909892
255759264150
255763210940
255765250241
255765005671
255753381099
255765537430
255756867172
255762988691
255764245316
255763259526
255742467340
255762227931
255742044458
255764917831
255763341284
255756245052
255742094055
255762661571
255769947524
255766178518
255742186661
255743835176
255767785841
255747463573
255763060300
255769435224
255769331532
255742710301
255743322759
255753548443
255766613370
255769445397
255747979143
255767371926
255745665987
255747320429
255755462188
255756064122
255769200523
255769554457
255754878656
255753995802
255742551027
255765799193
255757902838
255747705429
255746074426
255746585126
255768759093
255758057743
255764898866
255757800953
255758283894
255768745993
255744408399
255748409280
255757509088
255745422234
255742623720
255752331664
255762177747
255753320607
255755970330
255743114530
255747393950
255759635132
255745824085
255766401678
255745828860
255744830945
255762163201
255768033902
255766398441
255757825601
255768100128
255745977930
255744236661
255742164904
255755571968
255762856727
255759624026
255747015977
255757748091
255744167168
255744025977
255764127759
255744596676
255767117759
255743864118
255764563593
255768089320
255748157828
255764546507
255766674318
255748095666
255745332013
255745023399
255757120522
255762259063
255743282065
255748492712
255766746601
255753762529
255753485614
255765344592
255744306963
255765394199
255758573001
255767852234
255768016751
255763008135
255768801423
255763317104
255745986263
255763766577
255745385612
255767277789
255759803330
255742967931
255756543767
255746714259
255767722462
255758446776
255758514375
255766426284
255769685202
255744944366
255762458363
255763376394
255747523773
255743225599
255756947466
255744542520
255752548841
255758584301
255745147652
255762788181
255757643386
255744901137
255767171969
255762377761
255756187702
255762616610
255765071823
255748393154
255755269878
255766628677
255769368776
255755268170
255758996620
255762817761
255757251303
255769613198
255743976627
255765121417
255765533575
255748395297
255765355960
255763586824
255747660849
255765331857
255746863354
255759498793
255744706634
255746776013
255757133461
255765135349
255742220588
255769537920
255753000781
255762462156
255767380028
255755527994
255764954316
255759675457
255768546593
255744073758
255766448180
255747694971
255748281304
255756323397
255744006411
255769963330
255763209740
255752378441
255768760107
255758484402
255746647701
255752411790
255745589339
255756586013
255766857773
255746774604
255767503483
255753718321
255765960822
255759737285
255768861156
255747243256
255762797709
255742168538
255747409697
255763219494
255746654158
255758306575
255752073114
255743624080
255747398978
255742456211
255746318735
255769080982
255744958173
255763214293
255758893446
255757750029
255764906637
255756480082
255748083196
255742776939
255748668184
255747689577
255747782546
255767928583
255756810105
255745025453
255742021700
255768795670
255745708391
255753433423
255756290186
255769601643
255742501769
255759163293
255764766099
255744476526
255748718599
255767088985
255758301944
255767934939
255752342459
255745817604
255765683845
255763302145
255766607117
255745797855
255765169634
255756303434
255754284814
255753988463
255765438140
255755007793
255763881191
255744196799
255762163759
255745420548
255756238433
255769132735
255754865352
255745354037
255762862717
255745653428
255763086073
255758983195
255748657087
255766307221
255764358458
255758441901
255768760194
255752012588
255766921381
255745508334
255767513176
255743516361
255758503171
255757558686
255752319546
255746233275
255762505091
255754301922
255754336628
255752033189
255754386728
255748741954
255743628942
255762124326
255759915263
255768383472
255767292798
255748696041
255743443464
255748629623
255765321813
255753373044
255759388725
255746952945
255742727964
255759880141
255768115883
255769390327
255757429753
255745458638
255758214759
255757551044
255742028605
255757281168
255763338286
255746529227
255764944973
255769442099
255766339860
255768290761
255742390105
255746758316
255748605009
255757236528
255742241303
255748446986
255766174222
255769049527
255768051615
255745847284
255753683510
255764955619
255752089711
255752645255
255762619058
255763732811
255745176849
255756293505
255743093075
255743619537
255743294561
255743790039
255742253237
255767654524
255748146815
255765885505
255746702178
255768606264
255752913842
255758035320
255769004629
255763353175
255767833837
255746010122
255763354760
255768399208
255769045791
255759843756
255763362088
255762005920
255758687299
255756946569
255747646033
255769599642
255747459238
255742498122
255752640935
255768161579
255743687552
255747863171
255748229729
255769511821
255768853173
255764839971
255767405074
255746866383
255747057076
255758081774
255767520586
255745745038
255752641864
255747081762
255742007250
255755966531
255752188236
255759132114
255766782090
255747660736
255758123872
255744246966
255764175026
255746178018
255756892902
255747504663
255754245527
255747993057
255742478801
255745316692
255742775127
255763284934
255745725869
255763257803
255759325760
255755708137
255753522475
255757533517
255753181556
255753378831
255757526949
255745444946
255753073098
255767787159
255745062535
255746318833
255747708930
255757296553
255755192308
255765388453
255762618998
255762934074
255757962490
255759844574
255748062030
255765100815
255769256613
255759830263
255764021541
255742711352
255758751275
255762831393
255769369516
255748076781
255748109245
255758432593
255766810104
255745036032
255748280293
255744685158
255746736182
255743676855
255742795857
255758092212
255752326874
255758762981
255752686344
255759211362
255762141275
255742894319
255743887682
255747878339
255757291562
255745297186
255765572635
255754646207
255758183440
255762592226
255759856113
255746019932
255746451220
255743274154
255765918224
255747528985
255757508617
255746428871
255748763027
255744974396
255743407069
255759142995
255757944423
255754245591
255759415799
255743806021
255743739482
255743359129
255756776900
255766618040
255766863628
255745879630
255743604720
255754768685
255762755322
255764493695
255755348641
255745770303
255747995671
255763557010
255762409947
255745617828
255769566032
255767225462
255747040478
255758083529
255742673720
255742242825
255768815420
255768931737
255769970456
255766421373
255762521359
255765533226
255767028100
255765101829
255767612731
255743970697
255758222714
255757036206
255752422645
255764624671
255752748060
255762766994
255742185477
255745094779
255765291602
255742587069
255752427118
255756656688
255753801883
255744527418
255758430186
255768373268
255744682655
255759795956
255768415930
255746617307
255748726421
255768612787
255762750812
255766334744
255768713301
255754458965
255745946897
255747286762
255764337508
255759195628
255742221338
255746559685
255744327725
255757977805
255747465002
255753956288
255763394273
255757912719
255768037496
255762670895
255747694587
255769107444
255746246899
255762639760
255763948584
255763018281
255744967075
255759420260
255746680554
255763157209
255745013229
255744288762
255744293088
255746870522
255759915153
255747248362
255746344040
255762111866
255755467030
255757371412
255758897778
255747251863
255742195039
255758135942
255759208791
255757610661
255747050107
255747549772
255743263269
255755987395
255756388851
255764510609
255756533084
255769743608
255763263166
255754479549
255757643447
255746960154
255758787268
255769156343
255743616565
255765296695
255763393467
255748646164
255768370325
255765380524
255756063067
255767788745
255769040795
255758983008
255742470559
255754959984
255745474378
255758196276
255743863541
255745102438
255747847514
255747174880
255764587786
255746833705
255764752871
255746089891
255758325303
255756619553
255742777183
255744045884
255755375260
255758385768
255744014062
255744018019
255747800844
255768424119
255758966679
255747754278
255748433544
255754080741
255766377269
255753942252
255746940464
255766307012
255768354574
255769739059
255759627259
255766178904
255757179848
255756161669
255745554943
255746383140
255763907785
255762205861
255762247741
255762462835
255764747560
255756849000
255764714077
255757520524
255762283615
255743439617
255744164095
255754540674
255742513135
255747715446
255742035035
255744501554
255743619235
255744739438
255747780481
255759377914
255767300752
255743203664
255766924048
255754472094
255746694959
255753348157
255758154965
255745735262
255764771540
255754923233
255767403713
255745817924
255765667028
255758140531
255768610877
255752380240
255768358016
255745769030
255754032135
255742547117
255764134750
255758293501
255742409503
255757069149
255745670618
255743114170
255756028091
255752599123
255752190695
255767249734
255752473187
255744406782
255759922595
255752033432
255743277862
255768317317
255767029645
255764332403
255742207445
255748174617
255747030553
255757611979
255756457874
255758021155
255763118199
255743330634
255762596560
255759220991
255745823569
255745806309
255757990147
255764217182
255764898023
255766624894
255766459943
255745748363
255764049180
255747325101
255763592047
255742687334
255767237837
255742722815
255764366702
255742722316
255745329419
255753384358
255762464360
255768657639
255747775482
255742583870
255766771479
255758494092
255747685639
255757131412
255758313980
255743314286
255745912190
255748412920
255762231587
255742941867
255763361261
255758991040
255768303900
255752173264
255763017562
255759906710
255764785879
255764277752
255769889839
255745060285
255764896443
255744563052
255744505793
255747083657
255753826448
255764781281
255769845942
255753258981
255746489640
255757226330
255765263316
255754470337
255747803199
255763246636
255744706760
255746288157
255763817128
255764040511
255758505121
255747441561
255744377798
255769328033
255759481974
255767933464
255752018927
255745069176
255764949956
255757366757
255746506159
255766071710
255758215860
255744124623
255742668452
255768367036
255745114670
255746390210
255745208828
255766471039
255764970294
255744495363
255765684373
255743665062
255752775848
255768390701
255767032284
255767488146
255769803571
255758518291
255762993327
255759373381
255744840756
255762749833
255766937501
255762338252
255768097637
255747931235
255746638471
255747972865
255769487183
255763206130
255766778244
255745541062
255764048244
255758252069
255756426079
255766201365
255767548702
255766262420
255745381415
255767505620
255742799600
255746564509
255745833654
255764374521
255744531585
255753940812
255748620606
255766066142
255755429916
255752552559
255768592156
255759438435
255762924489
255746415074
255762655008
255752613388
255747123822
255757279607
255758372403
255743661358
255764817668
255762976269
255753705385
255746916011
255758307378
255756344999
255754618685
255745045088
255745767765
255742591636
255744881518
255765399875
255763329171
255768936534
255748213885
255762994795
255756749498
255742391003
255759158767
255753297686
255748202619
255759655842
255745423805
255745262217
255765156270
255743155408
255769539669
255769760966
255767594736
255769074430
255746824825
255758467638
255762098333
255765546578
255769377968
255762710859
255746332404
255758067560
255763878958
255745205590
255745901516
255745105787
255747942299
255742222018
255743392976
255753845881
255757309780
255746379131
255748435576
255742934167
255756908782
255744781228
255767042977
255758792102
255767696880
255767517570
255743561315
255743233847
255765603513
255765559092
255747884371
255744918055
255742343811
255747870476
255752181941
255742345359
255752518875
255742835035
255746520917
255742885330
255742612545
255764542577
255756577331
255769216507
255769834763
255747118700
255745472470
255745953249
255764012789
255764262125
255754426364
255756652834
255769122904
255757416364
255743471232
255747305177
255755225208
255758644245
255768876058
255753836838
255762831999
255752290978
255758027705
255762666576
255744863201
255766777410
255769899487
255752477224
255743733347
255743599106
255744067604
255754627317
255744488879
255763853082
255769294257
255745959677
255763833481
255763140751
255763467988
255758591717
255766888828
255756522369
255748756667
255765404355
255753593759
255747421244
255765453474
255767195905
255769422791
255753437261
255759950422
255743012727
255753845337
255767977995
255759543410
255744440838
255756761168
255742895224
255753076479
255747315456
255758205719
255762057528
255762484628
255762511682
255767831493
255754610931
255758539112
255748710993
255743780296
255747573965
255759464944
255763870202
255747004061
255764875595
255745125047
255747438029
255747024269
255767562078
255756227191
255742441801
255765259487
255743928878
255752830729
255763729876
255742045640
255743355787
255743681958
255758633226
255767412378
255753453762
255756245094
255742012175
255758463360
255755403263
255766723767
255764723880
255744794533
255768826645
255764397465
255766799665
255759048712
255742226977
255754068911
255746165465
255764320092
255769493931
255752835214
255765368763
255766561102
255763727514
255765478328
255769555894
255743966933
255763379938
255748041821
255744771077
255748020216
255766895505
255744545295
255769182261
255753913046
255767617408
255762806026
255755712257
255769031614
255742033777
255753396684
255769971716
255746267108
255742847384
255748742877
255759829638
255762520123
255753255551
255747042586
255744568490
255764819088
255762173908
255763067348
255743520581
255763045411
255747959084
255743534269
255743584763
255763070499
255752260615
255764546291
255769935168
255744910417
255763841856
255759636100
255765971060
255752554808
255744382117
255763005532
255768035930
255768931306
255744358323
255743220926
255753421207
255743171018
255756740813
255752049063
255742153322
255754334171
255759631844
255743838684
255742754941
255742271140
255758246679
255746799190
255752684605
255769194664
255744170051
255752863869
255767124462
255743334402
255755313605
255765410665
255753190144
255742322746
255769638694
255754684043
255747249249
255769541488
255758997326
255748480847
255745254256
255745742033
255764243735
255769290233
255763482581
255753614837
255747176515
255765924958
255748699798
255746367879
255759412345
255758621784
255766652191
255742494047
255746635519
255743795796
255752018008
255745804366
255763963907
255763309704
255743943118
255742286653
255765066977
255742526889
255745285269
255744763407
255765997951
255748755726
255759277245
255763366752
255759633794
255767241343
255763783103
255748211669
255766215697
255742173282
255743432557
255746018301
255752466681
255752910803
255748734635
255747114050
255742041026
255744697853
255752743567
255762408097
255748604217
255764102019
255744598403
255762800918
255747588403
255753860176
255768111305
255759451003
255754539802
255743161533
255765074727
255748642307
255744172166
255766004839
255748686721
255753482393
255762382418
255746765039
255766060569
255764317828
255766946022
255742496618
255764429446
255765177998
255764445895
255759455630
255742319140
255752390265
255752390063
255752205371
255766849394
255764573308
255759936376
255757495802
255766706086
255746495194
255744445377
255765980670
255753499054
255745157811
255758100057
255748042439
255765741773
255752809409
255768565659
255759129717
255768037520
255752868275
255768043328
255747973587
255768266894
255754529181
255768458014
255753335278
255758349094
255746288693
255765879690
255747648884
255762402007
255766224083
255765169833
255764902799
255755454736
255769556544
255766971678
255764115392
255769062954
255758167241
255752656803
255764390178
255769758940
255755152153
255756862252
255757136530
255766613317
255746671705
255743626810
255753287896
255766300330
255742504894
255765652219
255759013912
255752017045
255763976677
255762449125
255755628748
255756590474
255764912734
255755064066
255746069411
255762217150
255758737925
255767715573
255753765879
255743453794
255745099968
255742736644
255764565754
255742964190
255756481735
255767286378
255762051726
255758305783
255758166298
255743312391
255752057670
255767286763
255754923205
255754770464
255759412929
255743632701
255764296763
255756909172
255762632302
255762280901
255753835924
255758052308
255744490542
255762643565
255745932562
255768645133
255769465099
255759765234
255744123552
255745100576
255744139884
255742108870
255764359008
255745286573
255747635660
255745773832
255746932483
255743248893
255742177903
255753168925
255769760402
255746730466
255747873191
255744164122
255763414443
255748197580
255753786379
255758668974
255758620507
255743250987
255743725355
255743258890
255745529290
255769161756
255757342658
255758320046
255744759185
255746641442
255742144936
255753338963
255752457300
255764693048
255759503290
255765648070
255745184687
255746726877
255747551964
255742436561
255769576136
255755431398
255747177837
255747684330
255744116669
255747584151
255743171214
255754651196
255766843316
255767535513
255757751801
255745111813
255747625507
255758516362
255753218791
255743441179
255764321469
255755474468
255748206601
255746731732
255755447883
255753614023
255765841421
255756426730
255743178068
255752647350
255758116189
255769387797
255748289736
255754238835
255747675911
255742247330
255747670008
255765580529
255744689441
255755197192
255768478128
255763043568
255757028470
255744975740
255763145284
255766427127
255754098305
255766078812
255765652550
255745187469
255747110859
255748455658
255769405122
255743875105
255744644182
255756721818
255759466526
255765943745
255742789557
255767453790
255747217186
255767177150
255754372701
255744586350
255763877004
255764216611
255759838330
255743092407
255759108636
255754746051
255744033434
255746142387
255769260758
255743269930
255759902302
255748094295
255769520515
255746061469
255754470226
255764570414
255759048807
255756465326
255755843567
255752772938
255747042243
255744708001
255743907535
255742168398
255765478238
255762907112
255757642191
255754404136
255759621516
255747887115
255755463162
255759510956
255747611347
255757693782
255752823159
255767371500
255745796471
255755476579
255743740002
255765123613
255742862191
255743559601
255742627789
255747430358
255754248866
255757076663
255757696010
255762204007
255765563324
255763154673
255767400824
255767974773
255742105513
255765459372
255742090746
255747380806
255764843876
255766369786
255753296164
255757427432
255763019706
255752356688
255756620789
255754088834
255762335894
255744342170
255758214411
255744268935
255758716489
255756257739
255769156161
255758136215
255745156055
255764120269
255762221376
255758300096
255762142131
255746556058
255769536400
255762005196
255743449064
255748168707
255742098058
255758384663
255759172249
255743090203
255758096410
255742115740
255765531151
255758094638
255746734998
255766200999
255768831938
255745063371
255748676927
255763801533
255766309647
255765119129
255746421917
255753957716
255759307094
255745818652
255767548477
255755064951
255769321208
255766440904
255768230356
255747010638
255763131139
255756722390
255767896719
255744128783
255743651903
255767283001
255745038572
255756852554
255754323487
255758754125
255753163550
255769858275
255758617345
255752569489
255746023812
255747929940
255743368782
255745768561
255746003519
255762239558
255746625213
255765173283
255762036344
255747936417
255759350809
255754870539
255753708702
255743266993
255746518997
255752509750
255769531708
255769004488
255747556527
255759854483
255747449038
255756017895
255752795776
255744471959
255768111672
255763194938
255766920757
255765402251
255759896040
255757504916
255746358835
255745146615
255743840358
255746427121
255745575946
255767526512
255755443594
255762834809
255753089860
255745998156
255746110003
255755417323
255752723011
255764953197
255746330016
255768929430
255765850117
255762031871
255748245830
255759803411
255757027680
255755378057
255762173366
255759650328
255769831173
255757760743
255742568880
255753509217
255746779430
255748448459
255742847577
255758759052
255762593509
255742606951
255743429287
255766658214
255769250512
255742815011
255756492257
255746084450
255765375237
255769658833
255765813207
255768368961
255747399779
255762936491
255745774514
255748645181
255759376146
255762241712
255748695985
255757108626
255752601983
255743515540
255764680693
255762735322
255743214303
255755509250
255752608182
255746521028
255745606587
255743368913
255768355165
255746109763
255759206191
255746661527
255745561366
255746749136
255743138614
255745183232
255752173703
255769153871
255769350374
255765492809
255743269797
255742585406
255756266439
255763111121
255742879736
255742050998
255769606350
255767089279
255757956535
255764378951
255755768177
255768166629
255755542068
255767848553
255742364710
255755520143
255745604144
255744283111
255768068420
255742143661
255759026439
255759703922
255756825963
255752013202
255743242106
255743368530
255759450874
255762269017
255768710141
255757256646
255766289629
255754805984
255767075366
255758334526
255769127260
255758354222
255763563761
255752445532
255768530579
255742158316
255747697071
255765534766
255764276458
255755840689
255763958247
255742673598
255742260807
255748209367
255763832800
255763910531
255744495320
255759133173
255744126312
255747469042
255766336638
255766721858
255763922451
255747508626
255764488353
255745017210
255766164842
255759788730
255767585796
255764821981
255745893556
255744400885
255769470260
255763893992
255746852347
255765967154
255742622039
255767061659
255759251502
255759742077
255744120006
255755696954
255766605506
255747110006
255746325726
255748110911
255743130811
255757321786
255742473867
255746708348
255757440065
255746762438
255743093853
255769120977
255763836185
255756943931
255764055776
255747790788
255757519206
255753163663
255765543507
255747260806
255766079032
255748431283
255745254371
255752021772
255762025702
255746401182
255767262906
255747360901
255742295646
255743975468
255764985299
255745915646
255746099453
255746833883
255753897794
255763187967
255759091334
255766971036
255745595309
255766921692
255762973759
255764268851
255763211048
255746935560
255766309445
255765970973
255747504170
255753258929
255767114769
255756522707
255744456584
255759351234
255768842168
255746616217
255768424861
255742903405
255752776746
255757787710
255764921055
255767911055
255762256403
255757679880
255755690737
255743595497
255744600404
255746713536
255763912234
255742971806
255752477233
255742971502
255767603652
255757876747
255744211335
255757444587
255748057829
255746312344
255767595867
255747995786
255746261415
255768949937
255746007550
255753679159
255768559313
255768512086
255769147013
255767507382
255743451833
255764618990
255756661146
255745061996
255747631099
255766330514
255746313905
255748685095
255748402658
255742404415
255765628527
255765619480
255748641907
255756979273
255768835540
255757645793
255745804503
255768471952
255765119492
255765767198
255742115927
255756941429
255743395840
255767622415
255765674538
255759380223
255767359713
255753323312
255745224837
255765727790
255758741059
255746182895
255743016788
255768428340
255766463869
255764995828
255743931938
255762912152
255766564586
255767310065
255742039284
255759231172
255747400587
255764343368
255764362359
255747479132
255745293876
255753226780
255747085164
255745155908
255742976054
255764678749
255766052768
255742373974
255752338239
255747232138
255769492674
255759489174
255755879959
255767981506
255742977709
255769422649
255746944475
255757181378
255766699443
255757916974
255743703258
255765538513
255759422114
255769082909
255752715173
255766841632
255744806262
255743427839
255769669478
255765982542
255747581071
255756423560
255743783707
255767632708
255745114031
255752446343
255745074071
255743024271
255747563373
255757802895
255753866714
255759100934
255753152460
255752158636
255768237485
255746544949
255757317183
255759834276
255745240923
255762888275
255765068068
255767133710
255767523364
255766145480
255756036775
255757432809
255766709245
255753901524
255766481459
255758053055
255742370405
255752602691
255764884398
255745684625
255747066652
255746947257
255762680281
255768945512
255745163427
255757886490
255766559013
255763707963
255767150862
255763241369
255769694843
255768796080
255757251827
255766164154
255753049841
255746204779
255752294566
255747974575
255764442088
255743045759
255743827162
255746624193
255742929778
255763144965
255766573411
255757263771
255764367683
255748425038
255742435324
255757311912
255757194063
255759239858
255764959731
255759007947
255745747238
255753132990
255759178154
255766692817
255759709182
255767343544
255764562214
255766481587
255764032491
255742857410
255747932545
255743120806
255746556257
255748040457
255767757397
255743931869
255758153458
255764379187
255752174056
255746216153
255766251972
255745706235
255768437252
255743786335
255762335276
255743143720
255745493888
255758969367
255753713818
255764274558
255744071788
255763806862
255767812180
255747921090
255766669514
255744890793
255746222482
255768500616
255765652095
255747040909
255763543889
255768748576
255758395857
255753217236
255755016061
255759816392
255756532626
255754948936
255769387280
255752787970
255743925522
255754758802
255764632060
255769101074
255768225727
255765855908
255767094434
255742975958
255755834115
255752965271
255744797917
255758747065
255747204647
255745984876
255764413293
255747883392
255743958525
255762894612
255746954495
255769713495
255758419399
255764382061
255764382266
255757300293
255748277976
255748017555
255746551157
255766563282
255768224073
255752488878
255743019989
255765676780
255744855680
255759711178
255743560251
255762167195
255748570255
255744038088
255744899282
255745583877
255763751438
255757997167
255758149987
255753377098
255744466178
255754649870
255757455766
255767123259
255765732032
255764846598
255758027432
255762178029
255752683864
255748224390
255748345416
255766256691
255768974922
255746413335
255763265893
255747118483
255752471373
255763152963
255766318587
255747526854
255743302424
255748201792
255756261478
255752805945
255758350544
255742557651
255742733565
255758248929
255752093060
255746281811
255753211257
255755917706
255752484250
255756476059
255757567630
255755072729
255744734217
255758032327
255767382141
255743728522
255753033045
255745637531
255743171123
255746074379
255766464807
255763733574
255767526654
255747286776
255754881592
255759345932
255759861497
255764048832
255767102559
255745837840
255745965710
255743701441
255752831684
255748601897
255756737396
255752672730
255758249349
255769106047
255745557768
255759739467
255747977946
255769834697
255748206019
255752175425
255755390972
255745487414
255755868143
255742268523
255766248988
255766755203
255756537933
255748401211
255769609339
255757235234
255764726861
255767333619
255745172503
255756241414
255748709554
255762573480
255742236835
255747964866
255769029191
255769968444
255752102102
255759390188
255769607926
255768322351
255764419441
255766886942
255746920649
255745495274
255767682835
255759944990
255768965697
255742557080
255744986464
255743337422
255766459300
255758397992
255754862865
255757495562
255745601190
255745751079
255742797264
255759472933
255743371605
255768788648
255758250564
255764641934
255766514742
255752349434
255748454660
255747199741
255759405587
255742944709
255744054081
255744954804
255758288220
255745109016
255754750008
255762143139
255759866349
255756262731
255767755650
255755630331
255759364377
255746158338
255759932868
255746849662
255755281425
255766418342
255764742209
255759719567
255752091119
255766851578
255766363307
255745840381
255748373569
255742881316
255759397011
255745207297
255765337976
255743008471
255767972614
255757283922
255767104984
255743558980
255757813903
255768125798
255764961271
255754293922
255762747894
255742460120
255753032479
255743724542
255753256195
255759869269
255762818603
255758180404
255748383546
255745393342
255763994147
255763985592
255766946262
255746862321
255742028579
255756375592
255764947141
255765135296
255759502524
255768918737
255743514899
255746721929
255746664080
255744374385
255746743179
255752295861
255753468623
255746971394
255758587286
255759241004
255753563461
255753712129
255742721829
255743101154
255743959192
255742415683
255742187367
255747765086
255767493450
255768572353
255745855852
255755274770
255746737326
255766823506
255754215419
255769374245
255743528966
255765809535
255758673333
255748468454
255746434638
255745185852
255756371346
255767177475
255745707410
255758771460
255746946505
255764756953
255764890005
255766764864
255746863072
255743525060
255757961006
255757725967
255764755592
255742896855
255769485970
255744349509
255762342050
255762300855
255759943350
255764765889
255747696223
255757095106
255746370863
255747990377
255768439634
255757597453
255747826622
255753894532
255764610018
255744427147
255767608639
255745430771
255769698331
255748312922
255763369541
255748400247
255766092137
255742672892
255744269637
255755625553
255743054866
255743313721
255765749247
255754299610
255767022300
255757768446
255747864419
255746750142
255758017776
255767175609
255769013170
255768617608
255744636893
255759836273
255769024447
255756230292
255758959691
255762035177
255743465353
255748630329
255744586451
255758676486
255763400616
255769656803
255743706557
255764625785
255763475580
255766352056
255753011208
255746306759
255747965793
255768795823
255743598092
255743412854
255769237917
255745767157
255745713965
255766286618
255758029308
255769727061
255753799281
255756309102
255743961125
255762298835
255756920866
255759916224
255764566166
255743487222
255764430190
255743367524
255767270049
255766805893
255769683735
255767057959
255742086022
255745863643
255769564884
255767799025
255768127746
255746301076
255765267753
255765508842
255767057052
255769589676
255756841625
255747814262
255757338353
255752522953
255744714118
255744620275
255742849061
255765421948
255759795562
255757368948
255748570268
255763351459
255766843492
255762623285
255753733310
255767006169
255752286360
255767276944
255746420842
255748147697
255759420502
255747207553
255752385627
255759367799
255769593216
255745572064
255742056202
255748188922
255754940392
255752559343
255763319913
255745865019
255753485846
255752945480
255748196060
255743693383
255758281971
255764575704
255764247508
255765386621
255746611740
255744430064
255744855576
255744834103
255745918103
255745001401
255745212388
255764815100
255763031847
255764814809
255765510190
255757849909
255769128945
255748677412
255752549454
255768205328
255745091783
255769332050
255764735620
255752982559
255746366088
255759406980
255746846704
255769570186
255763257582
255757918039
255745174597
255763274326
255767331062
255752590454
255767623542
255763919130
255748388643
255763367126
255743538140
255764651667
255765496093
255758443837
255764457185
255753363539
255758198712
255745596632
255748021115
255762557287
255766048579
255758085580
255742879512
255744846985
255744933132
255757890574
255766724423
255742920733
255747472826
255744364422
255759376560
255746945267
255752259186
255748441654
255754578758
255753731944
255742323348
255762886475
255746948898
255745656240
255746890205
255744921192
255759060136
255743407326
255764985210
255745196313
255748088916
255765004915
255766504730
255769595243
255746574516
255746594610
255766758391
255769123491
255754555365
255743415715
255757065526
255765118546
255754096284
255758346456
255752498787
255746386409
255769376378
255748426932
255766559542
255765521766
255763789308
255743581165
255757930849
255752027773
255765055386
255745613398
255755879286
255767636651
255753300947
255753197625
255752068022
255746102666
255742829369
255742151755
255745478152
255762314026
255769487134
255744189224
255763818456
255755173594
255752935519
255759862154
255746908697
255744237077
255745832032
255767479729
255755537613
255764225527
255745702027
255757284372
255747055122
255742334159
255763583260
255759415313
255762035561
255754501815
255744072809
255742498175
255765254782
255748501792
255753941649
255752426238
255745247230
255767005378
255764033688
255744658051
255747661695
255744498366
255758249792
255756593180
255768141037
255742034958
255765856993
255757584469
255765487101
255747385450
255753841059
255753262004
255743848386
255746979384
255765349371
255759002314
255769696521
255747496423
255766006039
255765410905
255769911066
255762480840
255743951456
255752325695
255756217111
255769813117
255752256173
255764317007
255748630351
255746988266
255768223895
255743546541
255759461467
255766961456
255752621251
255766620446
255763498241
255766912726
255768758630
255746000856
255758424874
255753858388
255756945603
255745497995
255746685105
255766748527
255766370691
255742822650
255753095845
255762148349
255742771911
255748104597
255754778825
255769114619
255742006592
255745923896
255746990988
255767821714
255745438687
255758325240
255752724963
255769664615
255748184624
255762223882
255743083789
255765043124
255758258658
255767349996
255743104922
255748308559
255757179323
255759301748
255746900953
255756550632
255754431177
255755525354
255765125873
255759514664
255757601893
255765193486
255745260757
757525989
255742821273
255758052606
255747210838
255742830628
255758288455
255752684178
255747939365
255758559022
255763193277
255764899507
255762037750
255758536560
255744234785
255743357726
255764053279
255758676792
255745327220
255768425142
255747943344
255744138592
255757239561
255743845477
255754661714
255756095730
255747125696
255746009610
255766572117
255758129201
255759209566
255766288596
255747822353
255743381966
255745491901
255768966048
255762716813
255759165351
255762496844
255743223054
255743912147
255744384148
255764007235
255747651243
255766437151
255745451402
255758141834
255768415097
255746169484
255758508924
255743008629
255747601035
255768116826
255759659972
255763903133
255755477979
255759949074
255757055219
255755447872
255759728560
255767022840
255747806818
255759005205
255747899217
255762697370
255754085194
255759325701
255765333527
255768813814
255769661677
255759633882
255744758597
255762049350
255755638978
255769498330
255758765766
255769230683
255745863525
255753182221
255769145802
255747123940
255748329259
255755255684
255764912455
255747237913
255743796363
255746313816
255752557199
255743558341
255748056840
255747134569
255744716362
255755272938
255762167471
255745825953
255766658652
255769650676
255757051682
255747228365
255768289114
255744774304
255769209306
255755968698
255742459141
255742226861
255743371666
255747468331
255743474387
255745211963
255768618275
255743615661
255767766918
255758535831
255769216644
255768546095
255759817984
255743320733
255769284831
255755212926
255767920238
255764032746
255744535128
255763396729
255743640034
255752712611
255758724996
255747259858
255767521700
255754755311
255746321797
255744865640
255742679642
255756420851
255764117058
255766079867
255753685768
255759817111
255745658763
255746038696
255762555733
255756911457
255757407441
255747491307
255764904711
255746757149
255747391019
255769294125
255745792743
255746607340
255768058348
255755347879
255766679824
255744425761
255759356526
255748167723
255764025878
255758170417
255758491529
255762397105
255744204955
255744643134
255767352276
255764871470
255762064625
255752229646
255759785824
255752946802
255744146662
255747801213
255746220925
255755046899
255744805388
255744825887
255742176691
255764610493
255743890666
255747233463
255767712781
255745283417
255759153350
255762178464
255762681057
255748233076
255744060754
255742931852
255753244529
255763946204
255752372837
255755149063
255757554020
255748103066
255742780073
255767236415
255758330695
255758614441
255743944520
255764346245
255748295903
255757254850
255756918830
255757459112
255743703565
255747639052
255752953668
255753047714
255747281117
255765636590
255759362920
255766193394
255768384312
255743247055
255765476047
255763438544
255762539894
255746107331
255748026484
255747762022
255743076784
255742095569
255744722426
255748138863
255746127832
255748726749
255744921730
255768429520
255744827585
255763817015
255769333405
255742109066
255742520111
255759058939
255748332096
255754678327
255765150969
255766381365
255758574871
255762694971
255757133102
255746740035
255755039579
255765615931
255762799186
255757787498
255744815154
255745884392
255752605250
255759782906
255764913532
255746750724
255746454509
255764777296
255762751864
255758632442
255743515276
255757652254
255752731776
255768879646
255757743808
255742083741
255763114744
255744622114
255762092894
255746567595
255769078609
255762962347
255746374026
255744742394
255752303862
255753663233
255769084176
255742120036
255766444034
255758050064
255746076266
255769673969
255766268252
255766109175
255754456899
255742700719
255769822198
255759283205
255742564509
255742121968
255766050722
255764742936
255766921366
255745793046
255767628986
255743186287
255756242444
255759657594
255769835892
255746853312
255742415832
255744284062
255753434079
255747471350
255742678291
255759462355
255752509203
255758772616
255764161496
255759868643
255742065543
255764014600
255768649743
255768670018
255763709215
255748271504
255748241408
255745687563
255747967774
255743267913
255756643332
255766915070
255747523824
255745478648
255759228145
255742064004
255758748217
255757517038
255752444103
255769725857
255752897374
255769716524
255769629568
255755258993
255744232525
255759609806
255748569931
255768282268
255747266453
255769163178
255757377589
255747812407
255742400518
255744226653
255759523472
255755765778
255752366560
255769492057
255768535315
255746611175
255758669371
255763789581
255765159275
255764139185
255742178169
255765563290
255753148051
255768046974
255762638514
255754076010
255755416377
255758443168
255744122654
255759448277
255746437712
255757518015
255743555366
255745136015
255757123002
255768223065
255743099809
255768593954
255762562574
255758569275
255766941307
255746568159
255744413863
255747403267
255745364078
255768453601
255753210559
255768880211
255746508048
255769666473
255765633967
255743387424
255767779262
255745949345
255756419004
255752871610
255747219910
255744229910
255744312139
255745748767
255763780501
255758445743
255748128680
255763555553
255769335192
255753465541
255747571492
255744929801
255759513473
255755858543
255768135505
255759077102
255744363984
255756425464
255764215073
255747128399
255744293373
255742048244
255743300523
255742851407
255768778307
255769116827
255745668760
255748408423
255746633003
255746044807
255764491643
255744589041
255769364407
255759742090
255752368861
255756001480
255764105599
255763279629
255766057674
255769684420
255765019500
255755757786
255769647376
255769923885
255769859858
255758552242
255766779310
255752284549
255769717140
255757298907
255768094072
255764621443
255765889009
255762055224
255769622767
255758299715
255756265251
255756234654
255756284354
255742950263
255764587935
255763721334
255742756675
255758031229
255746836060
255769642413
255757167490
255763171598
255766309513
255766357067
255769341782
255768735618
255744871639
255746329797
255762283929
255765067390
255746956351
255759713764
255759319686
255742279778
255769903213
255742330046
255762305001
255746685637
255759674578
255745914683
255769801277
255767125324
255746357891
255765509555
255746137828
255747318257
255757440191
255756797863
255756930676
255748237610
255745378528
255753628124
255742383141
255768360336
255757137703
255742406085
255757457420
255759978026
255766717597
255747773721
255742478206
255748317566
255744008514
255753995466
255742860240
255756508409
255759414733
255758762841
255765862099
255758626706
255756565330
255768099446
255753736570
255756403264
255746003234
255743457128
255746241173
255759673198
255747148053
255756423946
255766572121
255757036927
255759602621
255742704153
255748707681
255757728187
255767199182
255769247368
255763344140
255743490249
255747961173
255753058010
255766174013
255745793362
255753774873
255764439367
255753946343
255763763270
255765892927
255758163465
255764131924
255765999591
255758434447
255763873721
255753857421
255762484181
255746551431
255769817537
255767847237
255743409840
255765556254
255764887637
255748602724
255752177940
255768410349
255755843455
255757137907
255757318813
255742067648
255742434606
255747320953
255747789170
255746148170
255746892488
255759388219
255745111864
255747786950
255745972785
255744245525
255766985343
255758623118
255747268973
255747832570
255753839960
255758562155
255758145488
255748456521
255757805923
255756079698
255759052632
255744509801
255769247880
255758668741
255746220607
255764597721
255748758939
255767587721
255753511756
255766754514
255755027122
255763726579
255765934041
255755218399
255745002266
255765600908
255762386404
255742406780
255768918149
255758351415
255765453581
255742248979
255768182816
255747297341
255758557704
255762199435
255764088410
255765106476
255746827704
255745105451
255755895988
255765384179
255744786477
255754216116
255747338217
255746130494
255758978454
255767768047
255744380308
255746273859
255764206702
255763028593
255752928187
255766787644
255743015385
255767200178
255766519416
255747923053
255744727485
255762688811
255744344787
255747966224
255744573393
255756022796
255746920534
255748133494
255759556916
255747684512
255756642213
255756887971
255747834093
255768477300
255747787669
255765527119
255743357199
255746444267
255765921879
255765799796
255764234272
255759438730
255764709049
255745632843
255758261129
255744537741
255755293897
255764203325
255769033754
255769713670
255764160418
255748614604
255769190018
255746570527
255766141489
255768183063
255753096817
255759369413
255745913382
255758679427
255747348562
255763566663
255747711221
255758302756
255744403019
255744939562
255764651337
255766311317
255746047939
255768153146
255767699968
255748687425
255769611138
255767311921
255758203713
255763423135
255758077598
255747705699
255766159335
255766968741
255754207042
255764446813
255758752139
255742632173
255757125447
255766759936
255754517228
255755406642
255758075216
255764962775
255764050881
255764969670
255759829676
255758586214
255754775261
255752860194
255765484865
255766217643
255748756072
255764416094
255754342921
255746264692
255742812517
255745764201
255769014427
255742758104
255765273846
255755864424
255768816917
255756059237
255747800530
255769322319
255759833319
255766261309
255744069120
255758207396
255753297096
255755561083
255759876353
255755287053
255762240601
255765897566
255756494352
255768899420
255756655861
255744823638
255746566824
255745435147
255765579787
255753077699
255769622962
255743398389
255766447776
255755167874
255742062575
255746948056
255765637643
255747644456
255743000204
255765990984
255745919480
255747454321
255754824709
255757193947
255757802258
255745551739
255754877445
255765798709
255765798226
255754584455
255769454927
255756452218
255762912176
255763931408
255744637876
255748306225
255765899214
255742842872
255756971857
255742675906
255742502714
255767171813
255748368192
255757181568
255759967817
255767900673
255758675783
255757615545
255742747345
255767874395
255752648205
255746267966
255754678521
255764490193
255745094033
255744595256
255745310443
255762883892
255759517464
255745226547
255757123826
255743801066
255758326821
255768927519
255764566195
255765715378
255744943480
255765392340
255764565483
255744448296
255747965337
255768741211
255757536298
255759506098
255742018914
255754848605
255759370853
255748041282
255755910482
255766894905
255767607436
255759322607
255764249099
255752687282
255752635547
255747305277
255762298127
255764637864
255742985245
255753798898
255757643906
255767610746
255756252165
255746360135
255758076922
255768689049
255765110768
255768160797
255753175374
255763541308
255765619512
255757288416
255747202773
255764093612
255766401941
255755649920
255755679522
255743919031
255747876951
255754011956
255742395422
255767496943
255744373797
255748699265
255745659967
255745284511
255747013962
255762027774
255768912631
255764106205
255748651115
255767542531
255748438580
255768156629
255767603997
255769673399
255763449582
255746411510
255756723239
255763799507
255743531815
255747627353
255754201586
255744376520
255764869462
255769652115
255765093449
255768053342
255759932182
255759762796
763429150
255752316501
255742027389
255762899370
255746883127
255747630640
255747650542
255744143331
255745556366
255742636113
255747272646
255746853227
255759499052
255769035310
255764652698
255763556703
255766345006
255766395029
255756958682
255747760515
255744708439
255759195419
255746559601
255746565496
255742988558
255765384486
255745516116
255743422831
255744856834
255746383619
255769630872
255765137704
255742778320
255766545006
255759327408
255753771096
255742968587
255767881081
255753587388
255757555918
255762025304
255745073976
255759144919
255748073608
255757431164
255748305926
255748325927
255748765052
255756477178
255742088716
255757054102
255743081869
255752573235
255767988143
255756436142
255762352526
255766565392
255763137221
255745972155
255752379099
255768889277
255769188661
255756615238
255763957960
255768381184
255758077875
255759206113
255748324969
255743851046
255752919557
255753827383
255753596828
255764718334
255752965925
255768667724
255757196040
255757562298
255758561790
255762299297
255756570213
255759047616
255748225348
255752024373
255746884332
255756852906
255743571714
255767520472
255759257756
255766117682
255746696344
255742982384
255757891067
255752725464
255753718345
255769170910
255768566425
255747254391
255742034279
255757861256
255747865150
255745585262
255747996447
255745181540
255759373339
255747992606
255766857164
255753505973
255747451991
255746930830
255759156938
255768663423
255744884014
255765169776
255746531797
255765974491
255759815320
255752961993
255769954319
255742201814
255757141713
255742239396
255764397082
255765254730
255769444250
255769853593
255764431273
255752257594
255745520771
255757459416
255765838657
255744011096
255755001181
255753928939
255755871317
255765638377
255762284953
255762104498
255769196581
255763558235
255744480582
255768501309
255752017568
255768334868
255757605098
255758160219
255743390813
255756189500
255758230635
255762845815
255755732780
255759245595
255747837468
255764544539
255762780748
255764756653
255747247528
255747586601
255743598091
255768402431
255763735277
255754741945
255743612554
255748241823
255746486467
255748452102
255765387236
255743114932
255742127074
255747626947
255768725531
255745301546
255757732240
255743675327
255752884517
255757685302
255769843790
255752303475
255757374107
255747828646
255753357558
255754833546
255746555314
255764945464
255768876781
255745486132
255766021249
255748254467
255759841773
255762679856
255742929330
255748570102
255769060919
255752771916
255763319734
255752419312
255762799927
255747668835
255755554675
255742945702
255762916827
255747376147
255762359674
255768169986
255747263799
255763544417
255743396621
255757625433
255752103978
255744970849
255742504934
255748222791
255769714841
255747947227
255763073038
255748051180
255742096713
255747468583
255747302602
255744077620
255752227154
255745164162
255748088106
255743028905
255757060904
255759551321
255758786405
255743028406
255764581553
255767076405
255753194251
255765829597
255757910944
255756956399
255769394427
255763377411
255764112026
255745592111
255742193171
255768491175
255742927178
255763399926
255767588737
255759561511
255767447437
255754504216
255748609909
255765081693
255743086075
255745669805
255769594181
255765504539
255765979382
255742670677
255762756527
255763200986
255762786927
255753258340
255753078954
255748358577
255763004513
255764581920
255757984487
255758991160
255758547936
255747979852
255769667377
255767728020
255744305829
255753901544
255769798723
255748045605
255752205352
255746397401
255762984937
255768397385
255745801928
255743111916
255746485725
255743662473
255764005651
255767660887
255745442035
255748238770
255767879010
255759885528
255747657303
255762739522
255745442233
255745565338
255762267575
255762338586
255742661272
255759528088
255762381361
255767618309
255752535064
255745008195
255764473915
255755975479
255758229747
255742515837
255755288786
255745650484
255762258701
255752888412
255754241760
255766042188
255767608316
255746333076
255753143005
255758272444
255759206428
255744358833
255743237322
255748386175
255754849431
255744413623
255765690367
255769207454
255769603264
255764663041
255769515894
255757116091
255744560596
255767108204
255742131750
255757450341
255742533672
255755477930
255769903389
255768938434
255766198669
255766355657
255767661950
255759149382
255752749316
255744015908
255744737939
255752056877
255744995253
255742421837
255769843158
255753911808
255742149505
255748277971
255754970171
255753904929
255767676986
255746388357
255768607856
255752751953
255759913284
255752026067
255743089266
255756032665
255752625369
255769446179
255765913227
255748019466
255742723554
255742796496
255764343551
255746086955
255766101695
255748126897
255756357484
255769380660
255755629404
255743625642
255758426117
255769526801
255752795319
255759970211
255746798915
255755734813
255769867744
255747668186
255768681886
255768714898
255759076525
255758296684
255768736791
255746221462
255753662843
255763418522
255764819722
255758387576
255743056897
255756886682
255743976691
255756657270
255763808128
255756637977
255769198798
255762059757
255743666852
255765744072
255756038975
255748113261
255767596918
255742012250
255768633947
255748053468
255768174427
255747837059
255764688118
255742036921
255765282692
255767678119
255742831708
255745012275
255742230538
255763133731
255766530864
255756667126
255756846715
255752562005
255769586742
255769751216
255766079333
255743951142
255756975888
255752170015
255758094663
255747478220
255757950047
255759143369
255765145118
255755495514
255743447093
255746008323
255746782256
255765275588
255743658892
255759013150
255742420711
255768898923
255754372482
255744839003
255765272109
255746406228
255758542974
255758452166
255759514224
255744004398
255747014598
255765580482
255743433410
255764267182
255768016832
255746175489
255745238725
255748083122
255743023422
255755338429
255742436859
255744413788
255743220217
255767900941
255744193147
255744423294
255742040938
255747233960
255745179528
255763596575
255747117669
255748139728
255764813014
255745007046
255762182573
255768892321
255747230108
255754869099
255762304763
255762637530
255765756846
255769674490
255759936718
255747817659
255743011423
255755990712
255763778946
255744641858
255768638188
255756018852
255756004817
255754804311
255743899933
255747856612
255745803939
255756645041
255744403321
255757624522
255766049798
255756358137
255747619936
255746091095
255752840569
255745742947
255752247498
255744223487
255763872283
255745840341
255759631933
255769386047
255768347465
255746322893
255743785984
255744204497
255762711239
255762965033
255769434795
255742405606
255746200039
255762157109
255764453271
255767361318
255765409941
255759404863
255768200454
255753991279
255753874439
255745748714
255759410180
255767817110
255754981137
255768385054
255746597044
255752147459
255756799599
255758382641
255758775328
255744461601
255747579720
255767659996
255756945806
255745722633
255763551866
255753516071
255754925597
255758733554
255748413689
255768040759
255742089718
255757005246
255763885155
255748367836
255767718906
255746441898
255744722930
255745535696
255743565997
255752741378
255758770779
255763559745
255766746180
255764494910
255742114037
255759003086
255746451860
255742558424
255766603270
255744844278
255745948563
255762712824
255755574111
255745665477
255755278709
255755358106
255744785312
255747488137
255744523695
255759321028
255769720949
255746249739
255747592562
255764777134
255768609111
255768427928
255759666495
255747081557
255758482563
255743956082
255769368138
255768695192
255757584897
255768004129
255746960870
255752580915
255763000705
255764391949
255763383288
255762542510
255747298732
255742920020
255744405313
255769526691
255745633581
255769536467
255747244673
255752448873
255767279749
255746670029
255769388996
255766595742
255769059714
255755898742
255743553771
255743671223
255746140378
255753907520
255757018980
255763867175
255767915890
255748287307
255768471973
255764582730
255768915533
255742895374
255747929342
255753267347
255754931325
255765047775
255758180421
255763264329
255762530498
255763901977
255763006375
255746232138
255758618009
255764610008
255744196005
255752901750
255766194875
255745908584
255742051820
255756645317
255759031034
255763844543
255765603982
255746506151
255765946815
255742508739
255747559844
255766033500
255767280012
255769109968
255769504619
255758142462
255748693657
255745067372
255746744211
255752841021
255768112084
255768657329
255747672908
255743304200
255745394902
255767216854
255745810273
255762460517
255757396636
255759829312
255767868462
255766304620
255755958430
255766781993
255752948203
255758491230
255765927997
255757374057
255756616536
255762543641
255768491499
255743865954
255747651652
255756054385
255746990229
255745351741
255745087476
255748104443
255753980452
255769318012
255747772237
255769864226
255764583753
255752562866
255764559284
255753658311
255765865255
255752514009
255753125432
255765539682
255744408217
255745954136
255767731857
255742274353
255769193699
255765710794
255767344972
255769512926
255757833392
255757111827
255752332412
255748696986
255752608220
255765616013
255746366341
255748477192
255759202580
255765309258
255759856592
255759956344
255756567641
255742400420
255759787834
255748328233
255758066706
255747709407
255768920970
255755037582
255742356100
255764449898
255764279816
255762281311
255768911429
255748338358
255752895324
255752921898
255765052794
255758793658
255758731122
255769571434
255766624954
255767584924
255748183462
255744262426
255758069196
255744738442
255759970130
255765384580
255743188374
255744632894
255764911949
255767993489
255757235194
255742583944
255745601813
255764900317
255768601681
255767728712
255744956274
255744996110
255757479567
255766710498
255767545367
255759202819
255764110320
255762788899
255763438091
255758431427
255743724518
255756991949
255769395169
255747163560
255744563251
255743888262
255762669281
255742839261
255753006658
255758537170
255758077759
255768301999
255765595412
255763359408
255742988347
255764477031
255753332606
255742364656
255767391849
255748369333
255748196825
255763810774
255763844698
255743064094
255742984142
255758436704
255767143501
255756950841
255753103079
255762766942
255766259574
255746977819
255743880511
255745234646
255765549292
255763726357
255745091328
255759718126
255745193020
255746714573
255765930959
255742357669
255742447230
255743255915
255754303336
255748175224
255767366134
255759449251
255767135178
255763576235
255746843555
255767383538
255763810301
255755042666
255755415796
255744865862
255768332470
255759864244
255766401018
255768032390
255756530970
255769375655
255748440735
255747894942
255745093427
255748334120
255768671256
255767615086
255767141057
255755757379
255753090571
255762356234
255763089934
255752664288
255768158515
255754945539
255758089291
255759446177
255762860346
255744875438
255742112042
255747771256
255757838700
255748673011
255769520351
255746524709
255752915285
255752713654
255769023809
255745714815
255764692235
255762176173
255759439517
255753132321
255769027498
255747939372
255754409517
255754028440
255753056674
255768920191
255757880608
255757537695
255748411673
255748079800
255747119295
255753534519
255758791249
255768025256
255753761544
255757060844
255759564196
255754484263
255769268534
255752222056
255754274908
255745172553
255758728186
255746779428
255753547108
255752599943
255757414033
255744469515
255763545211
255763447060
255753750673
255744265342
255759864207
255767841953
255746782112
255742585815
255762901765
255769867776
255746974714
255742233576
255746576610
255758486449
255743322241
255769805282
255759985833
255762613985
255746231754
255745029526
255745811268
255753143645
255745348552
255768868322
255759823391
255769549287
255745510445
255748467848
255766726922
255746797413
255742276967
255742828425
255769699869
255752555890
255768750759
255758591515
255769626715
255748037458
255769579325
255747836007
255757106202
255764235131
255765940130
255764777081
255743612212
255759482581
255748445887
255762264829
255742579458
255764013615
255769723875
255769344210
255765143014
255748119681
255768862384
255746221294
255745252769
255743098091
255768325533
255752561016
255766820666
255763297292
255759528707
255742141440
255752357658
255764339164
255766812492
255755437885
255757133083
255758961288
255766894064
255746347054
255764950774
255767764881
255766009444
255767536737
255753493376
255753089958
255769223544
255768950109
255745032804
255758066998
255742043966
255766344891
255758433805
255763554708
255763567696
255748061925
255757542673
255745164065
255763910627
255765368168
255744566862
255742408052
255756734073
255753446426
255762366620
255758180314
255769827524
255742681748
255746080956
255744117585
255748212352
255743070815
255744690640
255768550125
255754093791
255768895381
255755972661
255747582409
255765284251
255758678475
255753607775
255747866382
255746859730
255747092088
255766648960
255743419145
255746021367
255745383689
255759409687
255757219795
255746050214
255742619893
255769159743
255765442714
255744330834
255747006119
255742801875
255757885145
255743215068
255753438996
255753830040
255743192441
255769529056
255763859293
255766414315
255759102040
255767917797
255743959763
255758102411
255742971645
255769102152
255745236292
255767195441
255756770167
255748041826
255768153686
255743291291
255756424516
255746952058
255759559706
255762543652
255743850208
255766714470
255755043834
255745990832
255765101165
255746280450
255769978760
255765561841
255752226277
255769742547
255762824515
255747730554
255744017847
255752411956
255742126898
255764421889
255769332788
255748434892
255743966214
255765188115
255745345943
255748499430
255748335444
255758982110
255769377945
255758494747
255762186170
255757453322
255769006777
255745986018
255745589468
255747171682
255743353375
255744723541
255755932542
255766167342
255765424437
255756065086
255753122461
255759143135
255766310577
255755403762
255756610003
255755264055
255766101315
255756462369
255753831678
255746708526
255747320122
255759961767
255754058341
255747954519
255745529401
255746154495
255757892514
255762779899
255744820474
255746421170
255769307772
255745466321
255758702500
255762336401
255763969977
255757660281
255742651057
255747880094
255744890094
255768841329
255764051222
255745390004
255767014519
255759370567
255767158306
255759664720
255742625200
255762860729
255746334973
255742318304
255764717130
255752742266
255764764195
255769784728
255742364680
255747059636
255746282721
255753618522
255759627703
255743832970
255744212852
255756813127
255752204700
255752609527
255755714121
255767000342
255759750870
255745718321
255753060371
255758378367
255759010809
255764724936
255743067115
255746462050
255768263417
255766573119
255743989041
255752539342
255768567123
255767631272
255759743110
255746531352
255768178607
255764814265
255764649153
255768993337
255762551625
255745672833
255768410583
255746877374
255762462265
255762460962
255765518082
255769058038
255745894653
255747813289
255747044511
255756951568
255759939954
255764786557
255766915071
255759501411
255747627524
255742072175
255759465697
255762633487
255759282337
255759642788
255743527121
255754668672
255753372279
255743503011
255767864185
255742044374
255758765583
255745697699
255762596882
255742044570
255752004797
255746622403
255756427357
255747310681
255747580479
255766228381
255744293479
255744611267
255758243568
255755161313
255744962181
255744557254
255744624156
255743475240
255742183037
255745099221
255752261512
255756383966
255742152568
255753746785
255766284513
255765981607
255756299628
255743627566
255758454836
255764690298
255766746552
255743904553
255765871764
255755895559
255742142541
255759640585
255753191280
255747543627
255746991067
255742090477
255758650294
255758684180
255755277206
255745622005
255769015816
255748570203
255758610500
255768153340
255755155229
255752734517
255746946302
255759785497
255755291901
255744846400
255752269600
255758645357
255757225974
255767227712
255768206799
255752715867
255758213945
255764345870
255752498496
255764457145
255742799665
255742066710
255746601243
255748063046
255762508181
255742800456
255765344638
255767310820
255768928620
255758522866
255763486229
255755846492
255767922325
255768384736
255754559969
255743006688
255743313983
255757805822
255756988735
255758389859
255769580286
255768934245
255769378118
255742512266
255756783955
255756875931
255764402290
255745745017
255762393929
255756538681
255763565086
255756919830
255757259090
255768080218
255763860393
255743551546
255746136656
255766194656
255746365860
255769046343
255747771575
255764008160
255753830088
255759757682
255758554268
255765445184
255752692221
255754052658
255754262332
255746853190
255758110429
255759742489
255745760257
255745203491
255765426844
255767898597
255743039344
255755041915
255755486652
255759767516
255748729856
255743625633
255748635235
255745675638
255759811517
255755842506
255752314306
255744824488
255742547445
255764737078
255742295280
255746370673
255764708293
255758628277
255765169556
255753720419
255753858078
255758055585
255743298488
255743396401
255755464377
255765812844
255747188569
255745604547
255767481022
255766248259
255747399312
255769416364
255748747146
255766527795
255764210635
255746487953
255763772747
255763742846
255766713075
255763232188
255768685466
255746402418
255764697568
255755307936
255755963314
255762433326
255766995049
255755688503
255762550669
255763970217
255758068479
255744581966
255746856522
255759103700
255755354558
255764813788
255762838998
255745545196
255743656613
255746678193
255747142351
255744182751
255745093905
255768857394
255769337230
255756926287
255752844690
255764353642
255768129158
255769625880
255745736465
255745058256
255764485291
255744612893
255747370705
255765645784
255765160706
255757869719
255758556931
255757371598
255768556047
255757819619
255769591917
255745495194
255757363087
255768010763
255742744525
255746624373
255765547007
255744991896
255763397125
255742470896
255744328667
255756827561
255766135991
255767148903
255763148915
255766185194
255742348172
255744276226
255752519921
255767395887
255765293565
255743100231
255769877300
255765426753
255762024910
255768843622
255764596211
255767185785
255756219471
255754352308
255759178359
255766103946
255762056630
255763839639
255748322075
255769669189
255762743718
255769928148
255753421046
255754582037
255755925253
255757753955
255767544625
255743935449
255768312994
255747134376
255763935538
255746907579
255767737574
255754084979
255763309063
255756700694
255745144817
255758422720
255743605213
255745932658
255766388910
255762812215
255767715744
255763852596
255746242264
255765964163
255746576278
255766227151
255768452870
255769624019
255764882991
255755969843
255769365953
255752678205
255766525948
255747082980
255768870795
255743654177
255759329633
255762602623
255764570039
255765720780
255746027085
255756779408
255762183698
255769759931
255742845453
255748113182
255766058695
255744997662
255752923438
255759485042
255758543405
255743059768
255744953134
255759840385
255757226780
255748364915
255746798712
255756991525
255757784504
255754047063
255762537394
255748338004
255742889462
255767362043
255747796080
255764570892
255753849950
255762762908
255752309270
255752935523
255748494782
255763472247
255764787575
255769493106
255757589594
255763537407
255763302454
255769883299
255767471729
255743962152
255755929045
255759895451
255747574903
255746389593
255743268022
255768261176
255757302889
255763910603
255755292689
255757070947
255744140632
255766031614
255748386591
255757751960
255745276950
255757631884
255742918124
255745504997
255757957930
255753092707
255747501823
255756811972
255765507858
255742484624
255746622338
255747842994
255765915832
255769416089
255754868322
255755671690
255745569399
255743957610
255744490832
255754781244
255766813703
255756549382
255757611764
255756551614
255746154292
255742318517
255765915605
255764880566
763934672
255742989078
255766355241
255742850872
255767142003
255744609585
255759014708
255759365478
255759172988
255765196418
255742787752
255758057123
255759435782
255764349492
255748710530
255766245726
255754484002
255769138900
255767880252
255743633699
255746354999
255769372019
255744713574
255744318115
255767810489
255742472659
255745409335
255758120831
255768208419
255766847491
255767558287
255759421355
255742128233
255746655639
255744749933
255769771167
255758099106
255744075266
255746540378
255758160823
255762353052
255744694425
255759608664
255743215779
255756679318
255766310235
255745208873
255764893584
255747458965
255756323421
255745980513
255755472139
255767137509
255763292101
255747175716
255767047089
255759530846
255766287496
255759843929
255758232322
255767456445
255765033941
255745838107
255743599812
255762241169
255743842598
255744071855
255765761541
255765565018
255746320166
255752796729
255755638002
255744850867
255755677195
255766195377
255752217986
255748626662
255765898167
255757258972
255743747105
255765533504
255752393396
255764979968
255767424826
255745242311
255745982142
255759495583
255758765922
255752002116
255768954701
255746471084
255743141364
255754045489
255747089621
255748331400
255743894142
255746240828
255759642649
255759058633
255745266022
255746402028
255765259776
255762537424
255753457872
255744913866
255764581173
255752195839
255762054163
255767952996
255743880194
255745913226
255758605495
255762984744
255748009543
255762183253
255746739243
255762565225
255768000835
255742304589
255742232573
255769593570
255766015631
255752055034
255742150715
255767573052
255756366583
255762778163
255746697533
255758563071
255745030227
255753350447
255763110644
255759558294
255742989915
255748138393
255743896523
255744465219
255746299812
255763562911
255758426791
255762795892
255763981647
255769009269
255753356856
255753908987
255755830848
255744436533
255746524574
255768010217
255745870099
255769446141
255763395830
255753548803
255752097624
255766409882
255756063049
255768349550
255767845459
255744175876
255745062296
255763194008
255766894732
255752601161
255763142153
255765881838
255765094097
255745277173
255764072145
255767279218
255746562583
255752847489
255755559430
255752347847
255745033887
255764396336
255755932487
255744799889
255757852529
255745176938
255768280614
255752818263
255744501918
255757764134
255764735081
255742124819
255744783180
255757085492
255757901455
255745161974
255765997449
255769443650
255767237819
255765272321
255752085975
255756898222
255748728164
255769457514
255753490379
255744278208
255746808799
255765813864
255764244312
255758307611
255767525100
255766124031
255757059500
255746206289
255767142397
255743011491
255752337993
255755726187
255753736083
255766362812
255752147706
255767236943
255742067656
255757574166
255758775634
255759885699
255744940306
255763033457
255746228989
255745116265
255746213838
255767755688
255763834871
255766682138
255742621388
255764869072
255764954309
255745310983
255744671477
255748180051
255766975357
255766278003
255743359036
255746418050
255746313238
255763354436
255759651346
255752022537
255762882847
255743542997
255756894686
255747228111
255767378602
255766273635
255764477187
255762613765
255768821058
255743613941
255753796799
255743668603
255746809290
255767022112
255746418921
255762095025
255764486751
255764082607
255754656127
255759715420
255768527698
255764436651
255755175906
255743097839
255747065158
255753597124
255763596256
255744456202
255757942926
255759691378
255745549848
255744789302
255755904731
255753235799
255763523565
255745369510
255748639653
255745425257
255753606981
255748743454
255767611459
255744105308
255762109810
255755727546
255743849691
255765723196
255744894313
255747335041
255755229470
255769311594
255743211845
255752865450
255756510458
255742661852
255754918038
255743988410
255759565248
255747609801
255757999195
255769137845
255766545493
255763135275
255744638974
255754512077
255758287136
255763971720
255768828459
255762143585
255752693798
255762363210
255766380185
255764854081
255762173985
255743157538
255758990786
255769564406
255756631801
255743372680
255742071213
255768176408
255769634562
255767817804
255742751581
255759989941
255744307601
255767922364
255758568551
255755011966
255766274674
255748615009
255769931901
255767779096
255757263304
255744457582
255762852874
255742054300
255763942082
255758003533
255745244625
255746187025
255762121726
255758108658
255758758870
255764820162
255744385972
255763152123
255769597549
255742078848
255745691784
255742313387
255748769740
255762006517
255768126721
255766593152
255768810667
255768351789
255752845009
255758296261
255743100563
255766586660
255762061191
255746316762
255743485579
255767805045
255765134657
255746661522
255748326474
255747461812
255753483994
255748116729
255759781085
255768784051
255768608471
255743035126
255746605022
255752140771
255748027279
255743097571
255748449717
255747840434
255758417214
255768481422
255762085383
255759514474
255744873560
255746804060
255768654167
255769498715
255742037469
255764685025
255768490989
255752361070
255748202480
255769017234
255768136659
255767064408
255746525323
255769738235
255768417290
255762061009
255742545708
255762738603
255756807700
255768360412
255748464462
255742018413
255757161350
255765300116
255758145829
255758221432
255765339320
255766786739
255748638913
255744357584
255753370311
255765457709
255758891977
255744948068
255764970555
255753055653
255756537345
255763736160
255758159217
255758732349
255759057770
255766124748
255748075744
255754260648
255762218987
255742376889
255766333215
255757767245
255746203244
255763591452
255743956280
255763213284
255742949853
255769572651
255743231309
255769971320
255743712249
255764414005
255748728559
255762999789
255744507573
255747364229
255743748459
255763462806
255752759232
255763098624
255759178973
255762203344
255758024576
255743651542
255762364254
255767527047
255746907712
255758468770
255758898251
255757615854
255754339706
255752655124
255744775189
255744453350
255744222699
255762550632
255742223118
255762866167
255764423911
255765055105
255758370968
255766806700
255756605632
255769008266
255745599873
255768643919
255748013566
255748494622
255767070728
255768832786
255752181713
255742003192
255755684511
255752761977
255755088184
255743254150
255756926122
255765255101
255754607241
255769693102
255755099755
255767923487
255764785094
255767740989
255767503619
255743324576
255744787397
255758697171
255757914028
255754979139
255755924311
255755759613
255757513228
255745280978
255742407558
255766892960
255758059744
255757218445
255755118672
255759238945
255765830416
255757479852
255746785615
255744911032
255746088775
255768353667
255764695046
255758979580
255755551076
255746653165
255763746019
255758659764
255757214520
255746718145
255767884505
255745576629
255742796590
255769477622
255753817804
255769559173
255748193688
255765658184
255752167600
255747832517
255757183122
255764877103
255764848121
255759460443
255748365304
255746044379
255746441942
255769966102
255746662426
255746853323
255758568851
255743134154
255759011319
255763779534
255769230226
255744381220
255764042216
255754015483
255743392969
255758312431
255765785454
255759018760
255744404326
255764314721
255747789248
255765271609
255742436484
255763787245
255765863719
255742240229
255762608310
255765168539
255745895209
255759331625
255745127356
255759940810
255763413977
255767319846
255743121608
255742118032
255746966709
255759188456
255765258414
255767068507
255759411843
255742369343
255746720491
255758574448
255746934175
255762295208
255746064560
255762952014
255758715537
255757069608
255764453389
255768077842
255764949832
255745183974
255764205453
255743623026
255742632616
255748691261
255768752061
255768046549
255744433976
255743300369
255759990953
255767285735
255742960799
255742170049
255765168009
255767854033
255765508756
255758646602
255762599985
255762727549
255743046238
255764802241
255755213828
255743187069
255743890290
255756946873
255763302730
255763912391
255756181276
255756167768
255756702861
255742841579
255765936060
255766743600
255746178027
255747005948
255753437023
255762775044
255769620408
255757678061
255746242553
255756364971
255765293924
255754599131
255756709406
255765291620
255742004365
255755268021
255747292688
255768241479
255746461479
255748016880
255765715791
255753717372
255759923615
255756332848
255764715761
255752951364
255767667879
255756926506
255764775380
255747487334
255753832100
255755268390
255762909971
255757335320
255748764552
255747169401
255754446643
255758464498
255759404146
255755640773
255764278359
255753636019
255744142883
255754816259
255747187247
255764673194
255769567735
255753966721
255767972979
255743411832
255753686916
255762581153
255747938388
255752350481
255746502621
255747624829
255757081728
255763896323
255767192856
255744871225
255746001108
255744775713
255757674232
255766197521
255744975647
255765832088
255752169527
255759606586
255744732137
255767445512
255748083157
255768303642
255744973587
255746631732
255748716591
255756581245
255765086862
255762394521
255747058078
255743110358
255767772447
255759701224
255755802628
255748456446
255742989169
255756002304
255762367601
255764290163
255745361807
255758623755
255748377289
255746469792
255758315013
255757503891
255752219919
255742427192
255767074783
255769060313
255763256539
255752218412
255757108211
255763455536
255743050197
255745095679
255762450152
255747702459
255764372655
255764261663
255754298526
255742338698
255756968806
255769456484
255753530171
255742834459
255745353267
255769371545
255742847022
255769714203
255762545724
255742263395
255743249119
255755467089
255748288440
255755051838
255764565596
255742554951
255769058509
255768851640
255769852110
255768403792
255759693588
255768493852
255756418273
255744664546
255757274493
255767489482
255762626881
255752967353
255756956198
255757212831
255763221318
255742940311
255759668710
255756163360
255744533055
255758265679
255747260488
255762113272
255744676568
255742059943
255755089300
255747045456
255746716272
255758168845
255746906136
255764408276
255743046991
255768166230
255742150571
255743474691
255752627408
255758699236
255765304566
255745398361
255757080782
255757719739
255744242805
255767169133
255764085719
255768177904
255754938576
255766323693
255758160135
255747961666
255742148392
255745359063
255746708214
255746296152
255752897587
255765930499
255752994390
255769746807
255759552951
255768746475
255746536778
255742617884
255744947922
255765559491
255765450660
255753532639
255757224856
255759541650
255757061269
255753886933
255769655312
255742931715
255765044731
255745965532
255766808986
255765346869
255752871147
255745217555
255753162595
255759095956
255744068394
255753130787
255763575226
255752624851
255757925293
255759169655
255764457369
255746078816
255747437001
255748104140
255747137441
255762279450
255743242277
255754624514
255753915979
255769826366
255763723931
255742215134
255757614813
255755407366
255744264745
255743697228
255765865226
255769599845
255757834121
255765522587
255766306836
255745776342
255758414631
255746761530
255762842220
255742007432
255763407188
255758454175
255754441434
255757348975
255762976802
255758741381
255767517208
255753214167
255763123292
255744873896
255766968746
255744744413
255763778081
255762163286
255759178005
255769201305
255746227012
255742217207
255756378080
255769903427
255759644150
255766024390
255769238859
255769273091
255766230506
255747262507
255758222306
255744023385
255759630516
255766995444
255744855025
255744003885
255766971491
255757714017
255748113592
255769602566
255742980977
255753828298
255764693894
255762203673
255742742047
255747054571
255759115658
255769453293
255769773166
255746234648
255754064763
255747729601
255765408251
255758480476
255743203569
255763453340
255744507629
255768468353
255743621119
255748262622
255763786823
255753058624
255763004038
255769484927
255765728264
255765617439
255746168374
255754592983
255765137078
255746368156
255754809251
255746430791
255744693475
255757519728
255759689296
255762839821
255743639980
255768483648
255762593576
255757784792
255766854883
255746373525
255758068647
255747624051
255758734314
255764696686
255747757580
255755370496
255758334590
255744709288
255764953435
255756579765
255766609699
255742230305
255748683693
255744483149
255745633158
255763501180
255755288569
255763303754
255768305547
255764365593
255766037219
255746927203
255744969251
255759979598
255746725201
255743620297
255747983118
255763967710
255765760566
255767614952
255756334014
255763402398
255753643291
255748382913
255759266301
255758577550
255755530671
255759356644
255762092883
255759362277
255769134785
255754663516
255754350344
255765641588
255744854850
255745795140
255759691130
255768780177
255747565721
255746010483
255748081619
255763270254
255758357887
255767553394
255769306794
255744600528
255759543385
255767723477
255765383636
255763587097
255744872483
255769777114
255744877096
255747039155
255756390258
255759034832
255748149353
255747100487
255743913878
255764760819
255764338759
255742071759
255744397598
255766536956
255763874096
255764417903
255766960614
255752614368
255765799484
255758226083
255742357525
255752580847
255766820590
255752070562
255768397276
255745590790
255758492101
255746734947
255758442309
255745207947
255748217948
255757205442
255745809696
255747603607
255742346179
255759562415
255753634376
255758664274
255754319826
255766025485
255759611468
255753457507
255769190202
255759926997
255748603719
255753496502
255746543365
255768615364
255755246879
255748181672
255743121972
255759869412
255768275260
255757001688
255769163199
255759861147
255744306773
255747622204
255756955110
255757401866
255754565538
255764684178
255748081346
255769488811
255742262076
255753255926
255757757407
255759989083
255743748006
255759097955
255747017226
255757913554
255745768422
255762142342
255768615871
255753170070
255742141025
255744935307
255766753951
255765599239
255752990329
255745499947
255765179784
255767896746
255748338170
255766066133
255764096311
255747220655
255748106766
255766668132
255765529481
255743289275
255744478959
255753780982
255744573631
255747583536
255762860564
255744448355
255768303828
255752669998
255753031639
255768505915
255769439610
255766048996
255765275021
255746925276
255765426873
255743200963
255768852121
255765074926
255759892235
255747642713
255746110986
255759217861
255757886902
255766291657
255764525038
255756884391
255766359902
255765459664
255762388572
255748411398
255759595307
255752574946
255747005736
255756612972
255762524883
255748113654
255756878994
255757162609
255757462779
255762666121
255759736859
255756300862
255762277171
255748302281
255759848167
255755035084
255753748245
255746063610
255748746042
255745180191
255759393220
255765347792
255756051573
255762851661
255768082647
255753522978
255758690232
255746404685
255766805770
255759853063
255765490739
255742044683
255765567058
255763568022
255762908463
255743957553
255744144157
255753573720
255753543827
255753763439
255759960040
255743055114
255755075859
255757061936
255769533668
255748080152
255759565546
255743020452
255764333813
255756270320
255759594584
255755092212
255756272415
255769276783
255759694782
255746516320
255756014418
255743250248
255767101035
255768198102
255748314334
255759521759
255744015392
255746289391
255765106070
255765673945
255747051724
255768536586
255768524980
255767982724
255748124774
255759223501
255765521890
255746072196
255758434207
255769951263
255753870293
255747364720
255743577120
255765788749
255768046465
255745148628
255745835476
255766033949
255743002556
255747895153
255762235656
255762826338
255755693991
255769509101
255755770123
255742292465
255753883383
255757184756
255762627404
255764847816
255767987846
255762090117
255756379957
255759680801
255763530864
255762878313
255744719800
255758572302
255748463663
255742253803
255768300922
255756640509
255744026783
255764400564
255767843036
255753573286
255752605306
255754988562
255746708864
255767203593
255759784861
255769037001
255742665275
255755749313
255765917127
255756177961
255766789414
255762433382
255767838812
255769675392
255765667411
255762768123
255764057610
255758956181
255764130735
255759796910
255763910438
255766928281
255768167225
255757122358
255758715071
255755725274
255765436691
255765456399
255744735167
255747775963
255764044146
255758666185
255745243463
255742129543
255746166293
255768854023
255765761826
255753916908
255756971126
255762220460
255768804562
255767713489
255743029216
255743075746
255769247848
255746543968
255765377840
255763108898
255759103240
255746648918
255763760657
255745365438
255744996052
255742573891
255763075351
255763140628
255748366870
255747790230
255754959463
255757758797
255767524552
255756416692
255769957559
255758032833
255745094699
255764959083
255743331748
255744231402
255746356523
255756597579
255747918772
255748650897
255756788173
255746797112
255744833200
255753505176
255747303662
255757224311
255762887779
255768952916
255756891321
255762056740
255743468444
255759130266
255764945460
255768148111
255748630244
255743631735
255763910875
255768095111
255743358387
255765692823
255769772385
255769092276
255759956925
255752146254
255746746522
255754742493
255759986327
255744214316
255752714761
255767368216
255755969907
255747196338
255763464761
255756035061
255743876689
255767447229
255767141101
255742301663
255744796233
255769265103
255754090299
255754814705
255757021004
255759643241
255744483206
255752556045
255752902926
255767971149
255762801907
255752067607
255759863782
255763927291
255768297483
255759428465
255762322853
255744621277
255756863205
255743895415
255766095223
255743727201
255753541667
255759908019
255765686252
255758527638
255745646612
255759217194
255757075412
255768661373
255754085915
255767918463
255764928463
255742464679
255753416240
255755981385
255766228101
255743975820
255743613643
255757761524
255757491875
255767940998
255754451075
255748286605
255762613802
255765158502
255743553871
255769017149
255762289573
255764745461
255757989347
255757263448
255767275086
255762683081
255747140946
255758734615
255742952971
255765883910
255757765866
255763991250
255766944817
255756036222
255756473432
255767279009
255758795161
255763824330
255769287467
255746368712
255755272212
255758686238
255763741872
255756540260
255745227322
255746218150
255765334016
255769170453
255743555288
255752612410
255763512100
255768117934
255747243440
255762216052
255766761891
255768476237
255755024158
255748314404
255763026217
255767916683
255768198163
255768056815
255745692741
255746380165
255743840208
255744439923
255755865001
255744106055
255754263207
255764941369
255742556032
255753982832
255758356399
255768137696
255755734342
255745620865
255757111357
255755403992
255762349037
255748237716
255742466305
255769405712
255747037052
255744097353
255765507894
255762476696
255766518698
255756831339
255745733366
255747087353
255757313315
255764788266
255746058825
255762397982
255755896381
255762397484
255755635490
255756002936
255766542026
255766524314
255752748242
255769760031
255766228181
255763339121
255763741776
255767089474
255747096461
255758487294
255767204579
255743616373
255763389524
255765824676
255762924456
255755246015
255742590250
255742151940
255763381452
255742610939
255762107088
255753479267
255746207883
255757483915
255762320754
255764633191
